id,status,kind,path
2203.01765,done,tex,/home/hex/tayf/research/papers/tmp/src/2203.01765
2201.11795,done,tex,/home/hex/tayf/research/papers/tmp/src/2201.11795
2203.12467,done,tex,/home/hex/tayf/research/papers/tmp/src/2203.12467
2201.03319,done,tex,/home/hex/tayf/research/papers/tmp/src/2201.03319
2202.04147,done,tex,/home/hex/tayf/research/papers/tmp/src/2202.04147
2203.02202,done,tex,/home/hex/tayf/research/papers/tmp/src/2203.02202
2203.04963,done,tex,/home/hex/tayf/research/papers/tmp/src/2203.04963
2202.00719,done,tex,/home/hex/tayf/research/papers/tmp/src/2202.00719
2202.06533,done,tex,/home/hex/tayf/research/papers/tmp/src/2202.06533
2201.08266,error,,
2201.09658,error,,
2202.00198,done,tex,/home/hex/tayf/research/papers/tmp/src/2202.00198
2203.03553,done,tex,/home/hex/tayf/research/papers/tmp/src/2203.03553
2202.08650,done,tex,/home/hex/tayf/research/papers/tmp/src/2202.08650
2204.05043,done,tex,/home/hex/tayf/research/papers/tmp/src/2204.05043
2202.02527,done,tex,/home/hex/tayf/research/papers/tmp/src/2202.02527
2204.00884,done,tex,/home/hex/tayf/research/papers/tmp/src/2204.00884
2202.11138,done,tex,/home/hex/tayf/research/papers/tmp/src/2202.11138
2204.09055,done,tex,/home/hex/tayf/research/papers/tmp/src/2204.09055
2203.05822,done,tex,/home/hex/tayf/research/papers/tmp/src/2203.05822
2201.07785,done,tex,/home/hex/tayf/research/papers/tmp/src/2201.07785
2203.16357,done,tex,/home/hex/tayf/research/papers/tmp/src/2203.16357
2202.10572,done,tex,/home/hex/tayf/research/papers/tmp/src/2202.10572
2204.10587,done,tex,/home/hex/tayf/research/papers/tmp/src/2204.10587
2203.06784,done,tex,/home/hex/tayf/research/papers/tmp/src/2203.06784
2202.13668,done,pdf,/home/hex/tayf/research/papers/tmp/txt/2202.13668.txt
2203.05890,done,tex,/home/hex/tayf/research/papers/tmp/src/2203.05890
2203.09208,done,tex,/home/hex/tayf/research/papers/tmp/src/2203.09208
2204.04005,done,pdf,/home/hex/tayf/research/papers/tmp/txt/2204.04005.txt
2202.01597,done,tex,/home/hex/tayf/research/papers/tmp/src/2202.01597
2202.07873,done,pdf,/home/hex/tayf/research/papers/tmp/txt/2202.07873.txt
2202.07513,done,tex,/home/hex/tayf/research/papers/tmp/src/2202.07513
2202.10837,done,pdf,/home/hex/tayf/research/papers/tmp/txt/2202.10837.txt
2202.09081,done,tex,/home/hex/tayf/research/papers/tmp/src/2202.09081
2204.06913,done,tex,/home/hex/tayf/research/papers/tmp/src/2204.06913
2203.07332,done,pdf,/home/hex/tayf/research/papers/tmp/txt/2203.07332.txt
2204.09724,done,tex,/home/hex/tayf/research/papers/tmp/src/2204.09724
2205.06511,done,tex,/home/hex/tayf/research/papers/tmp/src/2205.06511
2202.04365,done,tex,/home/hex/tayf/research/papers/tmp/src/2202.04365
2201.09347,done,pdf,/home/hex/tayf/research/papers/tmp/txt/2201.09347.txt
2203.08875,done,tex,/home/hex/tayf/research/papers/tmp/src/2203.08875
2205.10501,done,tex,/home/hex/tayf/research/papers/tmp/src/2205.10501
2201.10912,done,pdf,/home/hex/tayf/research/papers/tmp/txt/2201.10912.txt
2206.03468,done,tex,/home/hex/tayf/research/papers/tmp/src/2206.03468
2203.16603,done,pdf,/home/hex/tayf/research/papers/tmp/txt/2203.16603.txt
2203.13467,done,tex,/home/hex/tayf/research/papers/tmp/src/2203.13467
2205.05144,done,tex,/home/hex/tayf/research/papers/tmp/src/2205.05144
2204.01023,done,tex,/home/hex/tayf/research/papers/tmp/src/2204.01023
2205.15941,done,tex,/home/hex/tayf/research/papers/tmp/src/2205.15941
2202.07801,done,tex,/home/hex/tayf/research/papers/tmp/src/2202.07801
2202.00172,done,tex,/home/hex/tayf/research/papers/tmp/src/2202.00172
2204.08965,done,tex,/home/hex/tayf/research/papers/tmp/src/2204.08965
2205.07062,done,tex,/home/hex/tayf/research/papers/tmp/src/2205.07062
2206.10083,done,tex,/home/hex/tayf/research/papers/tmp/src/2206.10083
2206.05433,done,tex,/home/hex/tayf/research/papers/tmp/src/2206.05433
2206.12232,done,tex,/home/hex/tayf/research/papers/tmp/src/2206.12232
2205.05823,done,pdf,/home/hex/tayf/research/papers/tmp/txt/2205.05823.txt
2206.11599,done,tex,/home/hex/tayf/research/papers/tmp/src/2206.11599
2206.13356,done,tex,/home/hex/tayf/research/papers/tmp/src/2206.13356
2206.02221,done,pdf,/home/hex/tayf/research/papers/tmp/txt/2206.02221.txt
2207.04825,done,tex,/home/hex/tayf/research/papers/tmp/src/2207.04825
2206.07859,done,pdf,/home/hex/tayf/research/papers/tmp/txt/2206.07859.txt
2205.06754,done,tex,/home/hex/tayf/research/papers/tmp/src/2205.06754
2204.11409,done,pdf,/home/hex/tayf/research/papers/tmp/txt/2204.11409.txt
2207.11628,done,tex,/home/hex/tayf/research/papers/tmp/src/2207.11628
2204.08966,done,tex,/home/hex/tayf/research/papers/tmp/src/2204.08966
2207.05891,done,tex,/home/hex/tayf/research/papers/tmp/src/2207.05891
2206.07281,done,pdf,/home/hex/tayf/research/papers/tmp/txt/2206.07281.txt
2206.00299,done,tex,/home/hex/tayf/research/papers/tmp/src/2206.00299
2206.07628,done,pdf,/home/hex/tayf/research/papers/tmp/txt/2206.07628.txt
2207.12554,done,tex,/home/hex/tayf/research/papers/tmp/src/2207.12554
2207.09956,done,tex,/home/hex/tayf/research/papers/tmp/src/2207.09956
2208.00422,done,tex,/home/hex/tayf/research/papers/tmp/src/2208.00422
2207.04090,done,tex,/home/hex/tayf/research/papers/tmp/src/2207.04090
2206.04328,done,tex,/home/hex/tayf/research/papers/tmp/src/2206.04328
2203.07925,done,tex,/home/hex/tayf/research/papers/tmp/src/2203.07925
2207.13344,done,pdf,/home/hex/tayf/research/papers/tmp/txt/2207.13344.txt
2207.07370,done,tex,/home/hex/tayf/research/papers/tmp/src/2207.07370
2208.04303,done,tex,/home/hex/tayf/research/papers/tmp/src/2208.04303
2207.13070,done,tex,/home/hex/tayf/research/papers/tmp/src/2207.13070
2207.12746,done,tex,/home/hex/tayf/research/papers/tmp/src/2207.12746
2201.02420,done,tex,/home/hex/tayf/research/papers/tmp/src/2201.02420
2208.05010,done,tex,/home/hex/tayf/research/papers/tmp/src/2208.05010
2207.14168,done,tex,/home/hex/tayf/research/papers/tmp/src/2207.14168
2206.05889,done,tex,/home/hex/tayf/research/papers/tmp/src/2206.05889
2208.00836,done,tex,/home/hex/tayf/research/papers/tmp/src/2208.00836
2205.01135,done,tex,/home/hex/tayf/research/papers/tmp/src/2205.01135
2208.12573,done,tex,/home/hex/tayf/research/papers/tmp/src/2208.12573
2207.13530,done,tex,/home/hex/tayf/research/papers/tmp/src/2207.13530
2204.09997,done,tex,/home/hex/tayf/research/papers/tmp/src/2204.09997
2208.03049,done,tex,/home/hex/tayf/research/papers/tmp/src/2208.03049
2208.14836,done,pdf,/home/hex/tayf/research/papers/tmp/txt/2208.14836.txt
2209.01355,done,tex,/home/hex/tayf/research/papers/tmp/src/2209.01355
2208.13596,done,tex,/home/hex/tayf/research/papers/tmp/src/2208.13596
2209.00054,done,tex,/home/hex/tayf/research/papers/tmp/src/2209.00054
2208.02716,done,pdf,/home/hex/tayf/research/papers/tmp/txt/2208.02716.txt
2204.12022,done,tex,/home/hex/tayf/research/papers/tmp/src/2204.12022
2206.13613,done,tex,/home/hex/tayf/research/papers/tmp/src/2206.13613
2204.10985,done,tex,/home/hex/tayf/research/papers/tmp/src/2204.10985
2207.14524,done,tex,/home/hex/tayf/research/papers/tmp/src/2207.14524
2205.03587,done,tex,/home/hex/tayf/research/papers/tmp/src/2205.03587
2209.03177,done,tex,/home/hex/tayf/research/papers/tmp/src/2209.03177
2209.02574,done,tex,/home/hex/tayf/research/papers/tmp/src/2209.02574
2208.08061,done,pdf,/home/hex/tayf/research/papers/tmp/txt/2208.08061.txt
2208.07639,done,tex,/home/hex/tayf/research/papers/tmp/src/2208.07639
2209.10211,done,tex,/home/hex/tayf/research/papers/tmp/src/2209.10211
2209.03353,done,tex,/home/hex/tayf/research/papers/tmp/src/2209.03353
2209.10266,done,tex,/home/hex/tayf/research/papers/tmp/src/2209.10266
2204.13952,done,tex,/home/hex/tayf/research/papers/tmp/src/2204.13952
2203.16407,done,tex,/home/hex/tayf/research/papers/tmp/src/2203.16407
2209.06269,done,tex,/home/hex/tayf/research/papers/tmp/src/2209.06269
2209.10353,done,tex,/home/hex/tayf/research/papers/tmp/src/2209.10353
2202.13209,done,tex,/home/hex/tayf/research/papers/tmp/src/2202.13209
2210.00618,done,tex,/home/hex/tayf/research/papers/tmp/src/2210.00618
2209.15180,done,tex,/home/hex/tayf/research/papers/tmp/src/2209.15180
2201.07432,done,pdf,/home/hex/tayf/research/papers/tmp/txt/2201.07432.txt
2209.15405,done,tex,/home/hex/tayf/research/papers/tmp/src/2209.15405
2209.04401,done,tex,/home/hex/tayf/research/papers/tmp/src/2209.04401
2209.07232,done,tex,/home/hex/tayf/research/papers/tmp/src/2209.07232
2209.02226,done,tex,/home/hex/tayf/research/papers/tmp/src/2209.02226
2209.09408,done,tex,/home/hex/tayf/research/papers/tmp/src/2209.09408
2209.11694,done,tex,/home/hex/tayf/research/papers/tmp/src/2209.11694
2204.07790,done,tex,/home/hex/tayf/research/papers/tmp/src/2204.07790
2201.00742,done,pdf,/home/hex/tayf/research/papers/tmp/txt/2201.00742.txt
2210.06478,done,tex,/home/hex/tayf/research/papers/tmp/src/2210.06478
2209.05054,done,tex,/home/hex/tayf/research/papers/tmp/src/2209.05054
2205.03599,done,tex,/home/hex/tayf/research/papers/tmp/src/2205.03599
2208.03754,done,tex,/home/hex/tayf/research/papers/tmp/src/2208.03754
2210.14308,done,tex,/home/hex/tayf/research/papers/tmp/src/2210.14308
2210.11483,done,tex,/home/hex/tayf/research/papers/tmp/src/2210.11483
2210.08262,done,tex,/home/hex/tayf/research/papers/tmp/src/2210.08262
2210.07462,done,pdf,/home/hex/tayf/research/papers/tmp/txt/2210.07462.txt
2210.16741,done,tex,/home/hex/tayf/research/papers/tmp/src/2210.16741
2209.05771,done,tex,/home/hex/tayf/research/papers/tmp/src/2209.05771
2209.09244,done,tex,/home/hex/tayf/research/papers/tmp/src/2209.09244
2211.01885,done,tex,/home/hex/tayf/research/papers/tmp/src/2211.01885
2211.02854,done,tex,/home/hex/tayf/research/papers/tmp/src/2211.02854
2210.02100,done,tex,/home/hex/tayf/research/papers/tmp/src/2210.02100
2211.00645,done,pdf,/home/hex/tayf/research/papers/tmp/txt/2211.00645.txt
2210.13292,done,tex,/home/hex/tayf/research/papers/tmp/src/2210.13292
2211.04535,done,tex,/home/hex/tayf/research/papers/tmp/src/2211.04535
2202.13862,done,tex,/home/hex/tayf/research/papers/tmp/src/2202.13862
2210.14000,done,pdf,/home/hex/tayf/research/papers/tmp/txt/2210.14000.txt
2211.05962,done,pdf,/home/hex/tayf/research/papers/tmp/txt/2211.05962.txt
2209.08276,done,tex,/home/hex/tayf/research/papers/tmp/src/2209.08276
2211.08428,done,tex,/home/hex/tayf/research/papers/tmp/src/2211.08428
2211.10311,done,tex,/home/hex/tayf/research/papers/tmp/src/2211.10311
2201.03481,done,tex,/home/hex/tayf/research/papers/tmp/src/2201.03481
2210.05339,done,pdf,/home/hex/tayf/research/papers/tmp/txt/2210.05339.txt
2211.01472,done,tex,/home/hex/tayf/research/papers/tmp/src/2211.01472
2211.10646,done,tex,/home/hex/tayf/research/papers/tmp/src/2211.10646
2212.01185,done,tex,/home/hex/tayf/research/papers/tmp/src/2212.01185
2203.06411,done,pdf,/home/hex/tayf/research/papers/tmp/txt/2203.06411.txt
2211.03792,done,tex,/home/hex/tayf/research/papers/tmp/src/2211.03792
2212.05466,done,pdf,/home/hex/tayf/research/papers/tmp/txt/2212.05466.txt
2211.06725,done,tex,/home/hex/tayf/research/papers/tmp/src/2211.06725
2211.07273,done,tex,/home/hex/tayf/research/papers/tmp/src/2211.07273
2212.06506,error,,
2212.05589,done,tex,/home/hex/tayf/research/papers/tmp/src/2212.05589
2211.10916,done,tex,/home/hex/tayf/research/papers/tmp/src/2211.10916
2212.10897,done,tex,/home/hex/tayf/research/papers/tmp/src/2212.10897
2203.08450,done,tex,/home/hex/tayf/research/papers/tmp/src/2203.08450
2204.10151,done,tex,/home/hex/tayf/research/papers/tmp/src/2204.10151
2203.01978,done,tex,/home/hex/tayf/research/papers/tmp/src/2203.01978
2212.02672,done,tex,/home/hex/tayf/research/papers/tmp/src/2212.02672
2211.15950,done,tex,/home/hex/tayf/research/papers/tmp/src/2211.15950
2212.12428,done,tex,/home/hex/tayf/research/papers/tmp/src/2212.12428
2301.01009,done,tex,/home/hex/tayf/research/papers/tmp/src/2301.01009
2212.13824,done,tex,/home/hex/tayf/research/papers/tmp/src/2212.13824
2301.00706,done,pdf,/home/hex/tayf/research/papers/tmp/txt/2301.00706.txt
2204.04059,done,tex,/home/hex/tayf/research/papers/tmp/src/2204.04059
2301.00245,done,pdf,/home/hex/tayf/research/papers/tmp/txt/2301.00245.txt
2202.01932,done,tex,/home/hex/tayf/research/papers/tmp/src/2202.01932
2301.00308,done,tex,/home/hex/tayf/research/papers/tmp/src/2301.00308
2301.04458,done,tex,/home/hex/tayf/research/papers/tmp/src/2301.04458
2210.12535,done,tex,/home/hex/tayf/research/papers/tmp/src/2210.12535
2301.04651,done,tex,/home/hex/tayf/research/papers/tmp/src/2301.04651
2301.01290,done,tex,/home/hex/tayf/research/papers/tmp/src/2301.01290
2204.10302,done,tex,/home/hex/tayf/research/papers/tmp/src/2204.10302
2301.09776,done,tex,/home/hex/tayf/research/papers/tmp/src/2301.09776
2212.10674,done,tex,/home/hex/tayf/research/papers/tmp/src/2212.10674
2301.09799,done,tex,/home/hex/tayf/research/papers/tmp/src/2301.09799
2201.02693,done,tex,/home/hex/tayf/research/papers/tmp/src/2201.02693
2206.12186,done,tex,/home/hex/tayf/research/papers/tmp/src/2206.12186
2301.09277,done,pdf,/home/hex/tayf/research/papers/tmp/txt/2301.09277.txt
2211.14859,done,pdf,/home/hex/tayf/research/papers/tmp/txt/2211.14859.txt
2301.12165,done,tex,/home/hex/tayf/research/papers/tmp/src/2301.12165
2210.07425,done,pdf,/home/hex/tayf/research/papers/tmp/txt/2210.07425.txt
2211.00918,done,tex,/home/hex/tayf/research/papers/tmp/src/2211.00918
2301.10185,done,pdf,/home/hex/tayf/research/papers/tmp/txt/2301.10185.txt
2301.04183,done,tex,/home/hex/tayf/research/papers/tmp/src/2301.04183
2301.06190,done,tex,/home/hex/tayf/research/papers/tmp/src/2301.06190
2302.01011,done,tex,/home/hex/tayf/research/papers/tmp/src/2302.01011
2301.12888,done,pdf,/home/hex/tayf/research/papers/tmp/txt/2301.12888.txt
2302.05648,done,pdf,/home/hex/tayf/research/papers/tmp/txt/2302.05648.txt
2302.06167,done,pdf,/home/hex/tayf/research/papers/tmp/txt/2302.06167.txt
2211.04104,done,tex,/home/hex/tayf/research/papers/tmp/src/2211.04104
2205.07030,done,tex,/home/hex/tayf/research/papers/tmp/src/2205.07030
2302.09263,done,tex,/home/hex/tayf/research/papers/tmp/src/2302.09263
2302.06293,done,tex,/home/hex/tayf/research/papers/tmp/src/2302.06293
2302.08638,done,pdf,/home/hex/tayf/research/papers/tmp/txt/2302.08638.txt
2302.03156,done,tex,/home/hex/tayf/research/papers/tmp/src/2302.03156
2301.06115,done,tex,/home/hex/tayf/research/papers/tmp/src/2301.06115
2301.10455,done,tex,/home/hex/tayf/research/papers/tmp/src/2301.10455
2302.13207,done,tex,/home/hex/tayf/research/papers/tmp/src/2302.13207
2302.06096,done,tex,/home/hex/tayf/research/papers/tmp/src/2302.06096
2212.11017,done,tex,/home/hex/tayf/research/papers/tmp/src/2212.11017
2301.05434,done,tex,/home/hex/tayf/research/papers/tmp/src/2301.05434
2302.13636,done,tex,/home/hex/tayf/research/papers/tmp/src/2302.13636
2204.00832,done,tex,/home/hex/tayf/research/papers/tmp/src/2204.00832
2302.05071,done,tex,/home/hex/tayf/research/papers/tmp/src/2302.05071
2303.05121,done,tex,/home/hex/tayf/research/papers/tmp/src/2303.05121
2303.05132,done,tex,/home/hex/tayf/research/papers/tmp/src/2303.05132
2303.02959,done,tex,/home/hex/tayf/research/papers/tmp/src/2303.02959
2201.12904,done,tex,/home/hex/tayf/research/papers/tmp/src/2201.12904
2209.06950,done,tex,/home/hex/tayf/research/papers/tmp/src/2209.06950
2303.06517,done,tex,/home/hex/tayf/research/papers/tmp/src/2303.06517
2303.06254,done,tex,/home/hex/tayf/research/papers/tmp/src/2303.06254
2303.01674,done,tex,/home/hex/tayf/research/papers/tmp/src/2303.01674
2303.09523,done,tex,/home/hex/tayf/research/papers/tmp/src/2303.09523
2303.06988,done,pdf,/home/hex/tayf/research/papers/tmp/txt/2303.06988.txt
2303.06519,done,tex,/home/hex/tayf/research/papers/tmp/src/2303.06519
2303.05744,done,pdf,/home/hex/tayf/research/papers/tmp/txt/2303.05744.txt
2303.11565,done,tex,/home/hex/tayf/research/papers/tmp/src/2303.11565
2303.02979,done,tex,/home/hex/tayf/research/papers/tmp/src/2303.02979
2212.10507,done,tex,/home/hex/tayf/research/papers/tmp/src/2212.10507
2303.11857,done,tex,/home/hex/tayf/research/papers/tmp/src/2303.11857
2303.11473,done,tex,/home/hex/tayf/research/papers/tmp/src/2303.11473
2303.09112,done,tex,/home/hex/tayf/research/papers/tmp/src/2303.09112
2302.13560,done,tex,/home/hex/tayf/research/papers/tmp/src/2302.13560
2206.13419,done,tex,/home/hex/tayf/research/papers/tmp/src/2206.13419
2303.12917,done,tex,/home/hex/tayf/research/papers/tmp/src/2303.12917
2301.05489,done,tex,/home/hex/tayf/research/papers/tmp/src/2301.05489
2303.11551,done,tex,/home/hex/tayf/research/papers/tmp/src/2303.11551
2209.12512,done,tex,/home/hex/tayf/research/papers/tmp/src/2209.12512
2303.14978,done,tex,/home/hex/tayf/research/papers/tmp/src/2303.14978
2303.11599,done,tex,/home/hex/tayf/research/papers/tmp/src/2303.11599
2303.14993,done,tex,/home/hex/tayf/research/papers/tmp/src/2303.14993
2209.04448,done,tex,/home/hex/tayf/research/papers/tmp/src/2209.04448
2303.14066,done,pdf,/home/hex/tayf/research/papers/tmp/txt/2303.14066.txt
2303.16163,done,tex,/home/hex/tayf/research/papers/tmp/src/2303.16163
2303.00334,done,tex,/home/hex/tayf/research/papers/tmp/src/2303.00334
2302.13580,done,tex,/home/hex/tayf/research/papers/tmp/src/2302.13580
2304.00548,done,pdf,/home/hex/tayf/research/papers/tmp/txt/2304.00548.txt
2203.14214,done,tex,/home/hex/tayf/research/papers/tmp/src/2203.14214
2210.03513,done,tex,/home/hex/tayf/research/papers/tmp/src/2210.03513
2211.12979,done,tex,/home/hex/tayf/research/papers/tmp/src/2211.12979
2301.09950,done,tex,/home/hex/tayf/research/papers/tmp/src/2301.09950
2304.05623,done,tex,/home/hex/tayf/research/papers/tmp/src/2304.05623
2206.09155,done,tex,/home/hex/tayf/research/papers/tmp/src/2206.09155
2303.15065,done,tex,/home/hex/tayf/research/papers/tmp/src/2303.15065
2304.02713,done,tex,/home/hex/tayf/research/papers/tmp/src/2304.02713
2203.08965,done,pdf,/home/hex/tayf/research/papers/tmp/txt/2203.08965.txt
2304.08634,done,pdf,/home/hex/tayf/research/papers/tmp/txt/2304.08634.txt
2303.05962,done,tex,/home/hex/tayf/research/papers/tmp/src/2303.05962
2203.05127,done,pdf,/home/hex/tayf/research/papers/tmp/txt/2203.05127.txt
2303.05715,done,tex,/home/hex/tayf/research/papers/tmp/src/2303.05715
2304.12852,done,tex,/home/hex/tayf/research/papers/tmp/src/2304.12852
2305.02562,done,tex,/home/hex/tayf/research/papers/tmp/src/2305.02562
2304.01441,done,tex,/home/hex/tayf/research/papers/tmp/src/2304.01441
2204.03947,done,pdf,/home/hex/tayf/research/papers/tmp/txt/2204.03947.txt
2304.12319,done,tex,/home/hex/tayf/research/papers/tmp/src/2304.12319
2304.06244,done,tex,/home/hex/tayf/research/papers/tmp/src/2304.06244
2201.10929,done,pdf,/home/hex/tayf/research/papers/tmp/txt/2201.10929.txt
2302.08899,done,tex,/home/hex/tayf/research/papers/tmp/src/2302.08899
2212.07372,done,tex,/home/hex/tayf/research/papers/tmp/src/2212.07372
2304.08963,done,tex,/home/hex/tayf/research/papers/tmp/src/2304.08963
2305.10000,done,tex,/home/hex/tayf/research/papers/tmp/src/2305.10000
2304.10479,done,pdf,/home/hex/tayf/research/papers/tmp/txt/2304.10479.txt
2304.02690,done,tex,/home/hex/tayf/research/papers/tmp/src/2304.02690
2301.04117,done,tex,/home/hex/tayf/research/papers/tmp/src/2301.04117
2305.10882,done,tex,/home/hex/tayf/research/papers/tmp/src/2305.10882
2305.11399,done,tex,/home/hex/tayf/research/papers/tmp/src/2305.11399
2206.08019,done,tex,/home/hex/tayf/research/papers/tmp/src/2206.08019
2204.11723,done,pdf,/home/hex/tayf/research/papers/tmp/txt/2204.11723.txt
2305.10453,done,tex,/home/hex/tayf/research/papers/tmp/src/2305.10453
2201.01586,done,pdf,/home/hex/tayf/research/papers/tmp/txt/2201.01586.txt
2305.11122,done,tex,/home/hex/tayf/research/papers/tmp/src/2305.11122
2305.02462,done,tex,/home/hex/tayf/research/papers/tmp/src/2305.02462
2305.16211,done,tex,/home/hex/tayf/research/papers/tmp/src/2305.16211
2305.16832,done,pdf,/home/hex/tayf/research/papers/tmp/txt/2305.16832.txt
2305.12423,done,tex,/home/hex/tayf/research/papers/tmp/src/2305.12423
2301.06496,done,pdf,/home/hex/tayf/research/papers/tmp/txt/2301.06496.txt
2305.19170,done,pdf,/home/hex/tayf/research/papers/tmp/txt/2305.19170.txt
2302.11769,done,pdf,/home/hex/tayf/research/papers/tmp/txt/2302.11769.txt
2305.13509,done,tex,/home/hex/tayf/research/papers/tmp/src/2305.13509
2305.19301,done,tex,/home/hex/tayf/research/papers/tmp/src/2305.19301
2305.17125,done,pdf,/home/hex/tayf/research/papers/tmp/txt/2305.17125.txt
2305.18209,done,tex,/home/hex/tayf/research/papers/tmp/src/2305.18209
2212.11278,done,tex,/home/hex/tayf/research/papers/tmp/src/2212.11278
2306.01083,done,pdf,/home/hex/tayf/research/papers/tmp/txt/2306.01083.txt
2208.13056,done,tex,/home/hex/tayf/research/papers/tmp/src/2208.13056
2305.05196,done,tex,/home/hex/tayf/research/papers/tmp/src/2305.05196
2206.10131,done,pdf,/home/hex/tayf/research/papers/tmp/txt/2206.10131.txt
2203.06055,done,pdf,/home/hex/tayf/research/papers/tmp/txt/2203.06055.txt
2306.08730,done,tex,/home/hex/tayf/research/papers/tmp/src/2306.08730
2202.11157,done,pdf,/home/hex/tayf/research/papers/tmp/txt/2202.11157.txt
2304.00640,done,tex,/home/hex/tayf/research/papers/tmp/src/2304.00640
2207.05894,done,pdf,/home/hex/tayf/research/papers/tmp/txt/2207.05894.txt
2306.00548,done,pdf,/home/hex/tayf/research/papers/tmp/txt/2306.00548.txt
2306.14108,done,tex,/home/hex/tayf/research/papers/tmp/src/2306.14108
2306.02288,done,tex,/home/hex/tayf/research/papers/tmp/src/2306.02288
2306.16472,done,tex,/home/hex/tayf/research/papers/tmp/src/2306.16472
2306.08941,done,tex,/home/hex/tayf/research/papers/tmp/src/2306.08941
2306.17580,done,tex,/home/hex/tayf/research/papers/tmp/src/2306.17580
2306.14432,done,tex,/home/hex/tayf/research/papers/tmp/src/2306.14432
2305.07783,done,tex,/home/hex/tayf/research/papers/tmp/src/2305.07783
2210.04188,done,tex,/home/hex/tayf/research/papers/tmp/src/2210.04188
2306.01936,done,tex,/home/hex/tayf/research/papers/tmp/src/2306.01936
2307.03980,error,,
2307.03246,done,tex,/home/hex/tayf/research/papers/tmp/src/2307.03246
2307.02997,done,tex,/home/hex/tayf/research/papers/tmp/src/2307.02997
2307.06091,done,tex,/home/hex/tayf/research/papers/tmp/src/2307.06091
2203.01099,done,pdf,/home/hex/tayf/research/papers/tmp/txt/2203.01099.txt
2303.12809,done,tex,/home/hex/tayf/research/papers/tmp/src/2303.12809
2306.16544,done,tex,/home/hex/tayf/research/papers/tmp/src/2306.16544
2208.02519,done,pdf,/home/hex/tayf/research/papers/tmp/txt/2208.02519.txt
2305.17295,done,tex,/home/hex/tayf/research/papers/tmp/src/2305.17295
2302.10254,done,tex,/home/hex/tayf/research/papers/tmp/src/2302.10254
2307.03273,done,tex,/home/hex/tayf/research/papers/tmp/src/2307.03273
2307.05092,done,tex,/home/hex/tayf/research/papers/tmp/src/2307.05092
2307.07985,done,pdf,/home/hex/tayf/research/papers/tmp/txt/2307.07985.txt
2307.06861,done,tex,/home/hex/tayf/research/papers/tmp/src/2307.06861
2308.00725,done,tex,/home/hex/tayf/research/papers/tmp/src/2308.00725
2308.02620,done,tex,/home/hex/tayf/research/papers/tmp/src/2308.02620
2307.05313,done,tex,/home/hex/tayf/research/papers/tmp/src/2307.05313
2307.06342,done,tex,/home/hex/tayf/research/papers/tmp/src/2307.06342
2303.15221,done,tex,/home/hex/tayf/research/papers/tmp/src/2303.15221
2305.03627,done,tex,/home/hex/tayf/research/papers/tmp/src/2305.03627
2306.15561,done,tex,/home/hex/tayf/research/papers/tmp/src/2306.15561
2308.02782,done,pdf,/home/hex/tayf/research/papers/tmp/txt/2308.02782.txt
2307.08558,done,tex,/home/hex/tayf/research/papers/tmp/src/2307.08558
2308.07139,done,tex,/home/hex/tayf/research/papers/tmp/src/2308.07139
2307.06233,done,tex,/home/hex/tayf/research/papers/tmp/src/2307.06233
2308.01541,done,tex,/home/hex/tayf/research/papers/tmp/src/2308.01541
2304.04106,done,tex,/home/hex/tayf/research/papers/tmp/src/2304.04106
2308.05959,done,tex,/home/hex/tayf/research/papers/tmp/src/2308.05959
2308.06387,done,tex,/home/hex/tayf/research/papers/tmp/src/2308.06387
2308.12566,done,tex,/home/hex/tayf/research/papers/tmp/src/2308.12566
2308.15291,done,tex,/home/hex/tayf/research/papers/tmp/src/2308.15291
2308.08723,done,tex,/home/hex/tayf/research/papers/tmp/src/2308.08723
2204.12684,done,pdf,/home/hex/tayf/research/papers/tmp/txt/2204.12684.txt
2305.19682,done,tex,/home/hex/tayf/research/papers/tmp/src/2305.19682
2305.12232,done,tex,/home/hex/tayf/research/papers/tmp/src/2305.12232
2308.10913,done,tex,/home/hex/tayf/research/papers/tmp/src/2308.10913
2303.12573,done,tex,/home/hex/tayf/research/papers/tmp/src/2303.12573
2307.15421,done,tex,/home/hex/tayf/research/papers/tmp/src/2307.15421
2309.01984,done,tex,/home/hex/tayf/research/papers/tmp/src/2309.01984
2306.15682,done,pdf,/home/hex/tayf/research/papers/tmp/txt/2306.15682.txt
2308.11864,done,tex,/home/hex/tayf/research/papers/tmp/src/2308.11864
2306.12698,done,tex,/home/hex/tayf/research/papers/tmp/src/2306.12698
2309.04549,done,tex,/home/hex/tayf/research/papers/tmp/src/2309.04549
2305.16025,done,tex,/home/hex/tayf/research/papers/tmp/src/2305.16025
2308.16863,done,tex,/home/hex/tayf/research/papers/tmp/src/2308.16863
2307.10741,done,tex,/home/hex/tayf/research/papers/tmp/src/2307.10741
2309.02807,done,tex,/home/hex/tayf/research/papers/tmp/src/2309.02807
2309.07376,done,tex,/home/hex/tayf/research/papers/tmp/src/2309.07376
2309.02574,done,tex,/home/hex/tayf/research/papers/tmp/src/2309.02574
2306.11734,done,tex,/home/hex/tayf/research/papers/tmp/src/2306.11734
2309.15951,done,tex,/home/hex/tayf/research/papers/tmp/src/2309.15951
2303.11287,done,tex,/home/hex/tayf/research/papers/tmp/src/2303.11287
2306.08793,done,tex,/home/hex/tayf/research/papers/tmp/src/2306.08793
2308.12761,done,tex,/home/hex/tayf/research/papers/tmp/src/2308.12761
2306.12031,done,pdf,/home/hex/tayf/research/papers/tmp/txt/2306.12031.txt
2308.16766,done,tex,/home/hex/tayf/research/papers/tmp/src/2308.16766
2309.10799,done,tex,/home/hex/tayf/research/papers/tmp/src/2309.10799
2310.01258,done,tex,/home/hex/tayf/research/papers/tmp/src/2310.01258
2309.09215,done,pdf,/home/hex/tayf/research/papers/tmp/txt/2309.09215.txt
2307.12103,done,pdf,/home/hex/tayf/research/papers/tmp/txt/2307.12103.txt
2309.12805,done,tex,/home/hex/tayf/research/papers/tmp/src/2309.12805
2310.05623,done,tex,/home/hex/tayf/research/papers/tmp/src/2310.05623
2310.03908,done,tex,/home/hex/tayf/research/papers/tmp/src/2310.03908
2305.03542,done,pdf,/home/hex/tayf/research/papers/tmp/txt/2305.03542.txt
2303.13764,done,tex,/home/hex/tayf/research/papers/tmp/src/2303.13764
2310.08068,done,tex,/home/hex/tayf/research/papers/tmp/src/2310.08068
2310.00017,done,tex,/home/hex/tayf/research/papers/tmp/src/2310.00017
2310.13374,done,pdf,/home/hex/tayf/research/papers/tmp/txt/2310.13374.txt
2310.14693,done,tex,/home/hex/tayf/research/papers/tmp/src/2310.14693
2310.12733,done,tex,/home/hex/tayf/research/papers/tmp/src/2310.12733
2309.10791,done,tex,/home/hex/tayf/research/papers/tmp/src/2309.10791
2309.11421,done,tex,/home/hex/tayf/research/papers/tmp/src/2309.11421
2204.11448,done,pdf,/home/hex/tayf/research/papers/tmp/txt/2204.11448.txt
2310.14781,done,tex,/home/hex/tayf/research/papers/tmp/src/2310.14781
2310.17346,done,tex,/home/hex/tayf/research/papers/tmp/src/2310.17346
2310.01939,done,pdf,/home/hex/tayf/research/papers/tmp/txt/2310.01939.txt
2309.02529,done,tex,/home/hex/tayf/research/papers/tmp/src/2309.02529
2310.18173,error,,
2310.19337,done,tex,/home/hex/tayf/research/papers/tmp/src/2310.19337
2309.14587,done,tex,/home/hex/tayf/research/papers/tmp/src/2309.14587
2310.00559,done,tex,/home/hex/tayf/research/papers/tmp/src/2310.00559
2311.00970,done,tex,/home/hex/tayf/research/papers/tmp/src/2311.00970
2309.10784,done,tex,/home/hex/tayf/research/papers/tmp/src/2309.10784
2308.08154,done,tex,/home/hex/tayf/research/papers/tmp/src/2308.08154
2310.17778,done,pdf,/home/hex/tayf/research/papers/tmp/txt/2310.17778.txt
2302.06062,done,pdf,/home/hex/tayf/research/papers/tmp/txt/2302.06062.txt
2305.01611,done,tex,/home/hex/tayf/research/papers/tmp/src/2305.01611
2311.04773,done,tex,/home/hex/tayf/research/papers/tmp/src/2311.04773
2311.06059,done,tex,/home/hex/tayf/research/papers/tmp/src/2311.06059
2311.05187,done,pdf,/home/hex/tayf/research/papers/tmp/txt/2311.05187.txt
2306.12058,done,tex,/home/hex/tayf/research/papers/tmp/src/2306.12058
2307.06277,done,tex,/home/hex/tayf/research/papers/tmp/src/2307.06277
2203.10897,done,pdf,/home/hex/tayf/research/papers/tmp/txt/2203.10897.txt
2310.19179,done,tex,/home/hex/tayf/research/papers/tmp/src/2310.19179
2311.08284,done,tex,/home/hex/tayf/research/papers/tmp/src/2311.08284
2308.07733,done,tex,/home/hex/tayf/research/papers/tmp/src/2308.07733
2311.07157,done,tex,/home/hex/tayf/research/papers/tmp/src/2311.07157
2307.02273,done,tex,/home/hex/tayf/research/papers/tmp/src/2307.02273
2311.06959,done,tex,/home/hex/tayf/research/papers/tmp/src/2311.06959
2311.12153,done,tex,/home/hex/tayf/research/papers/tmp/src/2311.12153
2310.16387,done,tex,/home/hex/tayf/research/papers/tmp/src/2310.16387
2311.13329,done,tex,/home/hex/tayf/research/papers/tmp/src/2311.13329
2311.13616,done,tex,/home/hex/tayf/research/papers/tmp/src/2311.13616
2311.12821,done,tex,/home/hex/tayf/research/papers/tmp/src/2311.12821
2311.13539,done,tex,/home/hex/tayf/research/papers/tmp/src/2311.13539
2311.16200,done,tex,/home/hex/tayf/research/papers/tmp/src/2311.16200
2311.16149,done,tex,/home/hex/tayf/research/papers/tmp/src/2311.16149
2311.17515,done,pdf,/home/hex/tayf/research/papers/tmp/txt/2311.17515.txt
2310.15126,done,pdf,/home/hex/tayf/research/papers/tmp/txt/2310.15126.txt
2311.18103,done,tex,/home/hex/tayf/research/papers/tmp/src/2311.18103
2312.05622,done,tex,/home/hex/tayf/research/papers/tmp/src/2312.05622
2312.04022,done,tex,/home/hex/tayf/research/papers/tmp/src/2312.04022
2208.11150,done,pdf,/home/hex/tayf/research/papers/tmp/txt/2208.11150.txt
2211.05302,done,pdf,/home/hex/tayf/research/papers/tmp/txt/2211.05302.txt
2311.03986,done,tex,/home/hex/tayf/research/papers/tmp/src/2311.03986
2302.04796,done,pdf,/home/hex/tayf/research/papers/tmp/txt/2302.04796.txt
2312.04768,done,pdf,/home/hex/tayf/research/papers/tmp/txt/2312.04768.txt
2312.10567,done,tex,/home/hex/tayf/research/papers/tmp/src/2312.10567
2311.17496,done,tex,/home/hex/tayf/research/papers/tmp/src/2311.17496
2312.02755,done,pdf,/home/hex/tayf/research/papers/tmp/txt/2312.02755.txt
2312.16987,done,pdf,/home/hex/tayf/research/papers/tmp/txt/2312.16987.txt
2401.01176,done,tex,/home/hex/tayf/research/papers/tmp/src/2401.01176
2208.12361,done,pdf,/home/hex/tayf/research/papers/tmp/txt/2208.12361.txt
2312.07126,done,tex,/home/hex/tayf/research/papers/tmp/src/2312.07126
2312.12317,done,tex,/home/hex/tayf/research/papers/tmp/src/2312.12317
2309.10816,done,tex,/home/hex/tayf/research/papers/tmp/src/2309.10816
2311.16685,done,tex,/home/hex/tayf/research/papers/tmp/src/2311.16685
2311.00082,done,tex,/home/hex/tayf/research/papers/tmp/src/2311.00082
2310.11014,done,tex,/home/hex/tayf/research/papers/tmp/src/2310.11014
2308.08511,done,tex,/home/hex/tayf/research/papers/tmp/src/2308.08511
2211.07793,done,pdf,/home/hex/tayf/research/papers/tmp/txt/2211.07793.txt
2401.13959,done,tex,/home/hex/tayf/research/papers/tmp/src/2401.13959
2401.11582,done,tex,/home/hex/tayf/research/papers/tmp/src/2401.11582
2208.13817,done,pdf,/home/hex/tayf/research/papers/tmp/txt/2208.13817.txt
2401.03623,done,pdf,/home/hex/tayf/research/papers/tmp/txt/2401.03623.txt
2310.08355,done,tex,/home/hex/tayf/research/papers/tmp/src/2310.08355
2312.05097,done,tex,/home/hex/tayf/research/papers/tmp/src/2312.05097
2402.00680,done,tex,/home/hex/tayf/research/papers/tmp/src/2402.00680
2312.09824,done,pdf,/home/hex/tayf/research/papers/tmp/txt/2312.09824.txt
2311.02441,done,tex,/home/hex/tayf/research/papers/tmp/src/2311.02441
2402.01380,done,tex,/home/hex/tayf/research/papers/tmp/src/2402.01380
2312.07695,done,tex,/home/hex/tayf/research/papers/tmp/src/2312.07695
2401.04039,done,tex,/home/hex/tayf/research/papers/tmp/src/2401.04039
2311.11825,done,tex,/home/hex/tayf/research/papers/tmp/src/2311.11825
2312.16065,done,tex,/home/hex/tayf/research/papers/tmp/src/2312.16065
2401.14007,done,tex,/home/hex/tayf/research/papers/tmp/src/2401.14007
2402.08934,done,tex,/home/hex/tayf/research/papers/tmp/src/2402.08934
2402.01153,done,tex,/home/hex/tayf/research/papers/tmp/src/2402.01153
2402.03786,done,pdf,/home/hex/tayf/research/papers/tmp/txt/2402.03786.txt
2306.12572,done,tex,/home/hex/tayf/research/papers/tmp/src/2306.12572
2402.05582,done,pdf,/home/hex/tayf/research/papers/tmp/txt/2402.05582.txt
2402.11680,done,tex,/home/hex/tayf/research/papers/tmp/src/2402.11680
2402.11164,done,pdf,/home/hex/tayf/research/papers/tmp/txt/2402.11164.txt
2401.12642,done,pdf,/home/hex/tayf/research/papers/tmp/txt/2401.12642.txt
2402.11250,done,tex,/home/hex/tayf/research/papers/tmp/src/2402.11250
2308.12535,done,tex,/home/hex/tayf/research/papers/tmp/src/2308.12535
2402.12532,done,tex,/home/hex/tayf/research/papers/tmp/src/2402.12532
2403.02992,done,tex,/home/hex/tayf/research/papers/tmp/src/2403.02992
2401.11902,done,tex,/home/hex/tayf/research/papers/tmp/src/2401.11902
2403.03150,done,tex,/home/hex/tayf/research/papers/tmp/src/2403.03150
2402.02836,done,pdf,/home/hex/tayf/research/papers/tmp/txt/2402.02836.txt
2311.01716,done,tex,/home/hex/tayf/research/papers/tmp/src/2311.01716
2401.12306,done,pdf,/home/hex/tayf/research/papers/tmp/txt/2401.12306.txt
2311.02855,done,tex,/home/hex/tayf/research/papers/tmp/src/2311.02855
2403.02887,done,tex,/home/hex/tayf/research/papers/tmp/src/2403.02887
2402.07243,done,tex,/home/hex/tayf/research/papers/tmp/src/2402.07243
2403.08551,done,tex,/home/hex/tayf/research/papers/tmp/src/2403.08551
2403.10936,done,pdf,/home/hex/tayf/research/papers/tmp/txt/2403.10936.txt
2403.09827,done,tex,/home/hex/tayf/research/papers/tmp/src/2403.09827
2402.16599,done,tex,/home/hex/tayf/research/papers/tmp/src/2402.16599
2403.08505,done,tex,/home/hex/tayf/research/papers/tmp/src/2403.08505
2402.16447,done,tex,/home/hex/tayf/research/papers/tmp/src/2402.16447
2403.00410,done,tex,/home/hex/tayf/research/papers/tmp/src/2403.00410
2403.17677,done,tex,/home/hex/tayf/research/papers/tmp/src/2403.17677
2403.17879,done,tex,/home/hex/tayf/research/papers/tmp/src/2403.17879
2402.04171,done,tex,/home/hex/tayf/research/papers/tmp/src/2402.04171
2205.02367,done,pdf,/home/hex/tayf/research/papers/tmp/txt/2205.02367.txt
2310.04409,done,tex,/home/hex/tayf/research/papers/tmp/src/2310.04409
2404.01723,done,tex,/home/hex/tayf/research/papers/tmp/src/2404.01723
2209.09455,done,pdf,/home/hex/tayf/research/papers/tmp/txt/2209.09455.txt
2404.01195,done,tex,/home/hex/tayf/research/papers/tmp/src/2404.01195
2403.15265,done,tex,/home/hex/tayf/research/papers/tmp/src/2403.15265
2203.03664,error,,
2203.16985,error,,
2203.14939,error,,
2202.00011,error,,
2404.03696,done,tex,/home/hex/tayf/research/papers/tmp/src/2404.03696
2402.14608,done,tex,/home/hex/tayf/research/papers/tmp/src/2402.14608
2404.07507,done,tex,/home/hex/tayf/research/papers/tmp/src/2404.07507
2304.13590,error,,
2404.14594,done,tex,/home/hex/tayf/research/papers/tmp/src/2404.14594
2304.07056,done,pdf,/home/hex/tayf/research/papers/tmp/txt/2304.07056.txt
2309.11661,done,tex,/home/hex/tayf/research/papers/tmp/src/2309.11661
2403.14471,done,tex,/home/hex/tayf/research/papers/tmp/src/2403.14471
2403.08236,done,tex,/home/hex/tayf/research/papers/tmp/src/2403.08236
2404.17979,done,pdf,/home/hex/tayf/research/papers/tmp/txt/2404.17979.txt
2404.16544,done,tex,/home/hex/tayf/research/papers/tmp/src/2404.16544
2404.09029,done,pdf,/home/hex/tayf/research/papers/tmp/txt/2404.09029.txt
2401.06014,done,tex,/home/hex/tayf/research/papers/tmp/src/2401.06014
2312.01352,done,tex,/home/hex/tayf/research/papers/tmp/src/2312.01352
2404.08188,done,tex,/home/hex/tayf/research/papers/tmp/src/2404.08188
2310.17776,done,pdf,/home/hex/tayf/research/papers/tmp/txt/2310.17776.txt
2404.10182,done,tex,/home/hex/tayf/research/papers/tmp/src/2404.10182
2401.08852,done,pdf,/home/hex/tayf/research/papers/tmp/txt/2401.08852.txt
2404.14847,done,pdf,/home/hex/tayf/research/papers/tmp/txt/2404.14847.txt
2405.09514,done,tex,/home/hex/tayf/research/papers/tmp/src/2405.09514
2404.04947,done,tex,/home/hex/tayf/research/papers/tmp/src/2404.04947
2405.10244,done,tex,/home/hex/tayf/research/papers/tmp/src/2405.10244
2309.16185,done,tex,/home/hex/tayf/research/papers/tmp/src/2309.16185
2310.11109,done,tex,/home/hex/tayf/research/papers/tmp/src/2310.11109
2405.07717,done,tex,/home/hex/tayf/research/papers/tmp/src/2405.07717
2312.11470,done,tex,/home/hex/tayf/research/papers/tmp/src/2312.11470
2405.11493,done,tex,/home/hex/tayf/research/papers/tmp/src/2405.11493
2404.11846,done,tex,/home/hex/tayf/research/papers/tmp/src/2404.11846
2405.12346,done,tex,/home/hex/tayf/research/papers/tmp/src/2405.12346
2402.03179,done,tex,/home/hex/tayf/research/papers/tmp/src/2402.03179
2405.04274,done,tex,/home/hex/tayf/research/papers/tmp/src/2405.04274
2405.13866,done,tex,/home/hex/tayf/research/papers/tmp/src/2405.13866
2405.11859,done,tex,/home/hex/tayf/research/papers/tmp/src/2405.11859
2405.12631,done,tex,/home/hex/tayf/research/papers/tmp/src/2405.12631
2402.05887,done,tex,/home/hex/tayf/research/papers/tmp/src/2402.05887
2401.12587,done,tex,/home/hex/tayf/research/papers/tmp/src/2401.12587
2405.17866,done,tex,/home/hex/tayf/research/papers/tmp/src/2405.17866
2405.14240,done,pdf,/home/hex/tayf/research/papers/tmp/txt/2405.14240.txt
2405.10104,done,pdf,/home/hex/tayf/research/papers/tmp/txt/2405.10104.txt
2406.02092,done,tex,/home/hex/tayf/research/papers/tmp/src/2406.02092
2404.09979,done,tex,/home/hex/tayf/research/papers/tmp/src/2404.09979
2405.09844,done,pdf,/home/hex/tayf/research/papers/tmp/txt/2405.09844.txt
2405.12799,done,tex,/home/hex/tayf/research/papers/tmp/src/2405.12799
2405.16817,done,tex,/home/hex/tayf/research/papers/tmp/src/2405.16817
2306.14287,done,pdf,/home/hex/tayf/research/papers/tmp/txt/2306.14287.txt
2405.15183,done,tex,/home/hex/tayf/research/papers/tmp/src/2405.15183
2406.00791,done,tex,/home/hex/tayf/research/papers/tmp/src/2406.00791
2210.01264,error,,
2406.10520,done,tex,/home/hex/tayf/research/papers/tmp/src/2406.10520
2406.14082,done,tex,/home/hex/tayf/research/papers/tmp/src/2406.14082
2210.01447,error,,
2406.10361,done,tex,/home/hex/tayf/research/papers/tmp/src/2406.10361
2406.04149,done,pdf,/home/hex/tayf/research/papers/tmp/txt/2406.04149.txt
2406.13059,done,tex,/home/hex/tayf/research/papers/tmp/src/2406.13059
2312.01361,done,tex,/home/hex/tayf/research/papers/tmp/src/2312.01361
2406.05915,done,tex,/home/hex/tayf/research/papers/tmp/src/2406.05915
2402.01596,done,tex,/home/hex/tayf/research/papers/tmp/src/2402.01596
2405.01750,done,tex,/home/hex/tayf/research/papers/tmp/src/2405.01750
2405.08530,done,tex,/home/hex/tayf/research/papers/tmp/src/2405.08530
2405.01060,done,tex,/home/hex/tayf/research/papers/tmp/src/2405.01060
2407.09675,done,tex,/home/hex/tayf/research/papers/tmp/src/2407.09675
2211.02784,error,,
2407.11590,done,tex,/home/hex/tayf/research/papers/tmp/src/2407.11590
2407.07395,done,tex,/home/hex/tayf/research/papers/tmp/src/2407.07395
2303.13900,done,pdf,/home/hex/tayf/research/papers/tmp/txt/2303.13900.txt
2407.10325,done,tex,/home/hex/tayf/research/papers/tmp/src/2407.10325
2405.15519,done,pdf,/home/hex/tayf/research/papers/tmp/txt/2405.15519.txt
2406.19031,done,tex,/home/hex/tayf/research/papers/tmp/src/2406.19031
2402.04760,done,tex,/home/hex/tayf/research/papers/tmp/src/2402.04760
2407.08545,done,tex,/home/hex/tayf/research/papers/tmp/src/2407.08545
2407.11700,done,tex,/home/hex/tayf/research/papers/tmp/src/2407.11700
2405.10471,done,tex,/home/hex/tayf/research/papers/tmp/src/2405.10471
2403.18535,done,tex,/home/hex/tayf/research/papers/tmp/src/2403.18535
2407.05059,done,tex,/home/hex/tayf/research/papers/tmp/src/2407.05059
2406.00420,done,pdf,/home/hex/tayf/research/papers/tmp/txt/2406.00420.txt
2403.18499,done,pdf,/home/hex/tayf/research/papers/tmp/txt/2403.18499.txt
2407.05677,done,tex,/home/hex/tayf/research/papers/tmp/src/2407.05677
2407.15870,done,pdf,/home/hex/tayf/research/papers/tmp/txt/2407.15870.txt
2405.10716,done,pdf,/home/hex/tayf/research/papers/tmp/txt/2405.10716.txt
2310.10325,done,tex,/home/hex/tayf/research/papers/tmp/src/2310.10325
2404.15591,done,tex,/home/hex/tayf/research/papers/tmp/src/2404.15591
2405.09995,done,tex,/home/hex/tayf/research/papers/tmp/src/2405.09995
2212.08825,error,,
2407.09026,done,tex,/home/hex/tayf/research/papers/tmp/src/2407.09026
2407.14927,done,tex,/home/hex/tayf/research/papers/tmp/src/2407.14927
2406.07938,done,tex,/home/hex/tayf/research/papers/tmp/src/2406.07938
2401.12537,done,pdf,/home/hex/tayf/research/papers/tmp/txt/2401.12537.txt
2408.07028,done,tex,/home/hex/tayf/research/papers/tmp/src/2408.07028
2408.07292,done,tex,/home/hex/tayf/research/papers/tmp/src/2408.07292
2408.00599,done,tex,/home/hex/tayf/research/papers/tmp/src/2408.00599
2408.06954,done,tex,/home/hex/tayf/research/papers/tmp/src/2408.06954
2407.12538,done,tex,/home/hex/tayf/research/papers/tmp/src/2407.12538
2408.06667,done,tex,/home/hex/tayf/research/papers/tmp/src/2408.06667
2407.05201,done,tex,/home/hex/tayf/research/papers/tmp/src/2407.05201
2407.20699,done,tex,/home/hex/tayf/research/papers/tmp/src/2407.20699
2408.10665,done,tex,/home/hex/tayf/research/papers/tmp/src/2408.10665
2408.17025,done,tex,/home/hex/tayf/research/papers/tmp/src/2408.17025
2409.01009,done,tex,/home/hex/tayf/research/papers/tmp/src/2409.01009
2408.16340,done,tex,/home/hex/tayf/research/papers/tmp/src/2408.16340
2409.02453,done,tex,/home/hex/tayf/research/papers/tmp/src/2409.02453
2304.01064,done,pdf,/home/hex/tayf/research/papers/tmp/txt/2304.01064.txt
2408.07672,done,tex,/home/hex/tayf/research/papers/tmp/src/2408.07672
2408.15015,done,tex,/home/hex/tayf/research/papers/tmp/src/2408.15015
2407.19379,done,tex,/home/hex/tayf/research/papers/tmp/src/2407.19379
2409.03520,done,tex,/home/hex/tayf/research/papers/tmp/src/2409.03520
2409.04077,done,tex,/home/hex/tayf/research/papers/tmp/src/2409.04077
2305.05356,done,pdf,/home/hex/tayf/research/papers/tmp/txt/2305.05356.txt
2409.04945,done,tex,/home/hex/tayf/research/papers/tmp/src/2409.04945
2409.06586,done,tex,/home/hex/tayf/research/papers/tmp/src/2409.06586
2406.14118,done,tex,/home/hex/tayf/research/papers/tmp/src/2406.14118
2405.01170,done,tex,/home/hex/tayf/research/papers/tmp/src/2405.01170
2409.04565,done,tex,/home/hex/tayf/research/papers/tmp/src/2409.04565
2301.10093,error,,
2409.08772,done,tex,/home/hex/tayf/research/papers/tmp/src/2409.08772
2407.21479,done,tex,/home/hex/tayf/research/papers/tmp/src/2407.21479
2408.10543,done,tex,/home/hex/tayf/research/papers/tmp/src/2408.10543
2408.02772,done,pdf,/home/hex/tayf/research/papers/tmp/txt/2408.02772.txt
2408.05099,done,pdf,/home/hex/tayf/research/papers/tmp/txt/2408.05099.txt
2409.12719,done,tex,/home/hex/tayf/research/papers/tmp/src/2409.12719
2405.01558,done,tex,/home/hex/tayf/research/papers/tmp/src/2405.01558
2405.09698,done,tex,/home/hex/tayf/research/papers/tmp/src/2405.09698
2409.04236,done,pdf,/home/hex/tayf/research/papers/tmp/txt/2409.04236.txt
2409.01526,done,tex,/home/hex/tayf/research/papers/tmp/src/2409.01526
2406.03961,done,tex,/home/hex/tayf/research/papers/tmp/src/2406.03961
2409.18730,done,tex,/home/hex/tayf/research/papers/tmp/src/2409.18730
2402.18152,done,tex,/home/hex/tayf/research/papers/tmp/src/2402.18152
2409.14090,done,tex,/home/hex/tayf/research/papers/tmp/src/2409.14090
2409.11111,done,tex,/home/hex/tayf/research/papers/tmp/src/2409.11111
2410.00806,done,pdf,/home/hex/tayf/research/papers/tmp/txt/2410.00806.txt
2409.08725,done,tex,/home/hex/tayf/research/papers/tmp/src/2409.08725
2409.20039,done,tex,/home/hex/tayf/research/papers/tmp/src/2409.20039
2405.20997,done,tex,/home/hex/tayf/research/papers/tmp/src/2405.20997
2410.02478,done,tex,/home/hex/tayf/research/papers/tmp/src/2410.02478
2410.01825,done,tex,/home/hex/tayf/research/papers/tmp/src/2410.01825
2409.08070,done,tex,/home/hex/tayf/research/papers/tmp/src/2409.08070
2407.17049,done,tex,/home/hex/tayf/research/papers/tmp/src/2407.17049
2410.04847,done,tex,/home/hex/tayf/research/papers/tmp/src/2410.04847
2410.07714,done,pdf,/home/hex/tayf/research/papers/tmp/txt/2410.07714.txt
2410.09706,done,tex,/home/hex/tayf/research/papers/tmp/src/2410.09706
2410.02003,done,tex,/home/hex/tayf/research/papers/tmp/src/2410.02003
2409.11049,done,tex,/home/hex/tayf/research/papers/tmp/src/2409.11049
2409.10293,done,tex,/home/hex/tayf/research/papers/tmp/src/2409.10293
2410.07975,done,tex,/home/hex/tayf/research/papers/tmp/src/2410.07975
2307.01524,done,pdf,/home/hex/tayf/research/papers/tmp/txt/2307.01524.txt
2410.17814,done,tex,/home/hex/tayf/research/papers/tmp/src/2410.17814
2410.08485,done,tex,/home/hex/tayf/research/papers/tmp/src/2410.08485
2407.13179,done,tex,/home/hex/tayf/research/papers/tmp/src/2407.13179
2409.08945,done,tex,/home/hex/tayf/research/papers/tmp/src/2409.08945
2410.19459,done,pdf,/home/hex/tayf/research/papers/tmp/txt/2410.19459.txt
2409.03143,done,tex,/home/hex/tayf/research/papers/tmp/src/2409.03143
2408.17073,done,tex,/home/hex/tayf/research/papers/tmp/src/2408.17073
2403.11694,done,pdf,/home/hex/tayf/research/papers/tmp/txt/2403.11694.txt
2410.21144,done,tex,/home/hex/tayf/research/papers/tmp/src/2410.21144
2304.11112,error,,
2305.01309,error,,
2410.21911,done,pdf,/home/hex/tayf/research/papers/tmp/txt/2410.21911.txt
2410.21763,done,tex,/home/hex/tayf/research/papers/tmp/src/2410.21763
2404.19265,done,pdf,/home/hex/tayf/research/papers/tmp/txt/2404.19265.txt
2305.07678,error,,
2402.05192,done,pdf,/home/hex/tayf/research/papers/tmp/txt/2402.05192.txt
2407.16369,done,tex,/home/hex/tayf/research/papers/tmp/src/2407.16369
2305.09623,error,,
2410.23369,done,tex,/home/hex/tayf/research/papers/tmp/src/2410.23369
2411.08549,done,tex,/home/hex/tayf/research/papers/tmp/src/2411.08549
2403.07320,done,pdf,/home/hex/tayf/research/papers/tmp/txt/2403.07320.txt
2410.03898,done,tex,/home/hex/tayf/research/papers/tmp/src/2410.03898
2410.01698,done,tex,/home/hex/tayf/research/papers/tmp/src/2410.01698
2405.03377,done,pdf,/home/hex/tayf/research/papers/tmp/txt/2405.03377.txt
2406.00758,done,tex,/home/hex/tayf/research/papers/tmp/src/2406.00758
2411.10385,done,tex,/home/hex/tayf/research/papers/tmp/src/2411.10385
2411.04937,done,pdf,/home/hex/tayf/research/papers/tmp/txt/2411.04937.txt
2410.19058,done,tex,/home/hex/tayf/research/papers/tmp/src/2410.19058
2411.15490,done,tex,/home/hex/tayf/research/papers/tmp/src/2411.15490
2306.08138,error,,
2411.15395,done,tex,/home/hex/tayf/research/papers/tmp/src/2411.15395
2312.02753,done,pdf,/home/hex/tayf/research/papers/tmp/txt/2312.02753.txt
2411.16119,done,tex,/home/hex/tayf/research/papers/tmp/src/2411.16119
2411.17716,done,tex,/home/hex/tayf/research/papers/tmp/src/2411.17716
2411.18494,done,tex,/home/hex/tayf/research/papers/tmp/src/2411.18494
2409.01289,done,tex,/home/hex/tayf/research/papers/tmp/src/2409.01289
2412.04538,done,tex,/home/hex/tayf/research/papers/tmp/src/2412.04538
2306.10461,error,,
2405.10518,done,pdf,/home/hex/tayf/research/papers/tmp/txt/2405.10518.txt
2310.00529,done,pdf,/home/hex/tayf/research/papers/tmp/txt/2310.00529.txt
2309.14668,error,,
2409.13117,done,tex,/home/hex/tayf/research/papers/tmp/src/2409.13117
2411.19445,done,pdf,/home/hex/tayf/research/papers/tmp/txt/2411.19445.txt
2412.11362,done,tex,/home/hex/tayf/research/papers/tmp/src/2412.11362
2410.17239,done,tex,/home/hex/tayf/research/papers/tmp/src/2410.17239
2412.14449,done,tex,/home/hex/tayf/research/papers/tmp/src/2412.14449
2412.12751,done,tex,/home/hex/tayf/research/papers/tmp/src/2412.12751
2412.10433,done,tex,/home/hex/tayf/research/papers/tmp/src/2412.10433
2402.18305,done,pdf,/home/hex/tayf/research/papers/tmp/txt/2402.18305.txt
2412.19828,done,tex,/home/hex/tayf/research/papers/tmp/src/2412.19828
2406.06721,done,tex,/home/hex/tayf/research/papers/tmp/src/2406.06721
2411.04575,done,tex,/home/hex/tayf/research/papers/tmp/src/2411.04575
2405.15413,done,pdf,/home/hex/tayf/research/papers/tmp/txt/2405.15413.txt
2409.10045,done,tex,/home/hex/tayf/research/papers/tmp/src/2409.10045
2501.01420,done,tex,/home/hex/tayf/research/papers/tmp/src/2501.01420
2501.03158,done,tex,/home/hex/tayf/research/papers/tmp/src/2501.03158
2412.09405,done,tex,/home/hex/tayf/research/papers/tmp/src/2412.09405
2412.04880,done,tex,/home/hex/tayf/research/papers/tmp/src/2412.04880
2501.10670,done,tex,/home/hex/tayf/research/papers/tmp/src/2501.10670
2407.12520,done,tex,/home/hex/tayf/research/papers/tmp/src/2407.12520
2411.09469,done,tex,/home/hex/tayf/research/papers/tmp/src/2411.09469
2501.10198,done,pdf,/home/hex/tayf/research/papers/tmp/txt/2501.10198.txt
2501.13751,done,tex,/home/hex/tayf/research/papers/tmp/src/2501.13751
2501.04140,done,pdf,/home/hex/tayf/research/papers/tmp/txt/2501.04140.txt
2501.06102,done,pdf,/home/hex/tayf/research/papers/tmp/txt/2501.06102.txt
2410.06854,done,tex,/home/hex/tayf/research/papers/tmp/src/2410.06854
2411.05321,done,tex,/home/hex/tayf/research/papers/tmp/src/2411.05321
2502.01832,done,tex,/home/hex/tayf/research/papers/tmp/src/2502.01832
2308.06510,error,,
2410.09768,done,tex,/home/hex/tayf/research/papers/tmp/src/2410.09768
2502.05222,done,tex,/home/hex/tayf/research/papers/tmp/src/2502.05222
2410.15783,done,pdf,/home/hex/tayf/research/papers/tmp/txt/2410.15783.txt
2501.18250,done,tex,/home/hex/tayf/research/papers/tmp/src/2501.18250
2501.11926,done,tex,/home/hex/tayf/research/papers/tmp/src/2501.11926
2502.02171,done,pdf,/home/hex/tayf/research/papers/tmp/txt/2502.02171.txt
2501.16976,done,tex,/home/hex/tayf/research/papers/tmp/src/2501.16976
2407.09896,done,tex,/home/hex/tayf/research/papers/tmp/src/2407.09896
2412.06980,done,tex,/home/hex/tayf/research/papers/tmp/src/2412.06980
2502.00700,done,tex,/home/hex/tayf/research/papers/tmp/src/2502.00700
2502.07413,done,pdf,/home/hex/tayf/research/papers/tmp/txt/2502.07413.txt
2411.13860,done,tex,/home/hex/tayf/research/papers/tmp/src/2411.13860
2502.20161,done,tex,/home/hex/tayf/research/papers/tmp/src/2502.20161
2406.16622,done,pdf,/home/hex/tayf/research/papers/tmp/txt/2406.16622.txt
2409.00028,done,tex,/home/hex/tayf/research/papers/tmp/src/2409.00028
2502.16434,done,pdf,/home/hex/tayf/research/papers/tmp/txt/2502.16434.txt
2502.19847,done,tex,/home/hex/tayf/research/papers/tmp/src/2502.19847
2502.17479,done,tex,/home/hex/tayf/research/papers/tmp/src/2502.17479
2502.04988,done,tex,/home/hex/tayf/research/papers/tmp/src/2502.04988
2502.15259,done,tex,/home/hex/tayf/research/papers/tmp/src/2502.15259
2502.05401,done,tex,/home/hex/tayf/research/papers/tmp/src/2502.05401
2501.17879,done,tex,/home/hex/tayf/research/papers/tmp/src/2501.17879
2503.00047,done,tex,/home/hex/tayf/research/papers/tmp/src/2503.00047
2503.06081,done,pdf,/home/hex/tayf/research/papers/tmp/txt/2503.06081.txt
2503.01505,done,tex,/home/hex/tayf/research/papers/tmp/src/2503.01505
2412.12613,done,tex,/home/hex/tayf/research/papers/tmp/src/2412.12613
2503.08819,done,tex,/home/hex/tayf/research/papers/tmp/src/2503.08819
2503.06686,done,tex,/home/hex/tayf/research/papers/tmp/src/2503.06686
2411.14501,done,tex,/home/hex/tayf/research/papers/tmp/src/2411.14501
2408.09052,done,tex,/home/hex/tayf/research/papers/tmp/src/2408.09052
2502.11729,done,tex,/home/hex/tayf/research/papers/tmp/src/2502.11729
2502.10812,done,tex,/home/hex/tayf/research/papers/tmp/src/2502.10812
2503.00655,done,tex,/home/hex/tayf/research/papers/tmp/src/2503.00655
2408.01404,done,pdf,/home/hex/tayf/research/papers/tmp/txt/2408.01404.txt
2404.02185,done,pdf,/home/hex/tayf/research/papers/tmp/txt/2404.02185.txt
2309.16912,error,,
2408.01202,done,pdf,/home/hex/tayf/research/papers/tmp/txt/2408.01202.txt
2503.18495,done,tex,/home/hex/tayf/research/papers/tmp/src/2503.18495
2503.17970,done,tex,/home/hex/tayf/research/papers/tmp/src/2503.17970
2503.22015,done,tex,/home/hex/tayf/research/papers/tmp/src/2503.22015
2503.17467,done,tex,/home/hex/tayf/research/papers/tmp/src/2503.17467
2504.00481,done,tex,/home/hex/tayf/research/papers/tmp/src/2504.00481
2503.01485,done,tex,/home/hex/tayf/research/papers/tmp/src/2503.01485
2503.03714,done,tex,/home/hex/tayf/research/papers/tmp/src/2503.03714
2411.15248,done,tex,/home/hex/tayf/research/papers/tmp/src/2411.15248
2503.23800,done,pdf,/home/hex/tayf/research/papers/tmp/txt/2503.23800.txt
2503.14031,done,pdf,/home/hex/tayf/research/papers/tmp/txt/2503.14031.txt
2503.23052,done,tex,/home/hex/tayf/research/papers/tmp/src/2503.23052
2310.08065,error,,
2503.12246,done,tex,/home/hex/tayf/research/papers/tmp/src/2503.12246
2504.09529,done,tex,/home/hex/tayf/research/papers/tmp/src/2504.09529
2412.00575,done,tex,/home/hex/tayf/research/papers/tmp/src/2412.00575
2504.12255,done,tex,/home/hex/tayf/research/papers/tmp/src/2504.12255
2501.13528,done,tex,/home/hex/tayf/research/papers/tmp/src/2501.13528
2504.02969,done,tex,/home/hex/tayf/research/papers/tmp/src/2504.02969
2503.11591,done,tex,/home/hex/tayf/research/papers/tmp/src/2503.11591
2504.01279,done,tex,/home/hex/tayf/research/papers/tmp/src/2504.01279
2504.15554,done,pdf,/home/hex/tayf/research/papers/tmp/txt/2504.15554.txt
2503.12926,done,tex,/home/hex/tayf/research/papers/tmp/src/2503.12926
2504.16247,done,pdf,/home/hex/tayf/research/papers/tmp/txt/2504.16247.txt
2505.02221,done,tex,/home/hex/tayf/research/papers/tmp/src/2505.02221
2504.20892,done,tex,/home/hex/tayf/research/papers/tmp/src/2504.20892
2504.18398,done,tex,/home/hex/tayf/research/papers/tmp/src/2504.18398
2504.13518,done,pdf,/home/hex/tayf/research/papers/tmp/txt/2504.13518.txt
2505.09433,done,tex,/home/hex/tayf/research/papers/tmp/src/2505.09433
2505.00122,done,tex,/home/hex/tayf/research/papers/tmp/src/2505.00122
2505.01938,done,tex,/home/hex/tayf/research/papers/tmp/src/2505.01938
2404.10777,done,pdf,/home/hex/tayf/research/papers/tmp/txt/2404.10777.txt
2505.08777,done,tex,/home/hex/tayf/research/papers/tmp/src/2505.08777
2504.02216,done,tex,/home/hex/tayf/research/papers/tmp/src/2504.02216
2505.15104,done,tex,/home/hex/tayf/research/papers/tmp/src/2505.15104
2505.12875,done,pdf,/home/hex/tayf/research/papers/tmp/txt/2505.12875.txt
2505.13542,done,pdf,/home/hex/tayf/research/papers/tmp/txt/2505.13542.txt
2505.00942,done,pdf,/home/hex/tayf/research/papers/tmp/txt/2505.00942.txt
2505.16709,done,pdf,/home/hex/tayf/research/papers/tmp/txt/2505.16709.txt
2505.22482,done,tex,/home/hex/tayf/research/papers/tmp/src/2505.22482
2407.14053,done,pdf,/home/hex/tayf/research/papers/tmp/txt/2407.14053.txt
2505.11114,done,tex,/home/hex/tayf/research/papers/tmp/src/2505.11114
2505.23675,done,tex,/home/hex/tayf/research/papers/tmp/src/2505.23675
2505.12740,done,tex,/home/hex/tayf/research/papers/tmp/src/2505.12740
2505.20059,done,tex,/home/hex/tayf/research/papers/tmp/src/2505.20059
2503.16918,done,tex,/home/hex/tayf/research/papers/tmp/src/2503.16918
2505.22438,done,tex,/home/hex/tayf/research/papers/tmp/src/2505.22438
2409.12724,done,pdf,/home/hex/tayf/research/papers/tmp/txt/2409.12724.txt
2506.01229,done,tex,/home/hex/tayf/research/papers/tmp/src/2506.01229
2501.09297,done,pdf,/home/hex/tayf/research/papers/tmp/txt/2501.09297.txt
2506.02926,done,tex,/home/hex/tayf/research/papers/tmp/src/2506.02926
2409.17596,done,pdf,/home/hex/tayf/research/papers/tmp/txt/2409.17596.txt
2412.19607,done,tex,/home/hex/tayf/research/papers/tmp/src/2412.19607
2503.14154,done,tex,/home/hex/tayf/research/papers/tmp/src/2503.14154
2506.01221,done,tex,/home/hex/tayf/research/papers/tmp/src/2506.01221
2506.09194,done,tex,/home/hex/tayf/research/papers/tmp/src/2506.09194
2502.20926,done,tex,/home/hex/tayf/research/papers/tmp/src/2502.20926
2312.04553,error,,
2409.16766,done,pdf,/home/hex/tayf/research/papers/tmp/txt/2409.16766.txt
2502.14895,done,tex,/home/hex/tayf/research/papers/tmp/src/2502.14895
2506.09802,done,tex,/home/hex/tayf/research/papers/tmp/src/2506.09802
2504.06501,done,tex,/home/hex/tayf/research/papers/tmp/src/2504.06501
2409.04323,done,pdf,/home/hex/tayf/research/papers/tmp/txt/2409.04323.txt
2504.11953,done,tex,/home/hex/tayf/research/papers/tmp/src/2504.11953
2503.04860,done,tex,/home/hex/tayf/research/papers/tmp/src/2503.04860
2501.02521,done,tex,/home/hex/tayf/research/papers/tmp/src/2501.02521
2506.10602,done,pdf,/home/hex/tayf/research/papers/tmp/txt/2506.10602.txt
2503.12252,done,tex,/home/hex/tayf/research/papers/tmp/src/2503.12252
2506.13243,done,tex,/home/hex/tayf/research/papers/tmp/src/2506.13243
2506.14542,done,tex,/home/hex/tayf/research/papers/tmp/src/2506.14542
2506.13664,done,pdf,/home/hex/tayf/research/papers/tmp/txt/2506.13664.txt
2506.22280,done,tex,/home/hex/tayf/research/papers/tmp/src/2506.22280
2505.15003,done,tex,/home/hex/tayf/research/papers/tmp/src/2505.15003
2503.11321,done,tex,/home/hex/tayf/research/papers/tmp/src/2503.11321
2506.22455,done,pdf,/home/hex/tayf/research/papers/tmp/txt/2506.22455.txt
2504.02579,done,tex,/home/hex/tayf/research/papers/tmp/src/2504.02579
2506.20688,done,tex,/home/hex/tayf/research/papers/tmp/src/2506.20688
2506.05655,done,tex,/home/hex/tayf/research/papers/tmp/src/2506.05655
2506.12269,done,tex,/home/hex/tayf/research/papers/tmp/src/2506.12269
2506.22902,done,tex,/home/hex/tayf/research/papers/tmp/src/2506.22902
2507.03821,done,tex,/home/hex/tayf/research/papers/tmp/src/2507.03821
2504.05433,done,tex,/home/hex/tayf/research/papers/tmp/src/2504.05433
2507.01204,done,tex,/home/hex/tayf/research/papers/tmp/src/2507.01204
2507.06646,done,tex,/home/hex/tayf/research/papers/tmp/src/2507.06646
2507.08253,done,pdf,/home/hex/tayf/research/papers/tmp/txt/2507.08253.txt
2506.15228,done,tex,/home/hex/tayf/research/papers/tmp/src/2506.15228
2507.12994,done,pdf,/home/hex/tayf/research/papers/tmp/txt/2507.12994.txt
2507.08254,done,tex,/home/hex/tayf/research/papers/tmp/src/2507.08254
2507.04374,done,tex,/home/hex/tayf/research/papers/tmp/src/2507.04374
2507.19125,done,tex,/home/hex/tayf/research/papers/tmp/src/2507.19125
2508.05130,done,tex,/home/hex/tayf/research/papers/tmp/src/2508.05130
2410.19347,done,tex,/home/hex/tayf/research/papers/tmp/src/2410.19347
2507.16390,done,tex,/home/hex/tayf/research/papers/tmp/src/2507.16390
2508.07038,done,tex,/home/hex/tayf/research/papers/tmp/src/2508.07038
2507.14333,done,tex,/home/hex/tayf/research/papers/tmp/src/2507.14333
2507.10867,done,pdf,/home/hex/tayf/research/papers/tmp/txt/2507.10867.txt
2508.02072,done,tex,/home/hex/tayf/research/papers/tmp/src/2508.02072
2508.06768,done,tex,/home/hex/tayf/research/papers/tmp/src/2508.06768
2508.17163,done,tex,/home/hex/tayf/research/papers/tmp/src/2508.17163
2508.17440,done,tex,/home/hex/tayf/research/papers/tmp/src/2508.17440
2502.03285,done,pdf,/home/hex/tayf/research/papers/tmp/txt/2502.03285.txt
2507.17522,done,tex,/home/hex/tayf/research/papers/tmp/src/2507.17522
2506.18660,done,tex,/home/hex/tayf/research/papers/tmp/src/2506.18660
2408.14127,done,pdf,/home/hex/tayf/research/papers/tmp/txt/2408.14127.txt
2508.15860,done,tex,/home/hex/tayf/research/papers/tmp/src/2508.15860
2508.21161,done,tex,/home/hex/tayf/research/papers/tmp/src/2508.21161
2507.00373,done,tex,/home/hex/tayf/research/papers/tmp/src/2507.00373
2509.04170,done,tex,/home/hex/tayf/research/papers/tmp/src/2509.04170
2508.16535,done,tex,/home/hex/tayf/research/papers/tmp/src/2508.16535
2508.14237,done,tex,/home/hex/tayf/research/papers/tmp/src/2508.14237
2509.00370,done,pdf,/home/hex/tayf/research/papers/tmp/txt/2509.00370.txt
2408.02966,done,pdf,/home/hex/tayf/research/papers/tmp/txt/2408.02966.txt
2403.15139,error,,
2508.01633,done,tex,/home/hex/tayf/research/papers/tmp/src/2508.01633
2505.22908,done,tex,/home/hex/tayf/research/papers/tmp/src/2505.22908
2403.16258,error,,
2509.14859,done,tex,/home/hex/tayf/research/papers/tmp/src/2509.14859
2509.15085,done,tex,/home/hex/tayf/research/papers/tmp/src/2509.15085
2509.08685,done,tex,/home/hex/tayf/research/papers/tmp/src/2509.08685
2508.14956,done,tex,/home/hex/tayf/research/papers/tmp/src/2508.14956
2503.18541,done,tex,/home/hex/tayf/research/papers/tmp/src/2503.18541
2506.10958,done,tex,/home/hex/tayf/research/papers/tmp/src/2506.10958
2509.10061,done,tex,/home/hex/tayf/research/papers/tmp/src/2509.10061
2509.18815,done,tex,/home/hex/tayf/research/papers/tmp/src/2509.18815
2508.13547,done,tex,/home/hex/tayf/research/papers/tmp/src/2508.13547
2509.05929,done,tex,/home/hex/tayf/research/papers/tmp/src/2509.05929
2506.19051,done,tex,/home/hex/tayf/research/papers/tmp/src/2506.19051
2510.00950,done,tex,/home/hex/tayf/research/papers/tmp/src/2510.00950
2510.03926,done,tex,/home/hex/tayf/research/papers/tmp/src/2510.03926
2509.24325,done,tex,/home/hex/tayf/research/papers/tmp/src/2509.24325
2510.06734,done,tex,/home/hex/tayf/research/papers/tmp/src/2510.06734
2509.09894,done,tex,/home/hex/tayf/research/papers/tmp/src/2509.09894
2510.06937,done,tex,/home/hex/tayf/research/papers/tmp/src/2510.06937
2506.12693,done,tex,/home/hex/tayf/research/papers/tmp/src/2506.12693
2509.24805,done,tex,/home/hex/tayf/research/papers/tmp/src/2509.24805
2509.16706,done,tex,/home/hex/tayf/research/papers/tmp/src/2509.16706
2509.01165,done,pdf,/home/hex/tayf/research/papers/tmp/txt/2509.01165.txt
2510.10492,done,tex,/home/hex/tayf/research/papers/tmp/src/2510.10492
2510.19832,done,tex,/home/hex/tayf/research/papers/tmp/src/2510.19832
2510.26414,done,tex,/home/hex/tayf/research/papers/tmp/src/2510.26414
2510.24332,done,tex,/home/hex/tayf/research/papers/tmp/src/2510.24332
2411.12463,done,pdf,/home/hex/tayf/research/papers/tmp/txt/2411.12463.txt
2407.14178,done,pdf,/home/hex/tayf/research/papers/tmp/txt/2407.14178.txt
2411.10865,done,pdf,/home/hex/tayf/research/papers/tmp/txt/2411.10865.txt
2511.03583,done,pdf,/home/hex/tayf/research/papers/tmp/txt/2511.03583.txt
2411.03564,done,pdf,/home/hex/tayf/research/papers/tmp/txt/2411.03564.txt
2510.13714,done,tex,/home/hex/tayf/research/papers/tmp/src/2510.13714
2509.23341,done,tex,/home/hex/tayf/research/papers/tmp/src/2509.23341
2411.10773,done,pdf,/home/hex/tayf/research/papers/tmp/txt/2411.10773.txt
2505.09324,done,tex,/home/hex/tayf/research/papers/tmp/src/2505.09324
2410.21613,done,pdf,/home/hex/tayf/research/papers/tmp/txt/2410.21613.txt
2506.14381,done,tex,/home/hex/tayf/research/papers/tmp/src/2506.14381
2511.07903,done,tex,/home/hex/tayf/research/papers/tmp/src/2511.07903
2506.03985,done,tex,/home/hex/tayf/research/papers/tmp/src/2506.03985
2509.08101,done,tex,/home/hex/tayf/research/papers/tmp/src/2509.08101
2511.03175,done,tex,/home/hex/tayf/research/papers/tmp/src/2511.03175
2511.09440,done,tex,/home/hex/tayf/research/papers/tmp/src/2511.09440
2409.08376,done,pdf,/home/hex/tayf/research/papers/tmp/txt/2409.08376.txt
2511.08009,done,tex,/home/hex/tayf/research/papers/tmp/src/2511.08009
2511.16902,done,tex,/home/hex/tayf/research/papers/tmp/src/2511.16902
2501.10351,done,tex,/home/hex/tayf/research/papers/tmp/src/2501.10351
2511.18884,done,tex,/home/hex/tayf/research/papers/tmp/src/2511.18884
2406.04576,error,,
2505.05309,done,tex,/home/hex/tayf/research/papers/tmp/src/2505.05309
2511.12440,done,pdf,/home/hex/tayf/research/papers/tmp/txt/2511.12440.txt
2511.03860,done,pdf,/home/hex/tayf/research/papers/tmp/txt/2511.03860.txt
2511.09370,done,tex,/home/hex/tayf/research/papers/tmp/src/2511.09370
2412.14647,done,pdf,/home/hex/tayf/research/papers/tmp/txt/2412.14647.txt
2511.18724,done,tex,/home/hex/tayf/research/papers/tmp/src/2511.18724
2512.04901,done,tex,/home/hex/tayf/research/papers/tmp/src/2512.04901
2512.09696,done,tex,/home/hex/tayf/research/papers/tmp/src/2512.09696
2505.19221,done,pdf,/home/hex/tayf/research/papers/tmp/txt/2505.19221.txt
2510.02673,done,pdf,/home/hex/tayf/research/papers/tmp/txt/2510.02673.txt
2511.10174,done,pdf,/home/hex/tayf/research/papers/tmp/txt/2511.10174.txt
2511.16876,done,tex,/home/hex/tayf/research/papers/tmp/src/2511.16876
2512.06209,done,tex,/home/hex/tayf/research/papers/tmp/src/2512.06209
2512.15262,done,tex,/home/hex/tayf/research/papers/tmp/src/2512.15262
2512.12284,done,tex,/home/hex/tayf/research/papers/tmp/src/2512.12284
2512.12401,done,tex,/home/hex/tayf/research/papers/tmp/src/2512.12401
2512.05127,done,tex,/home/hex/tayf/research/papers/tmp/src/2512.05127
2512.05042,done,pdf,/home/hex/tayf/research/papers/tmp/txt/2512.05042.txt
2511.08918,done,tex,/home/hex/tayf/research/papers/tmp/src/2511.08918
2410.23670,done,pdf,/home/hex/tayf/research/papers/tmp/txt/2410.23670.txt
2510.15775,done,tex,/home/hex/tayf/research/papers/tmp/src/2510.15775
2512.19442,done,tex,/home/hex/tayf/research/papers/tmp/src/2512.19442
2512.22911,done,tex,/home/hex/tayf/research/papers/tmp/src/2512.22911
2511.17867,done,tex,/home/hex/tayf/research/papers/tmp/src/2511.17867
2506.11407,done,tex,/home/hex/tayf/research/papers/tmp/src/2506.11407
2509.18373,done,tex,/home/hex/tayf/research/papers/tmp/src/2509.18373
2512.15967,done,tex,/home/hex/tayf/research/papers/tmp/src/2512.15967
2512.17879,done,pdf,/home/hex/tayf/research/papers/tmp/txt/2512.17879.txt
2601.00630,done,pdf,/home/hex/tayf/research/papers/tmp/txt/2601.00630.txt
2601.03535,done,tex,/home/hex/tayf/research/papers/tmp/src/2601.03535
2601.01221,done,pdf,/home/hex/tayf/research/papers/tmp/txt/2601.01221.txt
2507.03745,done,tex,/home/hex/tayf/research/papers/tmp/src/2507.03745
2506.09510,done,tex,/home/hex/tayf/research/papers/tmp/src/2506.09510
2512.20093,done,tex,/home/hex/tayf/research/papers/tmp/src/2512.20093
2601.06273,done,tex,/home/hex/tayf/research/papers/tmp/src/2601.06273
2512.22882,done,tex,/home/hex/tayf/research/papers/tmp/src/2512.22882
2510.22812,done,tex,/home/hex/tayf/research/papers/tmp/src/2510.22812
2512.12625,done,pdf,/home/hex/tayf/research/papers/tmp/txt/2512.12625.txt
2511.22639,done,pdf,/home/hex/tayf/research/papers/tmp/txt/2511.22639.txt
2601.08020,done,tex,/home/hex/tayf/research/papers/tmp/src/2601.08020
2601.14240,done,tex,/home/hex/tayf/research/papers/tmp/src/2601.14240
2509.16919,done,tex,/home/hex/tayf/research/papers/tmp/src/2509.16919
2512.23554,done,tex,/home/hex/tayf/research/papers/tmp/src/2512.23554
2503.12382,done,pdf,/home/hex/tayf/research/papers/tmp/txt/2503.12382.txt
2504.06301,done,tex,/home/hex/tayf/research/papers/tmp/src/2504.06301
2512.15270,done,tex,/home/hex/tayf/research/papers/tmp/src/2512.15270
2601.22070,done,tex,/home/hex/tayf/research/papers/tmp/src/2601.22070
2511.20245,done,tex,/home/hex/tayf/research/papers/tmp/src/2511.20245
2601.20769,done,tex,/home/hex/tayf/research/papers/tmp/src/2601.20769
2512.20464,done,pdf,/home/hex/tayf/research/papers/tmp/txt/2512.20464.txt
2602.02508,done,tex,/home/hex/tayf/research/papers/tmp/src/2602.02508
2601.18932,done,tex,/home/hex/tayf/research/papers/tmp/src/2601.18932
2602.00198,done,tex,/home/hex/tayf/research/papers/tmp/src/2602.00198
2602.09500,done,tex,/home/hex/tayf/research/papers/tmp/src/2602.09500
2601.04964,done,tex,/home/hex/tayf/research/papers/tmp/src/2601.04964
2512.21769,done,tex,/home/hex/tayf/research/papers/tmp/src/2512.21769
2602.12758,done,tex,/home/hex/tayf/research/papers/tmp/src/2602.12758
2509.05555,done,tex,/home/hex/tayf/research/papers/tmp/src/2509.05555
2602.12866,done,tex,/home/hex/tayf/research/papers/tmp/src/2602.12866
2602.15779,done,tex,/home/hex/tayf/research/papers/tmp/src/2602.15779
2501.08924,done,pdf,/home/hex/tayf/research/papers/tmp/txt/2501.08924.txt
2602.07029,done,tex,/home/hex/tayf/research/papers/tmp/src/2602.07029
2512.20943,done,tex,/home/hex/tayf/research/papers/tmp/src/2512.20943
2602.19443,done,tex,/home/hex/tayf/research/papers/tmp/src/2602.19443
2602.12306,done,pdf,/home/hex/tayf/research/papers/tmp/txt/2602.12306.txt
2601.06862,done,tex,/home/hex/tayf/research/papers/tmp/src/2601.06862
2511.10302,done,tex,/home/hex/tayf/research/papers/tmp/src/2511.10302
2602.01325,done,tex,/home/hex/tayf/research/papers/tmp/src/2602.01325
2512.15719,done,tex,/home/hex/tayf/research/papers/tmp/src/2512.15719
2412.03261,done,pdf,/home/hex/tayf/research/papers/tmp/txt/2412.03261.txt
2602.20105,done,tex,/home/hex/tayf/research/papers/tmp/src/2602.20105
2602.17624,done,pdf,/home/hex/tayf/research/papers/tmp/txt/2602.17624.txt
2602.17120,done,tex,/home/hex/tayf/research/papers/tmp/src/2602.17120
2602.24017,done,tex,/home/hex/tayf/research/papers/tmp/src/2602.24017
2511.05047,done,tex,/home/hex/tayf/research/papers/tmp/src/2511.05047
2602.20944,done,tex,/home/hex/tayf/research/papers/tmp/src/2602.20944
2602.09519,done,tex,/home/hex/tayf/research/papers/tmp/src/2602.09519
2603.06545,done,tex,/home/hex/tayf/research/papers/tmp/src/2603.06545
2508.18540,done,tex,/home/hex/tayf/research/papers/tmp/src/2508.18540
2603.08532,done,pdf,/home/hex/tayf/research/papers/tmp/txt/2603.08532.txt
2603.09553,done,tex,/home/hex/tayf/research/papers/tmp/src/2603.09553
2603.10188,done,tex,/home/hex/tayf/research/papers/tmp/src/2603.10188
2505.23515,done,pdf,/home/hex/tayf/research/papers/tmp/txt/2505.23515.txt
2603.05756,done,tex,/home/hex/tayf/research/papers/tmp/src/2603.05756
2602.13052,done,tex,/home/hex/tayf/research/papers/tmp/src/2602.13052
2502.04072,done,pdf,/home/hex/tayf/research/papers/tmp/txt/2502.04072.txt
2603.11840,done,tex,/home/hex/tayf/research/papers/tmp/src/2603.11840
2603.13699,done,tex,/home/hex/tayf/research/papers/tmp/src/2603.13699
2506.06925,done,pdf,/home/hex/tayf/research/papers/tmp/txt/2506.06925.txt
2603.10671,done,tex,/home/hex/tayf/research/papers/tmp/src/2603.10671
2603.15318,done,pdf,/home/hex/tayf/research/papers/tmp/txt/2603.15318.txt
2510.09987,done,tex,/home/hex/tayf/research/papers/tmp/src/2510.09987
2601.19293,done,tex,/home/hex/tayf/research/papers/tmp/src/2601.19293
2603.03890,done,tex,/home/hex/tayf/research/papers/tmp/src/2603.03890
2603.17716,done,tex,/home/hex/tayf/research/papers/tmp/src/2603.17716
2602.13714,done,tex,/home/hex/tayf/research/papers/tmp/src/2602.13714
2603.20841,done,tex,/home/hex/tayf/research/papers/tmp/src/2603.20841
2603.15836,done,tex,/home/hex/tayf/research/papers/tmp/src/2603.15836
2603.23285,done,tex,/home/hex/tayf/research/papers/tmp/src/2603.23285
2603.29014,done,tex,/home/hex/tayf/research/papers/tmp/src/2603.29014
2410.01654,error,,
2603.25566,done,tex,/home/hex/tayf/research/papers/tmp/src/2603.25566
2603.23006,done,tex,/home/hex/tayf/research/papers/tmp/src/2603.23006
2410.02598,error,,
2512.19168,done,tex,/home/hex/tayf/research/papers/tmp/src/2512.19168
2604.14603,done,tex,/home/hex/tayf/research/papers/tmp/src/2604.14603
2603.25050,done,pdf,/home/hex/tayf/research/papers/tmp/txt/2603.25050.txt
2603.17164,done,tex,/home/hex/tayf/research/papers/tmp/src/2603.17164
2602.02074,done,tex,/home/hex/tayf/research/papers/tmp/src/2602.02074
2604.08518,done,tex,/home/hex/tayf/research/papers/tmp/src/2604.08518
2604.12272,done,tex,/home/hex/tayf/research/papers/tmp/src/2604.12272
2603.24026,done,tex,/home/hex/tayf/research/papers/tmp/src/2603.24026
2604.04737,done,tex,/home/hex/tayf/research/papers/tmp/src/2604.04737
2410.17823,done,pdf,/home/hex/tayf/research/papers/tmp/txt/2410.17823.txt
2512.22463,done,tex,/home/hex/tayf/research/papers/tmp/src/2512.22463
2604.20380,done,tex,/home/hex/tayf/research/papers/tmp/src/2604.20380
2603.15222,done,tex,/home/hex/tayf/research/papers/tmp/src/2603.15222
2601.17568,done,tex,/home/hex/tayf/research/papers/tmp/src/2601.17568
2604.26492,done,tex,/home/hex/tayf/research/papers/tmp/src/2604.26492
2603.25684,done,tex,/home/hex/tayf/research/papers/tmp/src/2603.25684
2605.01187,done,tex,/home/hex/tayf/research/papers/tmp/src/2605.01187
2605.01369,done,tex,/home/hex/tayf/research/papers/tmp/src/2605.01369
2503.18421,done,pdf,/home/hex/tayf/research/papers/tmp/txt/2503.18421.txt
2604.26908,done,tex,/home/hex/tayf/research/papers/tmp/src/2604.26908
2410.09862,error,,
2605.02086,done,tex,/home/hex/tayf/research/papers/tmp/src/2605.02086
2604.06671,done,tex,/home/hex/tayf/research/papers/tmp/src/2604.06671
2604.00321,done,tex,/home/hex/tayf/research/papers/tmp/src/2604.00321
2604.16947,done,pdf,/home/hex/tayf/research/papers/tmp/txt/2604.16947.txt
2604.15848,done,tex,/home/hex/tayf/research/papers/tmp/src/2604.15848
2506.06857,done,pdf,/home/hex/tayf/research/papers/tmp/txt/2506.06857.txt
2412.14702,done,pdf,/home/hex/tayf/research/papers/tmp/txt/2412.14702.txt
2603.03342,done,tex,/home/hex/tayf/research/papers/tmp/src/2603.03342
2604.20245,done,tex,/home/hex/tayf/research/papers/tmp/src/2604.20245
2605.11498,done,tex,/home/hex/tayf/research/papers/tmp/src/2605.11498
2605.02512,done,pdf,/home/hex/tayf/research/papers/tmp/txt/2605.02512.txt
2605.05747,done,pdf,/home/hex/tayf/research/papers/tmp/txt/2605.05747.txt
2605.12241,done,tex,/home/hex/tayf/research/papers/tmp/src/2605.12241
2605.15086,done,tex,/home/hex/tayf/research/papers/tmp/src/2605.15086
2605.15490,done,tex,/home/hex/tayf/research/papers/tmp/src/2605.15490
2601.01038,done,tex,/home/hex/tayf/research/papers/tmp/src/2601.01038
2605.04953,done,tex,/home/hex/tayf/research/papers/tmp/src/2605.04953
2605.06628,done,tex,/home/hex/tayf/research/papers/tmp/src/2605.06628
2512.25048,done,pdf,/home/hex/tayf/research/papers/tmp/txt/2512.25048.txt
2604.18807,done,tex,/home/hex/tayf/research/papers/tmp/src/2604.18807
2603.26763,done,tex,/home/hex/tayf/research/papers/tmp/src/2603.26763
2602.21656,done,tex,/home/hex/tayf/research/papers/tmp/src/2602.21656
2605.15558,done,tex,/home/hex/tayf/research/papers/tmp/src/2605.15558
2605.19873,done,tex,/home/hex/tayf/research/papers/tmp/src/2605.19873
2512.17546,done,tex,/home/hex/tayf/research/papers/tmp/src/2512.17546
2605.20672,done,tex,/home/hex/tayf/research/papers/tmp/src/2605.20672
2604.18342,done,tex,/home/hex/tayf/research/papers/tmp/src/2604.18342
2605.17200,done,tex,/home/hex/tayf/research/papers/tmp/src/2605.17200
2509.24457,done,pdf,/home/hex/tayf/research/papers/tmp/txt/2509.24457.txt
2605.17002,done,pdf,/home/hex/tayf/research/papers/tmp/txt/2605.17002.txt
2604.20248,done,pdf,/home/hex/tayf/research/papers/tmp/txt/2604.20248.txt
2605.19360,done,pdf,/home/hex/tayf/research/papers/tmp/txt/2605.19360.txt
2410.24144,error,,
2604.26223,done,tex,/home/hex/tayf/research/papers/tmp/src/2604.26223
2602.04330,done,tex,/home/hex/tayf/research/papers/tmp/src/2602.04330
2605.18006,done,tex,/home/hex/tayf/research/papers/tmp/src/2605.18006
2512.19412,done,tex,/home/hex/tayf/research/papers/tmp/src/2512.19412
2605.14468,done,pdf,/home/hex/tayf/research/papers/tmp/txt/2605.14468.txt
2606.00111,done,tex,/home/hex/tayf/research/papers/tmp/src/2606.00111
2605.28992,done,tex,/home/hex/tayf/research/papers/tmp/src/2605.28992
2606.11280,done,tex,/home/hex/tayf/research/papers/tmp/src/2606.11280
2606.03940,done,tex,/home/hex/tayf/research/papers/tmp/src/2606.03940
2606.01032,done,pdf,/home/hex/tayf/research/papers/tmp/txt/2606.01032.txt
2411.06738,error,,
2605.16817,done,tex,/home/hex/tayf/research/papers/tmp/src/2605.16817
2606.07821,done,tex,/home/hex/tayf/research/papers/tmp/src/2606.07821
2605.26880,done,pdf,/home/hex/tayf/research/papers/tmp/txt/2605.26880.txt
2606.13080,done,pdf,/home/hex/tayf/research/papers/tmp/txt/2606.13080.txt
2605.18054,done,tex,/home/hex/tayf/research/papers/tmp/src/2605.18054
2509.06506,done,pdf,/home/hex/tayf/research/papers/tmp/txt/2509.06506.txt
2605.25331,done,tex,/home/hex/tayf/research/papers/tmp/src/2605.25331
2606.16261,done,pdf,/home/hex/tayf/research/papers/tmp/txt/2606.16261.txt
2604.01122,done,tex,/home/hex/tayf/research/papers/tmp/src/2604.01122
2606.13454,done,tex,/home/hex/tayf/research/papers/tmp/src/2606.13454
2606.20671,done,tex,/home/hex/tayf/research/papers/tmp/src/2606.20671
2606.20847,done,tex,/home/hex/tayf/research/papers/tmp/src/2606.20847
2606.18623,done,tex,/home/hex/tayf/research/papers/tmp/src/2606.18623
2605.23295,done,pdf,/home/hex/tayf/research/papers/tmp/txt/2605.23295.txt
2606.20951,done,pdf,/home/hex/tayf/research/papers/tmp/txt/2606.20951.txt
2606.26368,done,tex,/home/hex/tayf/research/papers/tmp/src/2606.26368
2605.02088,done,pdf,/home/hex/tayf/research/papers/tmp/txt/2605.02088.txt
2606.29578,done,tex,/home/hex/tayf/research/papers/tmp/src/2606.29578
2606.13557,done,tex,/home/hex/tayf/research/papers/tmp/src/2606.13557
2606.31303,done,tex,/home/hex/tayf/research/papers/tmp/src/2606.31303
2607.03246,done,tex,/home/hex/tayf/research/papers/tmp/src/2607.03246
2606.29179,done,tex,/home/hex/tayf/research/papers/tmp/src/2606.29179
2607.04839,done,tex,/home/hex/tayf/research/papers/tmp/src/2607.04839
2606.26159,done,pdf,/home/hex/tayf/research/papers/tmp/txt/2606.26159.txt
2606.21655,done,tex,/home/hex/tayf/research/papers/tmp/src/2606.21655
2607.10874,done,tex,/home/hex/tayf/research/papers/tmp/src/2607.10874
2605.16738,done,tex,/home/hex/tayf/research/papers/tmp/src/2605.16738
2607.11441,done,tex,/home/hex/tayf/research/papers/tmp/src/2607.11441
2412.04912,error,,
2607.10478,done,tex,/home/hex/tayf/research/papers/tmp/src/2607.10478
2607.03576,done,tex,/home/hex/tayf/research/papers/tmp/src/2607.03576
2607.05419,done,tex,/home/hex/tayf/research/papers/tmp/src/2607.05419
2603.02446,done,pdf,/home/hex/tayf/research/papers/tmp/txt/2603.02446.txt
2607.13471,done,tex,/home/hex/tayf/research/papers/tmp/src/2607.13471
2605.30498,done,tex,/home/hex/tayf/research/papers/tmp/src/2605.30498
2605.04297,done,pdf,/home/hex/tayf/research/papers/tmp/txt/2605.04297.txt
2606.28027,done,tex,/home/hex/tayf/research/papers/tmp/src/2606.28027
2607.25971,done,tex,/home/hex/tayf/research/papers/tmp/src/2607.25971
2607.23366,done,tex,/home/hex/tayf/research/papers/tmp/src/2607.23366
2607.15852,done,pdf,/home/hex/tayf/research/papers/tmp/txt/2607.15852.txt
2607.19082,done,tex,/home/hex/tayf/research/papers/tmp/src/2607.19082
2607.23763,done,tex,/home/hex/tayf/research/papers/tmp/src/2607.23763
2606.28202,done,tex,/home/hex/tayf/research/papers/tmp/src/2606.28202
2607.22357,done,tex,/home/hex/tayf/research/papers/tmp/src/2607.22357
2412.11379,error,,
2607.25997,done,tex,/home/hex/tayf/research/papers/tmp/src/2607.25997
2608.01653,done,tex,/home/hex/tayf/research/papers/tmp/src/2608.01653
2607.15298,done,tex,/home/hex/tayf/research/papers/tmp/src/2607.15298
2506.08253,done,pdf,/home/hex/tayf/research/papers/tmp/txt/2506.08253.txt
2605.23724,done,tex,/home/hex/tayf/research/papers/tmp/src/2605.23724
2607.26426,done,tex,/home/hex/tayf/research/papers/tmp/src/2607.26426
2608.07799,done,tex,/home/hex/tayf/research/papers/tmp/src/2608.07799
2605.20513,done,pdf,/home/hex/tayf/research/papers/tmp/txt/2605.20513.txt
2506.00271,done,pdf,/home/hex/tayf/research/papers/tmp/txt/2506.00271.txt
2608.10020,done,tex,/home/hex/tayf/research/papers/tmp/src/2608.10020
2608.07279,done,tex,/home/hex/tayf/research/papers/tmp/src/2608.07279
2608.12105,done,tex,/home/hex/tayf/research/papers/tmp/src/2608.12105
2608.13253,done,tex,/home/hex/tayf/research/papers/tmp/src/2608.13253
2605.04509,done,tex,/home/hex/tayf/research/papers/tmp/src/2605.04509
2511.17192,done,pdf,/home/hex/tayf/research/papers/tmp/txt/2511.17192.txt
2601.19901,done,tex,/home/hex/tayf/research/papers/tmp/src/2601.19901
2608.11271,done,tex,/home/hex/tayf/research/papers/tmp/src/2608.11271
2607.19652,done,pdf,/home/hex/tayf/research/papers/tmp/txt/2607.19652.txt
2607.22783,done,tex,/home/hex/tayf/research/papers/tmp/src/2607.22783
2606.28163,done,tex,/home/hex/tayf/research/papers/tmp/src/2606.28163
2601.11405,done,tex,/home/hex/tayf/research/papers/tmp/src/2601.11405
2608.11273,done,tex,/home/hex/tayf/research/papers/tmp/src/2608.11273
2607.28144,done,tex,/home/hex/tayf/research/papers/tmp/src/2607.28144
2601.20376,done,tex,/home/hex/tayf/research/papers/tmp/src/2601.20376
2606.15382,done,tex,/home/hex/tayf/research/papers/tmp/src/2606.15382
2606.18492,done,tex,/home/hex/tayf/research/papers/tmp/src/2606.18492
2608.00483,done,tex,/home/hex/tayf/research/papers/tmp/src/2608.00483
2512.09401,done,pdf,/home/hex/tayf/research/papers/tmp/txt/2512.09401.txt
2602.00186,done,tex,/home/hex/tayf/research/papers/tmp/src/2602.00186
2607.19731,done,tex,/home/hex/tayf/research/papers/tmp/src/2607.19731
2607.28049,done,tex,/home/hex/tayf/research/papers/tmp/src/2607.28049
2603.03812,done,pdf,/home/hex/tayf/research/papers/tmp/txt/2603.03812.txt
2608.11845,done,tex,/home/hex/tayf/research/papers/tmp/src/2608.11845
2604.07619,done,pdf,/home/hex/tayf/research/papers/tmp/txt/2604.07619.txt
2606.13957,done,tex,/home/hex/tayf/research/papers/tmp/src/2606.13957
2608.11861,done,tex,/home/hex/tayf/research/papers/tmp/src/2608.11861
2512.05395,done,pdf,/home/hex/tayf/research/papers/tmp/txt/2512.05395.txt
2608.04090,done,tex,/home/hex/tayf/research/papers/tmp/src/2608.04090
2603.27193,done,tex,/home/hex/tayf/research/papers/tmp/src/2603.27193
2603.21616,done,tex,/home/hex/tayf/research/papers/tmp/src/2603.21616
2607.23285,done,tex,/home/hex/tayf/research/papers/tmp/src/2607.23285
2608.09618,done,pdf,/home/hex/tayf/research/papers/tmp/txt/2608.09618.txt
2608.01457,done,tex,/home/hex/tayf/research/papers/tmp/src/2608.01457
2606.04595,done,tex,/home/hex/tayf/research/papers/tmp/src/2606.04595
2606.14173,done,tex,/home/hex/tayf/research/papers/tmp/src/2606.14173
2601.09022,done,pdf,/home/hex/tayf/research/papers/tmp/txt/2601.09022.txt
2604.25330,done,tex,/home/hex/tayf/research/papers/tmp/src/2604.25330
2605.11918,done,tex,/home/hex/tayf/research/papers/tmp/src/2605.11918
2605.13243,done,tex,/home/hex/tayf/research/papers/tmp/src/2605.13243
2607.12656,done,tex,/home/hex/tayf/research/papers/tmp/src/2607.12656
2508.17480,done,pdf,/home/hex/tayf/research/papers/tmp/txt/2508.17480.txt
2605.00448,done,tex,/home/hex/tayf/research/papers/tmp/src/2605.00448
2608.09458,done,pdf,/home/hex/tayf/research/papers/tmp/txt/2608.09458.txt
2608.10002,done,tex,/home/hex/tayf/research/papers/tmp/src/2608.10002
2509.19642,done,pdf,/home/hex/tayf/research/papers/tmp/txt/2509.19642.txt
2606.13110,done,tex,/home/hex/tayf/research/papers/tmp/src/2606.13110
2605.29063,done,tex,/home/hex/tayf/research/papers/tmp/src/2605.29063
2503.19604,error,,
2606.10550,done,tex,/home/hex/tayf/research/papers/tmp/src/2606.10550
2605.13541,done,tex,/home/hex/tayf/research/papers/tmp/src/2605.13541
2601.20066,done,pdf,/home/hex/tayf/research/papers/tmp/txt/2601.20066.txt
2601.08906,done,pdf,/home/hex/tayf/research/papers/tmp/txt/2601.08906.txt
2604.11181,done,tex,/home/hex/tayf/research/papers/tmp/src/2604.11181
2603.20574,done,pdf,/home/hex/tayf/research/papers/tmp/txt/2603.20574.txt
2508.08928,done,pdf,/home/hex/tayf/research/papers/tmp/txt/2508.08928.txt
2601.14766,done,pdf,/home/hex/tayf/research/papers/tmp/txt/2601.14766.txt
2509.01258,done,pdf,/home/hex/tayf/research/papers/tmp/txt/2509.01258.txt
2505.06582,error,,
2605.16376,done,tex,/home/hex/tayf/research/papers/tmp/src/2605.16376
2605.24250,done,tex,/home/hex/tayf/research/papers/tmp/src/2605.24250
2604.16237,done,tex,/home/hex/tayf/research/papers/tmp/src/2604.16237
2506.08064,error,,
2510.03812,done,pdf,/home/hex/tayf/research/papers/tmp/txt/2510.03812.txt
2603.22776,done,pdf,/home/hex/tayf/research/papers/tmp/txt/2603.22776.txt
2606.22648,done,tex,/home/hex/tayf/research/papers/tmp/src/2606.22648
2509.09235,error,,
2201.02698,done,tex,/home/hex/tayf/research/papers/tmp/src/2201.02698
2201.04168,done,tex,/home/hex/tayf/research/papers/tmp/src/2201.04168
2201.09658,error,,
2201.08266,error,,
2203.17261,done,tex,/home/hex/tayf/research/papers/tmp/src/2203.17261
2203.03334,done,tex,/home/hex/tayf/research/papers/tmp/src/2203.03334
2201.04123,done,tex,/home/hex/tayf/research/papers/tmp/src/2201.04123
2203.14478,done,tex,/home/hex/tayf/research/papers/tmp/src/2203.14478
2204.00840,done,pdf,/home/hex/tayf/research/papers/tmp/txt/2204.00840.txt
2204.04142,done,pdf,/home/hex/tayf/research/papers/tmp/txt/2204.04142.txt
2202.07817,done,tex,/home/hex/tayf/research/papers/tmp/src/2202.07817
2204.10477,error,,
2204.08755,done,tex,/home/hex/tayf/research/papers/tmp/src/2204.08755
2203.16985,done,tex,/home/hex/tayf/research/papers/tmp/src/2203.16985
2203.07931,done,tex,/home/hex/tayf/research/papers/tmp/src/2203.07931
2202.04879,done,tex,/home/hex/tayf/research/papers/tmp/src/2202.04879
2204.07969,done,tex,/home/hex/tayf/research/papers/tmp/src/2204.07969
2204.02445,done,tex,/home/hex/tayf/research/papers/tmp/src/2204.02445
2204.00656,done,tex,/home/hex/tayf/research/papers/tmp/src/2204.00656
2204.11798,done,tex,/home/hex/tayf/research/papers/tmp/src/2204.11798
2203.01247,done,tex,/home/hex/tayf/research/papers/tmp/src/2203.01247
2202.00181,done,tex,/home/hex/tayf/research/papers/tmp/src/2202.00181
2205.04160,done,pdf,/home/hex/tayf/research/papers/tmp/txt/2205.04160.txt
2204.14109,done,tex,/home/hex/tayf/research/papers/tmp/src/2204.14109
2204.11184,done,tex,/home/hex/tayf/research/papers/tmp/src/2204.11184
2202.13162,done,tex,/home/hex/tayf/research/papers/tmp/src/2202.13162
2201.02107,done,tex,/home/hex/tayf/research/papers/tmp/src/2201.02107
2205.06779,done,tex,/home/hex/tayf/research/papers/tmp/src/2205.06779
2205.06254,done,tex,/home/hex/tayf/research/papers/tmp/src/2205.06254
2201.07495,done,tex,/home/hex/tayf/research/papers/tmp/src/2201.07495
2201.00791,done,tex,/home/hex/tayf/research/papers/tmp/src/2201.00791
2204.10549,done,tex,/home/hex/tayf/research/papers/tmp/src/2204.10549
2205.04978,done,tex,/home/hex/tayf/research/papers/tmp/src/2205.04978
2203.10157,done,tex,/home/hex/tayf/research/papers/tmp/src/2203.10157
2203.05789,done,tex,/home/hex/tayf/research/papers/tmp/src/2203.05789
2205.15557,done,tex,/home/hex/tayf/research/papers/tmp/src/2205.15557
2201.01953,done,tex,/home/hex/tayf/research/papers/tmp/src/2201.01953
2204.02033,done,tex,/home/hex/tayf/research/papers/tmp/src/2204.02033
2205.15553,done,tex,/home/hex/tayf/research/papers/tmp/src/2205.15553
2202.00011,done,tex,/home/hex/tayf/research/papers/tmp/src/2202.00011
2201.08093,done,tex,/home/hex/tayf/research/papers/tmp/src/2201.08093
2206.04318,done,tex,/home/hex/tayf/research/papers/tmp/src/2206.04318
2206.01724,done,tex,/home/hex/tayf/research/papers/tmp/src/2206.01724
2205.15595,done,tex,/home/hex/tayf/research/papers/tmp/src/2205.15595
2205.13129,done,tex,/home/hex/tayf/research/papers/tmp/src/2205.13129
2204.02569,done,tex,/home/hex/tayf/research/papers/tmp/src/2204.02569
2205.15723,done,tex,/home/hex/tayf/research/papers/tmp/src/2205.15723
2204.13696,done,tex,/home/hex/tayf/research/papers/tmp/src/2204.13696
2203.16626,done,tex,/home/hex/tayf/research/papers/tmp/src/2203.16626
2206.09796,done,tex,/home/hex/tayf/research/papers/tmp/src/2206.09796
2206.11920,done,tex,/home/hex/tayf/research/papers/tmp/src/2206.11920
2203.08133,done,tex,/home/hex/tayf/research/papers/tmp/src/2203.08133
2205.14328,done,tex,/home/hex/tayf/research/papers/tmp/src/2205.14328
2203.08964,done,tex,/home/hex/tayf/research/papers/tmp/src/2203.08964
2205.09343,done,tex,/home/hex/tayf/research/papers/tmp/src/2205.09343
2205.15768,done,tex,/home/hex/tayf/research/papers/tmp/src/2205.15768
2204.10850,done,tex,/home/hex/tayf/research/papers/tmp/src/2204.10850
2206.11952,done,tex,/home/hex/tayf/research/papers/tmp/src/2206.11952
2203.10194,done,tex,/home/hex/tayf/research/papers/tmp/src/2203.10194
2206.06481,done,tex,/home/hex/tayf/research/papers/tmp/src/2206.06481
2206.15109,done,pdf,/home/hex/tayf/research/papers/tmp/txt/2206.15109.txt
2206.13996,done,tex,/home/hex/tayf/research/papers/tmp/src/2206.13996
2206.12762,done,tex,/home/hex/tayf/research/papers/tmp/src/2206.12762
2206.05426,done,pdf,/home/hex/tayf/research/papers/tmp/txt/2206.05426.txt
2204.01943,done,tex,/home/hex/tayf/research/papers/tmp/src/2204.01943
2206.07698,done,tex,/home/hex/tayf/research/papers/tmp/src/2206.07698
2207.02031,done,tex,/home/hex/tayf/research/papers/tmp/src/2207.02031
2207.06168,done,tex,/home/hex/tayf/research/papers/tmp/src/2207.06168
2207.01164,done,tex,/home/hex/tayf/research/papers/tmp/src/2207.01164
2207.06673,done,pdf,/home/hex/tayf/research/papers/tmp/txt/2207.06673.txt
2207.09193,done,tex,/home/hex/tayf/research/papers/tmp/src/2207.09193
2207.02621,done,tex,/home/hex/tayf/research/papers/tmp/src/2207.02621
2207.09735,done,tex,/home/hex/tayf/research/papers/tmp/src/2207.09735
2207.10368,done,tex,/home/hex/tayf/research/papers/tmp/src/2207.10368
2207.05053,done,tex,/home/hex/tayf/research/papers/tmp/src/2207.05053
2203.16681,done,tex,/home/hex/tayf/research/papers/tmp/src/2203.16681
2206.05375,done,tex,/home/hex/tayf/research/papers/tmp/src/2206.05375
2205.06934,done,tex,/home/hex/tayf/research/papers/tmp/src/2205.06934
2207.11406,done,tex,/home/hex/tayf/research/papers/tmp/src/2207.11406
2207.10662,done,tex,/home/hex/tayf/research/papers/tmp/src/2207.10662
2207.02363,done,tex,/home/hex/tayf/research/papers/tmp/src/2207.02363
2207.10312,done,tex,/home/hex/tayf/research/papers/tmp/src/2207.10312
2205.07058,done,tex,/home/hex/tayf/research/papers/tmp/src/2205.07058
2207.00993,done,tex,/home/hex/tayf/research/papers/tmp/src/2207.00993
2204.05735,done,tex,/home/hex/tayf/research/papers/tmp/src/2204.05735
2201.08763,done,tex,/home/hex/tayf/research/papers/tmp/src/2201.08763
2207.09835,done,tex,/home/hex/tayf/research/papers/tmp/src/2207.09835
2208.00561,done,tex,/home/hex/tayf/research/papers/tmp/src/2208.00561
2208.00571,done,tex,/home/hex/tayf/research/papers/tmp/src/2208.00571
2203.04358,done,tex,/home/hex/tayf/research/papers/tmp/src/2203.04358
2204.02825,done,tex,/home/hex/tayf/research/papers/tmp/src/2204.02825
2207.11757,done,tex,/home/hex/tayf/research/papers/tmp/src/2207.11757
2208.04717,done,tex,/home/hex/tayf/research/papers/tmp/src/2208.04717
2208.08728,done,tex,/home/hex/tayf/research/papers/tmp/src/2208.08728
2204.00928,done,tex,/home/hex/tayf/research/papers/tmp/src/2204.00928
2208.09823,done,tex,/home/hex/tayf/research/papers/tmp/src/2208.09823
2208.11251,done,tex,/home/hex/tayf/research/papers/tmp/src/2208.11251
2201.08845,done,tex,/home/hex/tayf/research/papers/tmp/src/2201.08845
2207.14741,done,tex,/home/hex/tayf/research/papers/tmp/src/2207.14741
2208.14851,done,tex,/home/hex/tayf/research/papers/tmp/src/2208.14851
2208.06804,done,tex,/home/hex/tayf/research/papers/tmp/src/2208.06804
2208.10781,done,tex,/home/hex/tayf/research/papers/tmp/src/2208.10781
2208.05963,done,tex,/home/hex/tayf/research/papers/tmp/src/2208.05963
2203.11832,done,tex,/home/hex/tayf/research/papers/tmp/src/2203.11832
2209.03910,done,tex,/home/hex/tayf/research/papers/tmp/src/2209.03910
2208.10922,done,tex,/home/hex/tayf/research/papers/tmp/src/2208.10922
2209.03726,done,tex,/home/hex/tayf/research/papers/tmp/src/2209.03726
2209.01320,done,tex,/home/hex/tayf/research/papers/tmp/src/2209.01320
2203.08765,done,tex,/home/hex/tayf/research/papers/tmp/src/2203.08765
2203.16875,done,tex,/home/hex/tayf/research/papers/tmp/src/2203.16875
2202.02489,done,tex,/home/hex/tayf/research/papers/tmp/src/2202.02489
2208.10211,done,tex,/home/hex/tayf/research/papers/tmp/src/2208.10211
2202.07824,done,tex,/home/hex/tayf/research/papers/tmp/src/2202.07824
2209.08956,done,tex,/home/hex/tayf/research/papers/tmp/src/2209.08956
2209.08546,done,tex,/home/hex/tayf/research/papers/tmp/src/2209.08546
2207.11770,done,tex,/home/hex/tayf/research/papers/tmp/src/2207.11770
2209.13906,done,tex,/home/hex/tayf/research/papers/tmp/src/2209.13906
2209.05761,done,tex,/home/hex/tayf/research/papers/tmp/src/2209.05761
2209.14426,done,tex,/home/hex/tayf/research/papers/tmp/src/2209.14426
2206.11896,done,tex,/home/hex/tayf/research/papers/tmp/src/2206.11896
2208.00164,done,tex,/home/hex/tayf/research/papers/tmp/src/2208.00164
2209.15557,done,tex,/home/hex/tayf/research/papers/tmp/src/2209.15557
2208.04611,done,tex,/home/hex/tayf/research/papers/tmp/src/2208.04611
2201.07927,done,tex,/home/hex/tayf/research/papers/tmp/src/2201.07927
2209.15455,done,tex,/home/hex/tayf/research/papers/tmp/src/2209.15455
2209.11299,done,tex,/home/hex/tayf/research/papers/tmp/src/2209.11299
2202.11891,done,tex,/home/hex/tayf/research/papers/tmp/src/2202.11891
2209.07366,done,tex,/home/hex/tayf/research/papers/tmp/src/2209.07366
2209.15475,done,tex,/home/hex/tayf/research/papers/tmp/src/2209.15475
2209.14819,done,tex,/home/hex/tayf/research/papers/tmp/src/2209.14819
2210.01651,done,tex,/home/hex/tayf/research/papers/tmp/src/2210.01651
2209.00065,done,tex,/home/hex/tayf/research/papers/tmp/src/2209.00065
2209.15637,done,tex,/home/hex/tayf/research/papers/tmp/src/2209.15637
2210.04158,done,tex,/home/hex/tayf/research/papers/tmp/src/2210.04158
2210.04218,done,tex,/home/hex/tayf/research/papers/tmp/src/2210.04218
2210.04671,done,tex,/home/hex/tayf/research/papers/tmp/src/2210.04671
2210.04574,done,tex,/home/hex/tayf/research/papers/tmp/src/2210.04574
2209.09209,done,tex,/home/hex/tayf/research/papers/tmp/src/2209.09209
2201.01683,done,pdf,/home/hex/tayf/research/papers/tmp/txt/2201.01683.txt
2210.01868,done,tex,/home/hex/tayf/research/papers/tmp/src/2210.01868
2210.00183,done,tex,/home/hex/tayf/research/papers/tmp/src/2210.00183
2209.03694,done,tex,/home/hex/tayf/research/papers/tmp/src/2209.03694
2210.04214,done,tex,/home/hex/tayf/research/papers/tmp/src/2210.04214
2201.08158,done,pdf,/home/hex/tayf/research/papers/tmp/txt/2201.08158.txt
2210.04932,done,tex,/home/hex/tayf/research/papers/tmp/src/2210.04932
2209.04061,done,tex,/home/hex/tayf/research/papers/tmp/src/2209.04061
2210.06961,done,tex,/home/hex/tayf/research/papers/tmp/src/2210.06961
2210.01264,done,tex,/home/hex/tayf/research/papers/tmp/src/2210.01264
2204.07243,done,pdf,/home/hex/tayf/research/papers/tmp/txt/2204.07243.txt
2210.04868,done,tex,/home/hex/tayf/research/papers/tmp/src/2210.04868
2203.03664,done,pdf,/home/hex/tayf/research/papers/tmp/txt/2203.03664.txt
2210.11545,done,pdf,/home/hex/tayf/research/papers/tmp/txt/2210.11545.txt
2203.15798,done,pdf,/home/hex/tayf/research/papers/tmp/txt/2203.15798.txt
2208.00949,done,tex,/home/hex/tayf/research/papers/tmp/src/2208.00949
2210.10036,done,tex,/home/hex/tayf/research/papers/tmp/src/2210.10036
2210.07181,done,tex,/home/hex/tayf/research/papers/tmp/src/2210.07181
2210.01588,done,tex,/home/hex/tayf/research/papers/tmp/src/2210.01588
2210.12003,done,tex,/home/hex/tayf/research/papers/tmp/src/2210.12003
2201.02533,done,pdf,/home/hex/tayf/research/papers/tmp/txt/2201.02533.txt
2210.08535,done,tex,/home/hex/tayf/research/papers/tmp/src/2210.08535
2211.02386,done,tex,/home/hex/tayf/research/papers/tmp/src/2211.02386
2210.11170,done,tex,/home/hex/tayf/research/papers/tmp/src/2210.11170
2211.03889,done,tex,/home/hex/tayf/research/papers/tmp/src/2211.03889
2210.05665,done,tex,/home/hex/tayf/research/papers/tmp/src/2210.05665
2204.10993,done,pdf,/home/hex/tayf/research/papers/tmp/txt/2204.10993.txt
2211.02784,done,tex,/home/hex/tayf/research/papers/tmp/src/2211.02784
2211.11505,done,tex,/home/hex/tayf/research/papers/tmp/src/2211.11505
2210.08936,done,tex,/home/hex/tayf/research/papers/tmp/src/2210.08936
2210.00379,done,tex,/home/hex/tayf/research/papers/tmp/src/2210.00379
2205.05869,done,pdf,/home/hex/tayf/research/papers/tmp/txt/2205.05869.txt
2210.05135,done,tex,/home/hex/tayf/research/papers/tmp/src/2210.05135
2211.12145,done,tex,/home/hex/tayf/research/papers/tmp/src/2211.12145
2205.14330,done,pdf,/home/hex/tayf/research/papers/tmp/txt/2205.14330.txt
2211.11082,done,tex,/home/hex/tayf/research/papers/tmp/src/2211.11082
2203.12976,done,pdf,/home/hex/tayf/research/papers/tmp/txt/2203.12976.txt
2204.03245,done,pdf,/home/hex/tayf/research/papers/tmp/txt/2204.03245.txt
2211.05636,done,tex,/home/hex/tayf/research/papers/tmp/src/2211.05636
2211.12853,done,tex,/home/hex/tayf/research/papers/tmp/src/2211.12853
2203.04463,error,,
2211.13206,done,tex,/home/hex/tayf/research/papers/tmp/src/2211.13206
2211.13357,done,tex,/home/hex/tayf/research/papers/tmp/src/2211.13357
2211.13494,done,tex,/home/hex/tayf/research/papers/tmp/src/2211.13494
2210.15972,done,tex,/home/hex/tayf/research/papers/tmp/src/2210.15972
2210.16107,done,tex,/home/hex/tayf/research/papers/tmp/src/2210.16107
2211.12254,done,tex,/home/hex/tayf/research/papers/tmp/src/2211.12254
2207.14096,done,tex,/home/hex/tayf/research/papers/tmp/src/2207.14096
2211.15601,done,tex,/home/hex/tayf/research/papers/tmp/src/2211.15601
2211.16211,error,,
2211.14799,done,tex,/home/hex/tayf/research/papers/tmp/src/2211.14799
2211.16342,done,tex,/home/hex/tayf/research/papers/tmp/src/2211.16342
2203.14698,done,pdf,/home/hex/tayf/research/papers/tmp/txt/2203.14698.txt
2211.12436,done,tex,/home/hex/tayf/research/papers/tmp/src/2211.12436
2211.16988,done,tex,/home/hex/tayf/research/papers/tmp/src/2211.16988
2211.14589,done,tex,/home/hex/tayf/research/papers/tmp/src/2211.14589
2212.02280,done,tex,/home/hex/tayf/research/papers/tmp/src/2212.02280
2211.16630,done,tex,/home/hex/tayf/research/papers/tmp/src/2211.16630
2203.16202,done,pdf,/home/hex/tayf/research/papers/tmp/txt/2203.16202.txt
2211.12046,done,tex,/home/hex/tayf/research/papers/tmp/src/2211.12046
2201.02610,done,pdf,/home/hex/tayf/research/papers/tmp/txt/2201.02610.txt
2203.04130,done,pdf,/home/hex/tayf/research/papers/tmp/txt/2203.04130.txt
2210.14295,done,tex,/home/hex/tayf/research/papers/tmp/src/2210.14295
2201.12204,done,pdf,/home/hex/tayf/research/papers/tmp/txt/2201.12204.txt
2212.06506,error,,
2212.04247,done,tex,/home/hex/tayf/research/papers/tmp/src/2212.04247
2211.11215,done,tex,/home/hex/tayf/research/papers/tmp/src/2211.11215
2210.06742,done,tex,/home/hex/tayf/research/papers/tmp/src/2210.06742
2207.04465,done,pdf,/home/hex/tayf/research/papers/tmp/txt/2207.04465.txt
2206.08355,done,pdf,/home/hex/tayf/research/papers/tmp/txt/2206.08355.txt
2212.07039,done,tex,/home/hex/tayf/research/papers/tmp/src/2212.07039
2211.11734,done,tex,/home/hex/tayf/research/papers/tmp/src/2211.11734
2212.02375,done,tex,/home/hex/tayf/research/papers/tmp/src/2212.02375
2212.08216,done,tex,/home/hex/tayf/research/papers/tmp/src/2212.08216
2212.07648,done,tex,/home/hex/tayf/research/papers/tmp/src/2212.07648
2207.07621,done,pdf,/home/hex/tayf/research/papers/tmp/txt/2207.07621.txt
2209.13801,done,pdf,/home/hex/tayf/research/papers/tmp/txt/2209.13801.txt
2212.08476,done,tex,/home/hex/tayf/research/papers/tmp/src/2212.08476
2207.11243,done,pdf,/home/hex/tayf/research/papers/tmp/txt/2207.11243.txt
2212.11966,done,tex,/home/hex/tayf/research/papers/tmp/src/2212.11966
2209.02200,done,pdf,/home/hex/tayf/research/papers/tmp/txt/2209.02200.txt
2212.12327,done,tex,/home/hex/tayf/research/papers/tmp/src/2212.12327
2212.04701,done,tex,/home/hex/tayf/research/papers/tmp/src/2212.04701
2301.01069,done,tex,/home/hex/tayf/research/papers/tmp/src/2301.01069
2212.13691,done,pdf,/home/hex/tayf/research/papers/tmp/txt/2212.13691.txt
2211.15692,done,tex,/home/hex/tayf/research/papers/tmp/src/2211.15692
2212.13136,done,tex,/home/hex/tayf/research/papers/tmp/src/2212.13136
2203.14939,done,pdf,/home/hex/tayf/research/papers/tmp/txt/2203.14939.txt
2301.05187,done,tex,/home/hex/tayf/research/papers/tmp/src/2301.05187
2212.00787,done,tex,/home/hex/tayf/research/papers/tmp/src/2212.00787
2202.05263,error,,
2202.01821,error,,
2203.01913,error,,
2203.01577,error,,
2202.06300,error,,
2203.09957,error,,
2202.06088,error,,
2202.08418,error,,
2301.06084,done,tex,/home/hex/tayf/research/papers/tmp/src/2301.06084
2212.02469,done,tex,/home/hex/tayf/research/papers/tmp/src/2212.02469
2301.12891,done,pdf,/home/hex/tayf/research/papers/tmp/txt/2301.12891.txt
2301.00411,done,tex,/home/hex/tayf/research/papers/tmp/src/2301.00411
2210.08398,done,tex,/home/hex/tayf/research/papers/tmp/src/2210.08398
2210.07301,done,tex,/home/hex/tayf/research/papers/tmp/src/2210.07301
2301.06059,done,tex,/home/hex/tayf/research/papers/tmp/src/2301.06059
2206.13112,done,pdf,/home/hex/tayf/research/papers/tmp/txt/2206.13112.txt
2301.04075,done,tex,/home/hex/tayf/research/papers/tmp/src/2301.04075
2302.03397,done,tex,/home/hex/tayf/research/papers/tmp/src/2302.03397
2302.01585,done,tex,/home/hex/tayf/research/papers/tmp/src/2302.01585
2211.11738,done,tex,/home/hex/tayf/research/papers/tmp/src/2211.11738
2302.06468,done,tex,/home/hex/tayf/research/papers/tmp/src/2302.06468
2302.10109,done,tex,/home/hex/tayf/research/papers/tmp/src/2302.10109
2301.08556,done,tex,/home/hex/tayf/research/papers/tmp/src/2301.08556
2302.08788,done,tex,/home/hex/tayf/research/papers/tmp/src/2302.08788
2302.01571,done,tex,/home/hex/tayf/research/papers/tmp/src/2302.01571
2204.13637,error,,
2302.12249,done,tex,/home/hex/tayf/research/papers/tmp/src/2302.12249
2302.12237,done,tex,/home/hex/tayf/research/papers/tmp/src/2302.12237
2301.02379,done,tex,/home/hex/tayf/research/papers/tmp/src/2301.02379
2302.12562,done,tex,/home/hex/tayf/research/papers/tmp/src/2302.12562
2302.10518,done,tex,/home/hex/tayf/research/papers/tmp/src/2302.10518
2212.08067,done,tex,/home/hex/tayf/research/papers/tmp/src/2212.08067
2301.07681,done,tex,/home/hex/tayf/research/papers/tmp/src/2301.07681
2302.11566,done,tex,/home/hex/tayf/research/papers/tmp/src/2302.11566
2303.00298,done,tex,/home/hex/tayf/research/papers/tmp/src/2303.00298
2303.00542,done,tex,/home/hex/tayf/research/papers/tmp/src/2303.00542
2205.15585,done,pdf,/home/hex/tayf/research/papers/tmp/txt/2205.15585.txt
2301.10922,done,tex,/home/hex/tayf/research/papers/tmp/src/2301.10922
2205.11948,error,,
2303.01736,done,pdf,/home/hex/tayf/research/papers/tmp/txt/2303.01736.txt
2303.02460,done,tex,/home/hex/tayf/research/papers/tmp/src/2303.02460
2212.03635,done,tex,/home/hex/tayf/research/papers/tmp/src/2212.03635
2302.12231,done,tex,/home/hex/tayf/research/papers/tmp/src/2302.12231
2303.00744,done,tex,/home/hex/tayf/research/papers/tmp/src/2303.00744
2205.14332,error,,
2207.14455,done,pdf,/home/hex/tayf/research/papers/tmp/txt/2207.14455.txt
2303.03966,done,tex,/home/hex/tayf/research/papers/tmp/src/2303.03966
2303.05703,done,tex,/home/hex/tayf/research/papers/tmp/src/2303.05703
2206.03380,error,,
2303.03808,done,tex,/home/hex/tayf/research/papers/tmp/src/2303.03808
2210.04888,done,pdf,/home/hex/tayf/research/papers/tmp/txt/2210.04888.txt
2206.04901,error,,
2303.06138,done,tex,/home/hex/tayf/research/papers/tmp/src/2303.06138
2303.00050,done,tex,/home/hex/tayf/research/papers/tmp/src/2303.00050
2303.04869,done,tex,/home/hex/tayf/research/papers/tmp/src/2303.04869
2303.04413,done,tex,/home/hex/tayf/research/papers/tmp/src/2303.04413
2303.05915,done,tex,/home/hex/tayf/research/papers/tmp/src/2303.05915
2302.14683,done,tex,/home/hex/tayf/research/papers/tmp/src/2302.14683
2210.00647,done,pdf,/home/hex/tayf/research/papers/tmp/txt/2210.00647.txt
2209.01194,done,pdf,/home/hex/tayf/research/papers/tmp/txt/2209.01194.txt
2301.10093,done,tex,/home/hex/tayf/research/papers/tmp/src/2301.10093
2303.06357,done,tex,/home/hex/tayf/research/papers/tmp/src/2303.06357
2303.08096,done,tex,/home/hex/tayf/research/papers/tmp/src/2303.08096
2206.14938,error,,
2207.00974,error,,
2301.00023,done,tex,/home/hex/tayf/research/papers/tmp/src/2301.00023
2301.05747,done,tex,/home/hex/tayf/research/papers/tmp/src/2301.05747
2303.09095,done,tex,/home/hex/tayf/research/papers/tmp/src/2303.09095
2303.09375,done,tex,/home/hex/tayf/research/papers/tmp/src/2303.09375
2303.04805,done,tex,/home/hex/tayf/research/papers/tmp/src/2303.04805
2207.02431,error,,
2302.04871,done,tex,/home/hex/tayf/research/papers/tmp/src/2302.04871
2303.11052,done,tex,/home/hex/tayf/research/papers/tmp/src/2303.11052
2207.05736,error,,
2303.11215,done,tex,/home/hex/tayf/research/papers/tmp/src/2303.11215
2212.04074,done,tex,/home/hex/tayf/research/papers/tmp/src/2212.04074
2303.05835,done,tex,/home/hex/tayf/research/papers/tmp/src/2303.05835
2303.11364,done,tex,/home/hex/tayf/research/papers/tmp/src/2303.11364
2211.12499,done,pdf,/home/hex/tayf/research/papers/tmp/txt/2211.12499.txt
2303.13232,done,tex,/home/hex/tayf/research/papers/tmp/src/2303.13232
2210.12268,done,pdf,/home/hex/tayf/research/papers/tmp/txt/2210.12268.txt
2303.08695,done,tex,/home/hex/tayf/research/papers/tmp/src/2303.08695
2212.07422,done,tex,/home/hex/tayf/research/papers/tmp/src/2212.07422
2303.00749,done,tex,/home/hex/tayf/research/papers/tmp/src/2303.00749
2303.12786,done,tex,/home/hex/tayf/research/papers/tmp/src/2303.12786
2211.15064,done,pdf,/home/hex/tayf/research/papers/tmp/txt/2211.15064.txt
2212.08070,done,tex,/home/hex/tayf/research/papers/tmp/src/2212.08070
2303.13825,done,tex,/home/hex/tayf/research/papers/tmp/src/2303.13825
2303.14536,done,tex,/home/hex/tayf/research/papers/tmp/src/2303.14536
2303.14806,done,tex,/home/hex/tayf/research/papers/tmp/src/2303.14806
2208.05751,error,,
2303.12408,done,tex,/home/hex/tayf/research/papers/tmp/src/2303.12408
2303.08808,done,tex,/home/hex/tayf/research/papers/tmp/src/2303.08808
2303.06942,done,tex,/home/hex/tayf/research/papers/tmp/src/2303.06942
2303.15108,done,tex,/home/hex/tayf/research/papers/tmp/src/2303.15108
2303.14707,done,tex,/home/hex/tayf/research/papers/tmp/src/2303.14707
2303.15387,done,tex,/home/hex/tayf/research/papers/tmp/src/2303.15387
2303.15951,done,tex,/home/hex/tayf/research/papers/tmp/src/2303.15951
2303.09412,done,tex,/home/hex/tayf/research/papers/tmp/src/2303.09412
2211.14086,done,pdf,/home/hex/tayf/research/papers/tmp/txt/2211.14086.txt
2302.13519,done,tex,/home/hex/tayf/research/papers/tmp/src/2302.13519
2303.16333,done,tex,/home/hex/tayf/research/papers/tmp/src/2303.16333
2303.07596,done,tex,/home/hex/tayf/research/papers/tmp/src/2303.07596
2211.14108,done,pdf,/home/hex/tayf/research/papers/tmp/txt/2211.14108.txt
2303.12564,done,tex,/home/hex/tayf/research/papers/tmp/src/2303.12564
2303.16196,done,tex,/home/hex/tayf/research/papers/tmp/src/2303.16196
2209.05277,error,,
2209.10507,error,,
2212.08825,done,pdf,/home/hex/tayf/research/papers/tmp/txt/2212.08825.txt
2210.13923,done,pdf,/home/hex/tayf/research/papers/tmp/txt/2210.13923.txt
2211.13126,done,pdf,/home/hex/tayf/research/papers/tmp/txt/2211.13126.txt
2303.13582,done,tex,/home/hex/tayf/research/papers/tmp/src/2303.13582
2304.01436,done,tex,/home/hex/tayf/research/papers/tmp/src/2304.01436
2303.16184,done,tex,/home/hex/tayf/research/papers/tmp/src/2303.16184
2303.15377,done,tex,/home/hex/tayf/research/papers/tmp/src/2303.15377
2304.04515,done,tex,/home/hex/tayf/research/papers/tmp/src/2304.04515
2303.17583,done,tex,/home/hex/tayf/research/papers/tmp/src/2303.17583
2303.11444,done,tex,/home/hex/tayf/research/papers/tmp/src/2303.11444
2304.00916,done,tex,/home/hex/tayf/research/papers/tmp/src/2304.00916
2304.05104,done,tex,/home/hex/tayf/research/papers/tmp/src/2304.05104
2301.12058,done,pdf,/home/hex/tayf/research/papers/tmp/txt/2301.12058.txt
2303.17606,done,tex,/home/hex/tayf/research/papers/tmp/src/2303.17606
2302.01532,done,tex,/home/hex/tayf/research/papers/tmp/src/2302.01532
2210.01447,error,,
2304.05620,done,tex,/home/hex/tayf/research/papers/tmp/src/2304.05620
2304.04133,done,tex,/home/hex/tayf/research/papers/tmp/src/2304.04133
2303.11728,done,tex,/home/hex/tayf/research/papers/tmp/src/2303.11728
2211.14651,done,pdf,/home/hex/tayf/research/papers/tmp/txt/2211.14651.txt
2304.06969,done,tex,/home/hex/tayf/research/papers/tmp/src/2304.06969
2301.06143,done,pdf,/home/hex/tayf/research/papers/tmp/txt/2301.06143.txt
2304.05947,done,tex,/home/hex/tayf/research/papers/tmp/src/2304.05947
2304.05218,done,tex,/home/hex/tayf/research/papers/tmp/src/2304.05218
2303.13777,done,tex,/home/hex/tayf/research/papers/tmp/src/2303.13777
2303.13743,done,tex,/home/hex/tayf/research/papers/tmp/src/2303.13743
2304.01197,done,tex,/home/hex/tayf/research/papers/tmp/src/2304.01197
2304.06714,done,tex,/home/hex/tayf/research/papers/tmp/src/2304.06714
2303.17368,done,tex,/home/hex/tayf/research/papers/tmp/src/2303.17368
2303.13071,done,tex,/home/hex/tayf/research/papers/tmp/src/2303.13071
2303.18246,done,tex,/home/hex/tayf/research/papers/tmp/src/2303.18246
2304.08971,done,tex,/home/hex/tayf/research/papers/tmp/src/2304.08971
2304.11521,done,tex,/home/hex/tayf/research/papers/tmp/src/2304.11521
2210.13041,error,,
2304.06287,done,tex,/home/hex/tayf/research/papers/tmp/src/2304.06287
2304.09987,done,tex,/home/hex/tayf/research/papers/tmp/src/2304.09987
2304.07915,done,tex,/home/hex/tayf/research/papers/tmp/src/2304.07915
2212.09100,done,pdf,/home/hex/tayf/research/papers/tmp/txt/2212.09100.txt
2304.13386,done,tex,/home/hex/tayf/research/papers/tmp/src/2304.13386
2211.00166,error,,
2304.13590,done,pdf,/home/hex/tayf/research/papers/tmp/txt/2304.13590.txt
2304.05821,done,tex,/home/hex/tayf/research/papers/tmp/src/2304.05821
2304.14401,done,tex,/home/hex/tayf/research/papers/tmp/src/2304.14401
2304.05097,done,tex,/home/hex/tayf/research/papers/tmp/src/2304.05097
2304.11241,done,tex,/home/hex/tayf/research/papers/tmp/src/2304.11241
2303.12791,done,tex,/home/hex/tayf/research/papers/tmp/src/2303.12791
2303.17094,done,tex,/home/hex/tayf/research/papers/tmp/src/2303.17094
2305.00375,done,tex,/home/hex/tayf/research/papers/tmp/src/2305.00375
2304.02626,done,tex,/home/hex/tayf/research/papers/tmp/src/2304.02626
2303.04322,done,pdf,/home/hex/tayf/research/papers/tmp/txt/2303.04322.txt
2304.10532,done,tex,/home/hex/tayf/research/papers/tmp/src/2304.10532
2301.07668,done,pdf,/home/hex/tayf/research/papers/tmp/txt/2301.07668.txt
2303.16479,done,tex,/home/hex/tayf/research/papers/tmp/src/2303.16479
2211.11903,error,,
2305.00936,done,tex,/home/hex/tayf/research/papers/tmp/src/2305.00936
2305.03049,done,tex,/home/hex/tayf/research/papers/tmp/src/2305.03049
2304.00359,done,tex,/home/hex/tayf/research/papers/tmp/src/2304.00359
2303.14435,done,tex,/home/hex/tayf/research/papers/tmp/src/2303.14435
2304.12294,done,tex,/home/hex/tayf/research/papers/tmp/src/2304.12294
2304.14070,done,tex,/home/hex/tayf/research/papers/tmp/src/2304.14070
2303.06907,done,pdf,/home/hex/tayf/research/papers/tmp/txt/2303.06907.txt
2212.08057,done,pdf,/home/hex/tayf/research/papers/tmp/txt/2212.08057.txt
2305.08854,done,tex,/home/hex/tayf/research/papers/tmp/src/2305.08854
2305.10503,done,tex,/home/hex/tayf/research/papers/tmp/src/2305.10503
2304.14811,done,tex,/home/hex/tayf/research/papers/tmp/src/2304.14811
2305.14312,done,tex,/home/hex/tayf/research/papers/tmp/src/2305.14312
2304.12051,done,tex,/home/hex/tayf/research/papers/tmp/src/2304.12051
2305.16411,done,tex,/home/hex/tayf/research/papers/tmp/src/2305.16411
2302.07909,done,pdf,/home/hex/tayf/research/papers/tmp/txt/2302.07909.txt
2305.03043,done,tex,/home/hex/tayf/research/papers/tmp/src/2305.03043
2304.11835,done,tex,/home/hex/tayf/research/papers/tmp/src/2304.11835
2305.11856,done,tex,/home/hex/tayf/research/papers/tmp/src/2305.11856
2305.19065,done,tex,/home/hex/tayf/research/papers/tmp/src/2305.19065
2304.11112,done,pdf,/home/hex/tayf/research/papers/tmp/txt/2304.11112.txt
2305.14831,done,tex,/home/hex/tayf/research/papers/tmp/src/2305.14831
2212.01368,error,,
2212.01331,error,,
2304.09938,done,tex,/home/hex/tayf/research/papers/tmp/src/2304.09938
2305.11031,done,tex,/home/hex/tayf/research/papers/tmp/src/2305.11031
2305.00041,done,tex,/home/hex/tayf/research/papers/tmp/src/2305.00041
2304.06717,done,tex,/home/hex/tayf/research/papers/tmp/src/2304.06717
2304.07159,done,tex,/home/hex/tayf/research/papers/tmp/src/2304.07159
2304.11619,done,tex,/home/hex/tayf/research/papers/tmp/src/2304.11619
2304.09677,done,tex,/home/hex/tayf/research/papers/tmp/src/2304.09677
2304.14471,done,tex,/home/hex/tayf/research/papers/tmp/src/2304.14471
2304.10448,done,tex,/home/hex/tayf/research/papers/tmp/src/2304.10448
2306.06406,error,,
2304.11113,done,tex,/home/hex/tayf/research/papers/tmp/src/2304.11113
2212.02501,error,,
2212.03237,error,,
2306.07579,done,tex,/home/hex/tayf/research/papers/tmp/src/2306.07579
2303.14479,done,pdf,/home/hex/tayf/research/papers/tmp/txt/2303.14479.txt
2306.10350,done,tex,/home/hex/tayf/research/papers/tmp/src/2306.10350
2306.02903,done,tex,/home/hex/tayf/research/papers/tmp/src/2306.02903
2306.06044,done,tex,/home/hex/tayf/research/papers/tmp/src/2306.06044
2306.13960,done,tex,/home/hex/tayf/research/papers/tmp/src/2306.13960
2301.09632,done,pdf,/home/hex/tayf/research/papers/tmp/txt/2301.09632.txt
2306.16615,done,tex,/home/hex/tayf/research/papers/tmp/src/2306.16615
2306.06388,done,tex,/home/hex/tayf/research/papers/tmp/src/2306.06388
2304.10406,done,tex,/home/hex/tayf/research/papers/tmp/src/2304.10406
2303.08370,done,pdf,/home/hex/tayf/research/papers/tmp/txt/2303.08370.txt
2306.16718,done,tex,/home/hex/tayf/research/papers/tmp/src/2306.16718
2303.04027,done,pdf,/home/hex/tayf/research/papers/tmp/txt/2303.04027.txt
2306.09864,done,tex,/home/hex/tayf/research/papers/tmp/src/2306.09864
2307.03980,error,,
2305.17398,done,tex,/home/hex/tayf/research/papers/tmp/src/2305.17398
2304.02736,done,tex,/home/hex/tayf/research/papers/tmp/src/2304.02736
2305.15171,done,tex,/home/hex/tayf/research/papers/tmp/src/2305.15171
2306.00547,done,tex,/home/hex/tayf/research/papers/tmp/src/2306.00547
2306.06359,done,tex,/home/hex/tayf/research/papers/tmp/src/2306.06359
2303.06919,done,pdf,/home/hex/tayf/research/papers/tmp/txt/2303.06919.txt
2212.10699,error,,
2306.10439,done,tex,/home/hex/tayf/research/papers/tmp/src/2306.10439
2307.06720,done,tex,/home/hex/tayf/research/papers/tmp/src/2307.06720
2307.04187,done,tex,/home/hex/tayf/research/papers/tmp/src/2307.04187
2307.09070,done,tex,/home/hex/tayf/research/papers/tmp/src/2307.09070
2305.11588,done,tex,/home/hex/tayf/research/papers/tmp/src/2305.11588
2212.10950,error,,
2307.10609,done,tex,/home/hex/tayf/research/papers/tmp/src/2307.10609
2306.00783,done,tex,/home/hex/tayf/research/papers/tmp/src/2306.00783
2303.17968,done,pdf,/home/hex/tayf/research/papers/tmp/txt/2303.17968.txt
2307.12291,done,tex,/home/hex/tayf/research/papers/tmp/src/2307.12291
2307.10173,done,tex,/home/hex/tayf/research/papers/tmp/src/2307.10173
2307.03404,done,tex,/home/hex/tayf/research/papers/tmp/src/2307.03404
2307.08093,done,tex,/home/hex/tayf/research/papers/tmp/src/2307.08093
2304.02001,done,pdf,/home/hex/tayf/research/papers/tmp/txt/2304.02001.txt
2307.14620,done,tex,/home/hex/tayf/research/papers/tmp/src/2307.14620
2307.10206,done,tex,/home/hex/tayf/research/papers/tmp/src/2307.10206
2304.04897,done,pdf,/home/hex/tayf/research/papers/tmp/txt/2304.04897.txt
2307.16114,done,tex,/home/hex/tayf/research/papers/tmp/src/2307.16114
2308.02751,done,tex,/home/hex/tayf/research/papers/tmp/src/2308.02751
2308.03280,done,tex,/home/hex/tayf/research/papers/tmp/src/2308.03280
2308.03643,done,tex,/home/hex/tayf/research/papers/tmp/src/2308.03643
2308.01613,done,tex,/home/hex/tayf/research/papers/tmp/src/2308.01613
2308.04535,done,tex,/home/hex/tayf/research/papers/tmp/src/2308.04535
2308.00924,done,tex,/home/hex/tayf/research/papers/tmp/src/2308.00924
2308.02963,done,tex,/home/hex/tayf/research/papers/tmp/src/2308.02963
2301.06782,error,,
2301.09460,error,,
2308.04826,done,tex,/home/hex/tayf/research/papers/tmp/src/2308.04826
2308.06945,done,tex,/home/hex/tayf/research/papers/tmp/src/2308.06945
2304.02296,done,pdf,/home/hex/tayf/research/papers/tmp/txt/2304.02296.txt
2308.06076,done,tex,/home/hex/tayf/research/papers/tmp/src/2308.06076
2303.08747,done,pdf,/home/hex/tayf/research/papers/tmp/txt/2303.08747.txt
2308.02225,done,tex,/home/hex/tayf/research/papers/tmp/src/2308.02225
2307.00314,done,tex,/home/hex/tayf/research/papers/tmp/src/2307.00314
2308.04413,done,tex,/home/hex/tayf/research/papers/tmp/src/2308.04413
2302.10970,error,,
2308.09894,done,tex,/home/hex/tayf/research/papers/tmp/src/2308.09894
2308.10122,done,tex,/home/hex/tayf/research/papers/tmp/src/2308.10122
2302.13543,error,,
2307.10776,done,tex,/home/hex/tayf/research/papers/tmp/src/2307.10776
2308.10146,done,tex,/home/hex/tayf/research/papers/tmp/src/2308.10146
2304.11448,done,pdf,/home/hex/tayf/research/papers/tmp/txt/2304.11448.txt
2307.09562,done,tex,/home/hex/tayf/research/papers/tmp/src/2307.09562
2308.09624,done,tex,/home/hex/tayf/research/papers/tmp/src/2308.09624
2308.11198,done,tex,/home/hex/tayf/research/papers/tmp/src/2308.11198
2308.10631,done,tex,/home/hex/tayf/research/papers/tmp/src/2308.10631
2308.10123,done,tex,/home/hex/tayf/research/papers/tmp/src/2308.10123
2308.09386,done,tex,/home/hex/tayf/research/papers/tmp/src/2308.09386
2303.04086,error,,
2308.14177,done,tex,/home/hex/tayf/research/papers/tmp/src/2308.14177
2304.11842,done,pdf,/home/hex/tayf/research/papers/tmp/txt/2304.11842.txt
2305.16914,done,tex,/home/hex/tayf/research/papers/tmp/src/2305.16914
2306.01531,done,tex,/home/hex/tayf/research/papers/tmp/src/2306.01531
2308.08258,done,tex,/home/hex/tayf/research/papers/tmp/src/2308.08258
2305.06356,done,tex,/home/hex/tayf/research/papers/tmp/src/2305.06356
2305.18079,done,tex,/home/hex/tayf/research/papers/tmp/src/2305.18079
2306.09329,done,tex,/home/hex/tayf/research/papers/tmp/src/2306.09329
2308.11130,done,tex,/home/hex/tayf/research/papers/tmp/src/2308.11130
2306.10461,done,tex,/home/hex/tayf/research/papers/tmp/src/2306.10461
2303.05807,error,,
2308.16576,done,tex,/home/hex/tayf/research/papers/tmp/src/2308.16576
2307.09153,done,tex,/home/hex/tayf/research/papers/tmp/src/2307.09153
2308.14078,done,tex,/home/hex/tayf/research/papers/tmp/src/2308.14078
2308.16906,done,tex,/home/hex/tayf/research/papers/tmp/src/2308.16906
2303.07418,error,,
2309.03185,done,tex,/home/hex/tayf/research/papers/tmp/src/2309.03185
2309.00594,done,tex,/home/hex/tayf/research/papers/tmp/src/2309.00594
2303.07634,error,,
2309.02091,done,tex,/home/hex/tayf/research/papers/tmp/src/2309.02091
2308.15378,done,tex,/home/hex/tayf/research/papers/tmp/src/2308.15378
2309.03955,done,tex,/home/hex/tayf/research/papers/tmp/src/2309.03955
2308.15049,done,tex,/home/hex/tayf/research/papers/tmp/src/2308.15049
2303.09952,error,,
2303.09431,error,,
2306.08138,done,tex,/home/hex/tayf/research/papers/tmp/src/2306.08138
2307.11418,done,tex,/home/hex/tayf/research/papers/tmp/src/2307.11418
2309.00121,done,tex,/home/hex/tayf/research/papers/tmp/src/2309.00121
2308.08530,done,tex,/home/hex/tayf/research/papers/tmp/src/2308.08530
2309.12027,done,tex,/home/hex/tayf/research/papers/tmp/src/2309.12027
2309.05028,done,tex,/home/hex/tayf/research/papers/tmp/src/2309.05028
2305.17929,done,pdf,/home/hex/tayf/research/papers/tmp/txt/2305.17929.txt
2309.13470,done,tex,/home/hex/tayf/research/papers/tmp/src/2309.13470
2309.01656,done,tex,/home/hex/tayf/research/papers/tmp/src/2309.01656
2305.01190,done,pdf,/home/hex/tayf/research/papers/tmp/txt/2305.01190.txt
2306.00402,done,pdf,/home/hex/tayf/research/papers/tmp/txt/2306.00402.txt
2303.12965,error,,
2308.11793,done,tex,/home/hex/tayf/research/papers/tmp/src/2308.11793
2309.14304,done,pdf,/home/hex/tayf/research/papers/tmp/txt/2309.14304.txt
2303.13855,error,,
2309.15329,done,tex,/home/hex/tayf/research/papers/tmp/src/2309.15329
2306.01194,done,pdf,/home/hex/tayf/research/papers/tmp/txt/2306.01194.txt
2306.03000,done,pdf,/home/hex/tayf/research/papers/tmp/txt/2306.03000.txt
2309.16677,done,tex,/home/hex/tayf/research/papers/tmp/src/2309.16677
2309.11767,done,tex,/home/hex/tayf/research/papers/tmp/src/2309.11767
2308.14847,done,tex,/home/hex/tayf/research/papers/tmp/src/2308.14847
2308.07903,done,tex,/home/hex/tayf/research/papers/tmp/src/2308.07903
2309.13039,done,tex,/home/hex/tayf/research/papers/tmp/src/2309.13039
2309.03933,done,tex,/home/hex/tayf/research/papers/tmp/src/2309.03933
2309.15526,done,tex,/home/hex/tayf/research/papers/tmp/src/2309.15526
2310.01772,done,pdf,/home/hex/tayf/research/papers/tmp/txt/2310.01772.txt
2309.14293,done,tex,/home/hex/tayf/research/papers/tmp/src/2309.14293
2309.15273,done,tex,/home/hex/tayf/research/papers/tmp/src/2309.15273
2309.08927,done,tex,/home/hex/tayf/research/papers/tmp/src/2309.08927
2306.17723,done,tex,/home/hex/tayf/research/papers/tmp/src/2306.17723
2305.11870,done,pdf,/home/hex/tayf/research/papers/tmp/txt/2305.11870.txt
2303.15206,error,,
2309.05490,done,tex,/home/hex/tayf/research/papers/tmp/src/2309.05490
2309.13101,done,tex,/home/hex/tayf/research/papers/tmp/src/2309.13101
2303.15880,error,,
2310.00249,done,tex,/home/hex/tayf/research/papers/tmp/src/2310.00249
2309.04902,done,tex,/home/hex/tayf/research/papers/tmp/src/2309.04902
2310.06577,done,tex,/home/hex/tayf/research/papers/tmp/src/2310.06577
2308.06510,done,tex,/home/hex/tayf/research/papers/tmp/src/2308.06510
2310.02714,done,tex,/home/hex/tayf/research/papers/tmp/src/2310.02714
2308.05925,done,tex,/home/hex/tayf/research/papers/tmp/src/2308.05925
2309.16653,done,tex,/home/hex/tayf/research/papers/tmp/src/2309.16653
2309.01811,done,tex,/home/hex/tayf/research/papers/tmp/src/2309.01811
2309.12183,done,tex,/home/hex/tayf/research/papers/tmp/src/2309.12183
2310.05054,done,tex,/home/hex/tayf/research/papers/tmp/src/2310.05054
2310.07179,done,tex,/home/hex/tayf/research/papers/tmp/src/2310.07179
2306.16541,done,pdf,/home/hex/tayf/research/papers/tmp/txt/2306.16541.txt
2310.01067,done,tex,/home/hex/tayf/research/papers/tmp/src/2310.01067
2310.09755,done,tex,/home/hex/tayf/research/papers/tmp/src/2310.09755
2310.07995,done,tex,/home/hex/tayf/research/papers/tmp/src/2310.07995
2310.01404,done,tex,/home/hex/tayf/research/papers/tmp/src/2310.01404
2310.11392,done,tex,/home/hex/tayf/research/papers/tmp/src/2310.11392
2305.04296,done,pdf,/home/hex/tayf/research/papers/tmp/txt/2305.04296.txt
2310.09776,done,tex,/home/hex/tayf/research/papers/tmp/src/2310.09776
2306.08990,done,pdf,/home/hex/tayf/research/papers/tmp/txt/2306.08990.txt
2310.08065,done,tex,/home/hex/tayf/research/papers/tmp/src/2310.08065
2309.14668,done,pdf,/home/hex/tayf/research/papers/tmp/txt/2309.14668.txt
2310.14487,done,tex,/home/hex/tayf/research/papers/tmp/src/2310.14487
2306.16940,done,pdf,/home/hex/tayf/research/papers/tmp/txt/2306.16940.txt
2310.10992,done,tex,/home/hex/tayf/research/papers/tmp/src/2310.10992
2310.15098,done,tex,/home/hex/tayf/research/papers/tmp/src/2310.15098
2309.00014,done,tex,/home/hex/tayf/research/papers/tmp/src/2309.00014
2310.16831,done,tex,/home/hex/tayf/research/papers/tmp/src/2310.16831
2310.08528,done,tex,/home/hex/tayf/research/papers/tmp/src/2310.08528
2310.14237,done,tex,/home/hex/tayf/research/papers/tmp/src/2310.14237
2305.02310,done,pdf,/home/hex/tayf/research/papers/tmp/txt/2305.02310.txt
2310.18173,error,,
2310.16832,done,tex,/home/hex/tayf/research/papers/tmp/src/2310.16832
2304.10537,error,,
2310.10123,done,tex,/home/hex/tayf/research/papers/tmp/src/2310.10123
2311.01065,done,tex,/home/hex/tayf/research/papers/tmp/src/2311.01065
2310.19441,done,tex,/home/hex/tayf/research/papers/tmp/src/2310.19441
2310.18676,done,tex,/home/hex/tayf/research/papers/tmp/src/2310.18676
2308.05032,done,pdf,/home/hex/tayf/research/papers/tmp/txt/2308.05032.txt
2311.01842,done,pdf,/home/hex/tayf/research/papers/tmp/txt/2311.01842.txt
2311.02549,done,tex,/home/hex/tayf/research/papers/tmp/src/2311.02549
2307.06335,done,pdf,/home/hex/tayf/research/papers/tmp/txt/2307.06335.txt
2310.04662,done,tex,/home/hex/tayf/research/papers/tmp/src/2310.04662
2311.02121,done,tex,/home/hex/tayf/research/papers/tmp/src/2311.02121
2305.01643,done,pdf,/home/hex/tayf/research/papers/tmp/txt/2305.01643.txt
2310.18999,done,tex,/home/hex/tayf/research/papers/tmp/src/2310.18999
2311.03140,done,tex,/home/hex/tayf/research/papers/tmp/src/2311.03140
2308.14737,done,pdf,/home/hex/tayf/research/papers/tmp/txt/2308.14737.txt
2311.06307,done,pdf,/home/hex/tayf/research/papers/tmp/txt/2311.06307.txt
2311.03867,done,tex,/home/hex/tayf/research/papers/tmp/src/2311.03867
2308.12452,done,pdf,/home/hex/tayf/research/papers/tmp/txt/2308.12452.txt
2307.09555,done,pdf,/home/hex/tayf/research/papers/tmp/txt/2307.09555.txt
2309.17128,done,tex,/home/hex/tayf/research/papers/tmp/src/2309.17128
2311.04766,done,tex,/home/hex/tayf/research/papers/tmp/src/2311.04766
2310.05512,done,tex,/home/hex/tayf/research/papers/tmp/src/2310.05512
2311.01773,done,tex,/home/hex/tayf/research/papers/tmp/src/2311.01773
2310.10433,done,tex,/home/hex/tayf/research/papers/tmp/src/2310.10433
2309.16869,done,tex,/home/hex/tayf/research/papers/tmp/src/2309.16869
2305.09623,error,,
2311.11647,done,tex,/home/hex/tayf/research/papers/tmp/src/2311.11647
2310.14718,done,tex,/home/hex/tayf/research/papers/tmp/src/2310.14718
2309.16553,done,tex,/home/hex/tayf/research/papers/tmp/src/2309.16553
2310.03952,done,tex,/home/hex/tayf/research/papers/tmp/src/2310.03952
2311.12345,done,tex,/home/hex/tayf/research/papers/tmp/src/2311.12345
2305.13353,error,,
2309.07668,done,tex,/home/hex/tayf/research/papers/tmp/src/2309.07668
2305.13608,error,,
2311.10959,done,tex,/home/hex/tayf/research/papers/tmp/src/2311.10959
2311.07955,done,tex,/home/hex/tayf/research/papers/tmp/src/2311.07955
2305.19201,error,,
2310.09458,done,tex,/home/hex/tayf/research/papers/tmp/src/2310.09458
2311.11221,done,tex,/home/hex/tayf/research/papers/tmp/src/2311.11221
2308.14816,done,pdf,/home/hex/tayf/research/papers/tmp/txt/2308.14816.txt
2310.13670,done,tex,/home/hex/tayf/research/papers/tmp/src/2310.13670
2311.05289,done,tex,/home/hex/tayf/research/papers/tmp/src/2311.05289
2309.06802,done,pdf,/home/hex/tayf/research/papers/tmp/txt/2309.06802.txt
2311.14757,done,tex,/home/hex/tayf/research/papers/tmp/src/2311.14757
2310.09276,done,tex,/home/hex/tayf/research/papers/tmp/src/2310.09276
2310.03015,done,tex,/home/hex/tayf/research/papers/tmp/src/2310.03015
2310.12877,done,tex,/home/hex/tayf/research/papers/tmp/src/2310.12877
2311.05521,done,tex,/home/hex/tayf/research/papers/tmp/src/2311.05521
2310.17880,done,tex,/home/hex/tayf/research/papers/tmp/src/2310.17880
2308.03772,done,pdf,/home/hex/tayf/research/papers/tmp/txt/2308.03772.txt
2311.15260,done,tex,/home/hex/tayf/research/papers/tmp/src/2311.15260
2311.12956,done,tex,/home/hex/tayf/research/papers/tmp/src/2311.12956
2311.15291,done,tex,/home/hex/tayf/research/papers/tmp/src/2311.15291
2311.13574,done,tex,/home/hex/tayf/research/papers/tmp/src/2311.13574
2311.16462,done,tex,/home/hex/tayf/research/papers/tmp/src/2311.16462
2311.10091,done,tex,/home/hex/tayf/research/papers/tmp/src/2311.10091
2311.09646,done,tex,/home/hex/tayf/research/papers/tmp/src/2311.09646
2311.13681,done,tex,/home/hex/tayf/research/papers/tmp/src/2311.13681
2311.17113,done,tex,/home/hex/tayf/research/papers/tmp/src/2311.17113
2311.15171,done,tex,/home/hex/tayf/research/papers/tmp/src/2311.15171
2309.11627,done,pdf,/home/hex/tayf/research/papers/tmp/txt/2309.11627.txt
2311.16043,done,tex,/home/hex/tayf/research/papers/tmp/src/2311.16043
2311.16504,done,tex,/home/hex/tayf/research/papers/tmp/src/2311.16504
2306.06842,error,,
2311.17590,done,tex,/home/hex/tayf/research/papers/tmp/src/2311.17590
2311.16482,done,tex,/home/hex/tayf/research/papers/tmp/src/2311.16482
2307.12309,done,pdf,/home/hex/tayf/research/papers/tmp/txt/2307.12309.txt
2311.17917,done,tex,/home/hex/tayf/research/papers/tmp/src/2311.17917
2306.10006,error,,
2311.11646,done,tex,/home/hex/tayf/research/papers/tmp/src/2311.11646
2311.17057,done,tex,/home/hex/tayf/research/papers/tmp/src/2311.17057
2311.17910,done,tex,/home/hex/tayf/research/papers/tmp/src/2311.17910
2311.17061,done,tex,/home/hex/tayf/research/papers/tmp/src/2311.17061
2307.05000,done,pdf,/home/hex/tayf/research/papers/tmp/txt/2307.05000.txt
2311.17754,done,tex,/home/hex/tayf/research/papers/tmp/src/2311.17754
2307.07125,error,,
2309.17450,done,pdf,/home/hex/tayf/research/papers/tmp/txt/2309.17450.txt
2311.16499,done,tex,/home/hex/tayf/research/papers/tmp/src/2311.16499
2311.16495,done,tex,/home/hex/tayf/research/papers/tmp/src/2311.16495
2311.11614,done,tex,/home/hex/tayf/research/papers/tmp/src/2311.11614
2312.00112,done,tex,/home/hex/tayf/research/papers/tmp/src/2312.00112
2312.00451,done,tex,/home/hex/tayf/research/papers/tmp/src/2312.00451
2311.15855,done,tex,/home/hex/tayf/research/papers/tmp/src/2311.15855
2311.16473,done,tex,/home/hex/tayf/research/papers/tmp/src/2311.16473
2311.12775,done,tex,/home/hex/tayf/research/papers/tmp/src/2311.12775
2311.13398,done,tex,/home/hex/tayf/research/papers/tmp/src/2311.13398
2311.18311,done,tex,/home/hex/tayf/research/papers/tmp/src/2311.18311
2312.02155,done,tex,/home/hex/tayf/research/papers/tmp/src/2312.02155
2312.02069,done,tex,/home/hex/tayf/research/papers/tmp/src/2312.02069
2312.02209,done,tex,/home/hex/tayf/research/papers/tmp/src/2312.02209
2311.17245,done,tex,/home/hex/tayf/research/papers/tmp/src/2311.17245
2310.08084,done,pdf,/home/hex/tayf/research/papers/tmp/txt/2310.08084.txt
2312.02214,done,tex,/home/hex/tayf/research/papers/tmp/src/2312.02214
2308.02840,error,,
2308.04079,error,,
2311.17123,done,tex,/home/hex/tayf/research/papers/tmp/src/2311.17123
2310.17994,done,tex,/home/hex/tayf/research/papers/tmp/src/2310.17994
2312.02973,done,tex,/home/hex/tayf/research/papers/tmp/src/2312.02973
2312.02015,done,tex,/home/hex/tayf/research/papers/tmp/src/2312.02015
2308.16041,done,pdf,/home/hex/tayf/research/papers/tmp/txt/2308.16041.txt
2308.06853,error,,
2308.07032,error,,
2311.13655,done,tex,/home/hex/tayf/research/papers/tmp/src/2311.13655
2311.18836,done,tex,/home/hex/tayf/research/papers/tmp/src/2311.18836
2309.06441,done,pdf,/home/hex/tayf/research/papers/tmp/txt/2309.06441.txt
2312.03763,done,tex,/home/hex/tayf/research/papers/tmp/src/2312.03763
2312.01632,done,tex,/home/hex/tayf/research/papers/tmp/src/2312.01632
2310.20249,done,pdf,/home/hex/tayf/research/papers/tmp/txt/2310.20249.txt
2311.16096,done,tex,/home/hex/tayf/research/papers/tmp/src/2311.16096
2309.04750,done,pdf,/home/hex/tayf/research/papers/tmp/txt/2309.04750.txt
2312.04558,done,tex,/home/hex/tayf/research/papers/tmp/src/2312.04558
2308.16894,error,,
2310.04152,done,pdf,/home/hex/tayf/research/papers/tmp/txt/2310.04152.txt
2312.02902,done,tex,/home/hex/tayf/research/papers/tmp/src/2312.02902
2312.04784,done,tex,/home/hex/tayf/research/papers/tmp/src/2312.04784
2311.09543,done,tex,/home/hex/tayf/research/papers/tmp/src/2311.09543
2312.05311,done,tex,/home/hex/tayf/research/papers/tmp/src/2312.05311
2309.17390,done,pdf,/home/hex/tayf/research/papers/tmp/txt/2309.17390.txt
2311.14521,done,tex,/home/hex/tayf/research/papers/tmp/src/2311.14521
2312.05804,error,,
2312.05572,done,tex,/home/hex/tayf/research/papers/tmp/src/2312.05572
2312.02255,done,tex,/home/hex/tayf/research/papers/tmp/src/2312.02255
2312.05941,done,tex,/home/hex/tayf/research/papers/tmp/src/2312.05941
2312.05855,done,tex,/home/hex/tayf/research/papers/tmp/src/2312.05855
2312.06575,done,tex,/home/hex/tayf/research/papers/tmp/src/2312.06575
2311.10812,done,pdf,/home/hex/tayf/research/papers/tmp/txt/2311.10812.txt
2309.10684,error,,
2312.06642,done,tex,/home/hex/tayf/research/papers/tmp/src/2312.06642
2309.11009,error,,
2312.01003,done,tex,/home/hex/tayf/research/papers/tmp/src/2312.01003
2310.03375,done,pdf,/home/hex/tayf/research/papers/tmp/txt/2310.03375.txt
2312.04337,done,tex,/home/hex/tayf/research/papers/tmp/src/2312.04337
2312.08118,done,tex,/home/hex/tayf/research/papers/tmp/src/2312.08118
2310.01821,done,pdf,/home/hex/tayf/research/papers/tmp/txt/2310.01821.txt
2312.04820,done,tex,/home/hex/tayf/research/papers/tmp/src/2312.04820
2310.16717,done,pdf,/home/hex/tayf/research/papers/tmp/txt/2310.16717.txt
2309.16912,error,,
2312.01531,done,tex,/home/hex/tayf/research/papers/tmp/src/2312.01531
2309.17162,error,,
2312.08323,done,tex,/home/hex/tayf/research/papers/tmp/src/2312.08323
2311.12490,done,pdf,/home/hex/tayf/research/papers/tmp/txt/2311.12490.txt
2311.12311,done,pdf,/home/hex/tayf/research/papers/tmp/txt/2311.12311.txt
2312.09031,done,tex,/home/hex/tayf/research/papers/tmp/src/2312.09031
2310.02687,error,,
2312.04564,done,tex,/home/hex/tayf/research/papers/tmp/src/2312.04564
2312.09743,done,tex,/home/hex/tayf/research/papers/tmp/src/2312.09743
2311.18561,done,tex,/home/hex/tayf/research/papers/tmp/src/2311.18561
2312.02218,done,tex,/home/hex/tayf/research/papers/tmp/src/2312.02218
2312.00583,done,tex,/home/hex/tayf/research/papers/tmp/src/2312.00583
2312.06741,done,tex,/home/hex/tayf/research/papers/tmp/src/2312.06741
2311.12897,done,pdf,/home/hex/tayf/research/papers/tmp/txt/2311.12897.txt
2311.03784,done,pdf,/home/hex/tayf/research/papers/tmp/txt/2311.03784.txt
2312.03203,done,tex,/home/hex/tayf/research/papers/tmp/src/2312.03203
2312.09750,done,tex,/home/hex/tayf/research/papers/tmp/src/2312.09750
2312.03704,done,tex,/home/hex/tayf/research/papers/tmp/src/2312.03704
2310.06275,error,,
2312.10649,done,tex,/home/hex/tayf/research/papers/tmp/src/2312.10649
2311.17977,done,pdf,/home/hex/tayf/research/papers/tmp/txt/2311.17977.txt
2312.11841,done,tex,/home/hex/tayf/research/papers/tmp/src/2312.11841
2312.06657,done,tex,/home/hex/tayf/research/papers/tmp/src/2312.06657
2311.17129,done,pdf,/home/hex/tayf/research/papers/tmp/txt/2311.17129.txt
2312.04465,done,tex,/home/hex/tayf/research/papers/tmp/src/2312.04465
2312.12494,done,tex,/home/hex/tayf/research/papers/tmp/src/2312.12494
2312.00870,done,pdf,/home/hex/tayf/research/papers/tmp/txt/2312.00870.txt
2312.07920,done,tex,/home/hex/tayf/research/papers/tmp/src/2312.07920
2312.09005,done,tex,/home/hex/tayf/research/papers/tmp/src/2312.09005
2310.10642,error,,
2312.13299,done,tex,/home/hex/tayf/research/papers/tmp/src/2312.13299
2312.12470,done,tex,/home/hex/tayf/research/papers/tmp/src/2312.12470
2312.09527,done,tex,/home/hex/tayf/research/papers/tmp/src/2312.09527
2312.14915,done,tex,/home/hex/tayf/research/papers/tmp/src/2312.14915
2312.15288,done,tex,/home/hex/tayf/research/papers/tmp/src/2312.15288
2312.03461,done,tex,/home/hex/tayf/research/papers/tmp/src/2312.03461
2312.12337,done,tex,/home/hex/tayf/research/papers/tmp/src/2312.12337
2312.15676,done,tex,/home/hex/tayf/research/papers/tmp/src/2312.15676
2312.10921,done,tex,/home/hex/tayf/research/papers/tmp/src/2312.10921
2310.13030,error,,
2312.15363,done,tex,/home/hex/tayf/research/papers/tmp/src/2312.15363
2312.13449,done,tex,/home/hex/tayf/research/papers/tmp/src/2312.13449
2312.16084,done,tex,/home/hex/tayf/research/papers/tmp/src/2312.16084
2312.15258,done,tex,/home/hex/tayf/research/papers/tmp/src/2312.15258
2310.16383,error,,
2311.04521,done,pdf,/home/hex/tayf/research/papers/tmp/txt/2311.04521.txt
2401.00825,done,tex,/home/hex/tayf/research/papers/tmp/src/2401.00825
2312.02135,done,pdf,/home/hex/tayf/research/papers/tmp/txt/2312.02135.txt
2312.17142,done,tex,/home/hex/tayf/research/papers/tmp/src/2312.17142
2312.15856,done,tex,/home/hex/tayf/research/papers/tmp/src/2312.15856
2312.04369,done,tex,/home/hex/tayf/research/papers/tmp/src/2312.04369
2312.10034,done,tex,/home/hex/tayf/research/papers/tmp/src/2312.10034
2401.03078,done,tex,/home/hex/tayf/research/papers/tmp/src/2401.03078
2311.16484,done,pdf,/home/hex/tayf/research/papers/tmp/txt/2311.16484.txt
2312.13729,done,tex,/home/hex/tayf/research/papers/tmp/src/2312.13729
2401.02171,done,tex,/home/hex/tayf/research/papers/tmp/src/2401.02171
2401.04406,done,tex,/home/hex/tayf/research/papers/tmp/src/2401.04406
2312.04565,done,tex,/home/hex/tayf/research/papers/tmp/src/2312.04565
2401.02588,done,tex,/home/hex/tayf/research/papers/tmp/src/2401.02588
2401.05168,done,tex,/home/hex/tayf/research/papers/tmp/src/2401.05168
2401.00711,done,tex,/home/hex/tayf/research/papers/tmp/src/2401.00711
2312.14937,done,tex,/home/hex/tayf/research/papers/tmp/src/2312.14937
2401.04728,done,tex,/home/hex/tayf/research/papers/tmp/src/2401.04728
2312.05295,done,tex,/home/hex/tayf/research/papers/tmp/src/2312.05295
2401.08056,done,tex,/home/hex/tayf/research/papers/tmp/src/2401.08056
2312.01407,done,pdf,/home/hex/tayf/research/papers/tmp/txt/2312.01407.txt
2401.08864,done,tex,/home/hex/tayf/research/papers/tmp/src/2401.08864
2311.06455,error,,
2312.06719,done,tex,/home/hex/tayf/research/papers/tmp/src/2312.06719
2401.06003,done,tex,/home/hex/tayf/research/papers/tmp/src/2401.06003
2401.09720,done,tex,/home/hex/tayf/research/papers/tmp/src/2401.09720
2312.03160,done,pdf,/home/hex/tayf/research/papers/tmp/txt/2312.03160.txt
2401.10530,done,tex,/home/hex/tayf/research/papers/tmp/src/2401.10530
2311.09221,error,,
2401.12451,done,pdf,/home/hex/tayf/research/papers/tmp/txt/2401.12451.txt
2312.13471,done,tex,/home/hex/tayf/research/papers/tmp/src/2312.13471
2312.11461,done,tex,/home/hex/tayf/research/papers/tmp/src/2312.11461
2401.13352,done,tex,/home/hex/tayf/research/papers/tmp/src/2401.13352
2401.08742,done,tex,/home/hex/tayf/research/papers/tmp/src/2401.08742
2401.06159,done,tex,/home/hex/tayf/research/papers/tmp/src/2401.06159
2312.16457,done,tex,/home/hex/tayf/research/papers/tmp/src/2312.16457
2401.01173,done,tex,/home/hex/tayf/research/papers/tmp/src/2401.01173
2401.16416,done,tex,/home/hex/tayf/research/papers/tmp/src/2401.16416
2311.13168,error,,
2311.13385,error,,
2401.17857,done,tex,/home/hex/tayf/research/papers/tmp/src/2401.17857
2401.03108,done,tex,/home/hex/tayf/research/papers/tmp/src/2401.03108
2311.18491,done,pdf,/home/hex/tayf/research/papers/tmp/txt/2311.18491.txt
2312.11458,done,tex,/home/hex/tayf/research/papers/tmp/src/2312.11458
2312.00732,done,pdf,/home/hex/tayf/research/papers/tmp/txt/2312.00732.txt
2402.01271,done,tex,/home/hex/tayf/research/papers/tmp/src/2402.01271
2402.02906,done,tex,/home/hex/tayf/research/papers/tmp/src/2402.02906
2401.16810,done,tex,/home/hex/tayf/research/papers/tmp/src/2401.16810
2312.05664,done,pdf,/home/hex/tayf/research/papers/tmp/txt/2312.05664.txt
2311.16493,error,,
2402.03445,done,tex,/home/hex/tayf/research/papers/tmp/src/2402.03445
2311.16945,error,,
2402.00827,done,tex,/home/hex/tayf/research/papers/tmp/src/2402.00827
2312.16256,done,tex,/home/hex/tayf/research/papers/tmp/src/2312.16256
2401.17600,done,tex,/home/hex/tayf/research/papers/tmp/src/2401.17600
2402.06390,done,tex,/home/hex/tayf/research/papers/tmp/src/2402.06390
2401.08937,done,tex,/home/hex/tayf/research/papers/tmp/src/2401.08937
2401.03257,done,tex,/home/hex/tayf/research/papers/tmp/src/2401.03257
2401.08045,done,tex,/home/hex/tayf/research/papers/tmp/src/2401.08045
2312.00206,done,pdf,/home/hex/tayf/research/papers/tmp/txt/2312.00206.txt
2312.08060,done,pdf,/home/hex/tayf/research/papers/tmp/txt/2312.08060.txt
2402.07310,done,tex,/home/hex/tayf/research/papers/tmp/src/2402.07310
2402.05532,done,tex,/home/hex/tayf/research/papers/tmp/src/2402.05532
2311.18159,error,,
2402.13827,error,,
2312.07246,done,pdf,/home/hex/tayf/research/papers/tmp/txt/2312.07246.txt
2401.02620,done,tex,/home/hex/tayf/research/papers/tmp/src/2401.02620
2402.11909,done,tex,/home/hex/tayf/research/papers/tmp/src/2402.11909
2401.08140,done,tex,/home/hex/tayf/research/papers/tmp/src/2401.08140
2402.07181,done,tex,/home/hex/tayf/research/papers/tmp/src/2402.07181
2402.16366,done,tex,/home/hex/tayf/research/papers/tmp/src/2402.16366
2312.09228,done,pdf,/home/hex/tayf/research/papers/tmp/txt/2312.09228.txt
2402.16825,done,tex,/home/hex/tayf/research/papers/tmp/src/2402.16825
2402.17364,done,tex,/home/hex/tayf/research/papers/tmp/src/2402.17364
2312.03431,done,pdf,/home/hex/tayf/research/papers/tmp/txt/2312.03431.txt
2402.18233,done,tex,/home/hex/tayf/research/papers/tmp/src/2402.18233
2312.15711,done,tex,/home/hex/tayf/research/papers/tmp/src/2312.15711
2403.01325,done,tex,/home/hex/tayf/research/papers/tmp/src/2403.01325
2402.14654,done,tex,/home/hex/tayf/research/papers/tmp/src/2402.14654
2402.16407,done,tex,/home/hex/tayf/research/papers/tmp/src/2402.16407
2401.15318,done,tex,/home/hex/tayf/research/papers/tmp/src/2401.15318
2401.06503,done,tex,/home/hex/tayf/research/papers/tmp/src/2401.06503
2312.02350,error,,
2403.04116,done,tex,/home/hex/tayf/research/papers/tmp/src/2403.04116
2402.16607,done,tex,/home/hex/tayf/research/papers/tmp/src/2402.16607
2312.02963,error,,
2312.13308,done,pdf,/home/hex/tayf/research/papers/tmp/txt/2312.13308.txt
2312.16842,done,pdf,/home/hex/tayf/research/papers/tmp/txt/2312.16842.txt
2312.08760,done,pdf,/home/hex/tayf/research/papers/tmp/txt/2312.08760.txt
2402.17427,done,tex,/home/hex/tayf/research/papers/tmp/src/2402.17427
2312.02981,error,,
2403.05087,done,tex,/home/hex/tayf/research/papers/tmp/src/2403.05087
2312.03420,error,,
2403.01693,done,tex,/home/hex/tayf/research/papers/tmp/src/2403.01693
2312.04553,done,pdf,/home/hex/tayf/research/papers/tmp/txt/2312.04553.txt
2402.18196,done,tex,/home/hex/tayf/research/papers/tmp/src/2402.18196
2403.06421,done,tex,/home/hex/tayf/research/papers/tmp/src/2403.06421
2312.04143,done,pdf,/home/hex/tayf/research/papers/tmp/txt/2312.04143.txt
2402.12377,done,tex,/home/hex/tayf/research/papers/tmp/src/2402.12377
2403.08321,done,tex,/home/hex/tayf/research/papers/tmp/src/2403.08321
2403.06394,done,tex,/home/hex/tayf/research/papers/tmp/src/2403.06394
2402.14586,done,tex,/home/hex/tayf/research/papers/tmp/src/2402.14586
2402.00763,done,tex,/home/hex/tayf/research/papers/tmp/src/2402.00763
2312.04548,error,,
2402.14415,done,tex,/home/hex/tayf/research/papers/tmp/src/2402.14415
2402.09325,done,tex,/home/hex/tayf/research/papers/tmp/src/2402.09325
2312.09780,done,pdf,/home/hex/tayf/research/papers/tmp/txt/2312.09780.txt
2403.09637,done,tex,/home/hex/tayf/research/papers/tmp/src/2403.09637
2402.10128,done,tex,/home/hex/tayf/research/papers/tmp/src/2402.10128
2403.08915,done,tex,/home/hex/tayf/research/papers/tmp/src/2403.08915
2401.14726,done,tex,/home/hex/tayf/research/papers/tmp/src/2401.14726
2312.08892,done,pdf,/home/hex/tayf/research/papers/tmp/txt/2312.08892.txt
2402.12677,done,tex,/home/hex/tayf/research/papers/tmp/src/2402.12677
2312.06704,done,pdf,/home/hex/tayf/research/papers/tmp/txt/2312.06704.txt
2312.04651,error,,
2403.09948,done,tex,/home/hex/tayf/research/papers/tmp/src/2403.09948
2403.02063,done,tex,/home/hex/tayf/research/papers/tmp/src/2403.02063
2403.11589,done,tex,/home/hex/tayf/research/papers/tmp/src/2403.11589
2401.00616,done,pdf,/home/hex/tayf/research/papers/tmp/txt/2401.00616.txt
2402.04796,done,tex,/home/hex/tayf/research/papers/tmp/src/2402.04796
2312.12096,done,pdf,/home/hex/tayf/research/papers/tmp/txt/2312.12096.txt
2403.11111,done,tex,/home/hex/tayf/research/papers/tmp/src/2403.11111
2312.05283,error,,
2403.11909,done,tex,/home/hex/tayf/research/papers/tmp/src/2403.11909
2403.10840,done,tex,/home/hex/tayf/research/papers/tmp/src/2403.10840
2403.03896,done,tex,/home/hex/tayf/research/papers/tmp/src/2403.03896
2312.13832,done,pdf,/home/hex/tayf/research/papers/tmp/txt/2312.13832.txt
2403.12365,done,tex,/home/hex/tayf/research/papers/tmp/src/2403.12365
2403.10906,done,tex,/home/hex/tayf/research/papers/tmp/src/2403.10906
2403.10147,done,tex,/home/hex/tayf/research/papers/tmp/src/2403.10147
2403.08498,done,tex,/home/hex/tayf/research/papers/tmp/src/2403.08498
2403.11134,done,tex,/home/hex/tayf/research/papers/tmp/src/2403.11134
2403.06205,done,tex,/home/hex/tayf/research/papers/tmp/src/2403.06205
2402.13252,done,tex,/home/hex/tayf/research/papers/tmp/src/2402.13252
2312.09095,done,pdf,/home/hex/tayf/research/papers/tmp/txt/2312.09095.txt
2312.07504,error,,
2312.09313,done,pdf,/home/hex/tayf/research/papers/tmp/txt/2312.09313.txt
2403.14244,done,tex,/home/hex/tayf/research/papers/tmp/src/2403.14244
2403.15272,done,tex,/home/hex/tayf/research/papers/tmp/src/2403.15272
2403.13806,done,tex,/home/hex/tayf/research/papers/tmp/src/2403.13806
2403.12722,done,tex,/home/hex/tayf/research/papers/tmp/src/2403.12722
2312.11568,done,pdf,/home/hex/tayf/research/papers/tmp/txt/2312.11568.txt
2403.04508,done,tex,/home/hex/tayf/research/papers/tmp/src/2403.04508
2403.09577,done,tex,/home/hex/tayf/research/papers/tmp/src/2403.09577
2403.12682,done,tex,/home/hex/tayf/research/papers/tmp/src/2403.12682
2403.16885,done,tex,/home/hex/tayf/research/papers/tmp/src/2403.16885
2403.15530,done,tex,/home/hex/tayf/research/papers/tmp/src/2403.15530
2401.15348,done,pdf,/home/hex/tayf/research/papers/tmp/txt/2401.15348.txt
2403.12440,done,tex,/home/hex/tayf/research/papers/tmp/src/2403.12440
2312.13528,done,pdf,/home/hex/tayf/research/papers/tmp/txt/2312.13528.txt
2403.13337,done,tex,/home/hex/tayf/research/papers/tmp/src/2403.13337
2403.16258,done,tex,/home/hex/tayf/research/papers/tmp/src/2403.16258
2403.18328,done,tex,/home/hex/tayf/research/papers/tmp/src/2403.18328
2403.18820,done,tex,/home/hex/tayf/research/papers/tmp/src/2403.18820
2403.02265,done,tex,/home/hex/tayf/research/papers/tmp/src/2403.02265
2312.13150,error,,
2403.12198,done,tex,/home/hex/tayf/research/papers/tmp/src/2403.12198
2403.19495,done,tex,/home/hex/tayf/research/papers/tmp/src/2403.19495
2403.19607,done,tex,/home/hex/tayf/research/papers/tmp/src/2403.19607
2402.13255,done,pdf,/home/hex/tayf/research/papers/tmp/txt/2402.13255.txt
2402.06149,done,pdf,/home/hex/tayf/research/papers/tmp/txt/2402.06149.txt
2403.14412,done,tex,/home/hex/tayf/research/papers/tmp/src/2403.14412
2403.19780,done,tex,/home/hex/tayf/research/papers/tmp/src/2403.19780
2403.19985,done,tex,/home/hex/tayf/research/papers/tmp/src/2403.19985
2312.14239,error,,
2403.14530,done,tex,/home/hex/tayf/research/papers/tmp/src/2403.14530
2401.10215,done,pdf,/home/hex/tayf/research/papers/tmp/txt/2401.10215.txt
2403.17708,done,tex,/home/hex/tayf/research/papers/tmp/src/2403.17708
2401.12175,done,pdf,/home/hex/tayf/research/papers/tmp/txt/2401.12175.txt
2403.05907,done,tex,/home/hex/tayf/research/papers/tmp/src/2403.05907
2403.20275,done,tex,/home/hex/tayf/research/papers/tmp/src/2403.20275
2403.14781,done,tex,/home/hex/tayf/research/papers/tmp/src/2403.14781
2312.15059,error,,
2403.20309,done,tex,/home/hex/tayf/research/papers/tmp/src/2403.20309
2404.01053,done,tex,/home/hex/tayf/research/papers/tmp/src/2404.01053
2404.01168,done,tex,/home/hex/tayf/research/papers/tmp/src/2404.01168
2403.18784,done,tex,/home/hex/tayf/research/papers/tmp/src/2403.18784
2403.18476,done,tex,/home/hex/tayf/research/papers/tmp/src/2403.18476
2403.06324,done,tex,/home/hex/tayf/research/papers/tmp/src/2403.06324
2403.11865,done,tex,/home/hex/tayf/research/papers/tmp/src/2403.11865
2404.03126,done,tex,/home/hex/tayf/research/papers/tmp/src/2404.03126
2401.00834,error,,
2401.01339,error,,
2403.01058,done,pdf,/home/hex/tayf/research/papers/tmp/txt/2403.01058.txt
2404.00923,done,tex,/home/hex/tayf/research/papers/tmp/src/2404.00923
2404.03613,done,tex,/home/hex/tayf/research/papers/tmp/src/2404.03613
2401.02436,error,,
2403.12154,done,tex,/home/hex/tayf/research/papers/tmp/src/2403.12154
2403.16080,done,tex,/home/hex/tayf/research/papers/tmp/src/2403.16080
2403.14939,done,tex,/home/hex/tayf/research/papers/tmp/src/2403.14939
2404.01133,done,tex,/home/hex/tayf/research/papers/tmp/src/2404.01133
2404.06152,done,tex,/home/hex/tayf/research/papers/tmp/src/2404.06152
2403.06092,done,pdf,/home/hex/tayf/research/papers/tmp/txt/2403.06092.txt
2403.19920,done,tex,/home/hex/tayf/research/papers/tmp/src/2403.19920
2403.19319,done,tex,/home/hex/tayf/research/papers/tmp/src/2403.19319
2404.06246,done,tex,/home/hex/tayf/research/papers/tmp/src/2404.06246
2404.06180,done,tex,/home/hex/tayf/research/papers/tmp/src/2404.06180
2403.17888,done,tex,/home/hex/tayf/research/papers/tmp/src/2403.17888
2401.05583,error,,
2404.07950,done,tex,/home/hex/tayf/research/papers/tmp/src/2404.07950
2404.01810,done,tex,/home/hex/tayf/research/papers/tmp/src/2404.01810
2404.07474,done,tex,/home/hex/tayf/research/papers/tmp/src/2404.07474
2404.08449,error,,
2404.06832,done,tex,/home/hex/tayf/research/papers/tmp/src/2404.06832
2403.04926,done,pdf,/home/hex/tayf/research/papers/tmp/txt/2403.04926.txt
2404.07991,done,tex,/home/hex/tayf/research/papers/tmp/src/2404.07991
2403.14053,done,tex,/home/hex/tayf/research/papers/tmp/src/2403.14053
2404.08966,done,tex,/home/hex/tayf/research/papers/tmp/src/2404.08966
2404.10441,done,tex,/home/hex/tayf/research/papers/tmp/src/2404.10441
2401.11711,error,,
2403.09326,done,pdf,/home/hex/tayf/research/papers/tmp/txt/2403.09326.txt
2403.11364,done,pdf,/home/hex/tayf/research/papers/tmp/txt/2403.11364.txt
2401.12900,error,,
2404.04211,done,tex,/home/hex/tayf/research/papers/tmp/src/2404.04211
2401.12979,error,,
2404.05606,done,tex,/home/hex/tayf/research/papers/tmp/src/2404.05606
2403.05055,done,pdf,/home/hex/tayf/research/papers/tmp/txt/2403.05055.txt
2403.06912,done,pdf,/home/hex/tayf/research/papers/tmp/txt/2403.06912.txt
2403.06908,done,pdf,/home/hex/tayf/research/papers/tmp/txt/2403.06908.txt
2404.11401,done,tex,/home/hex/tayf/research/papers/tmp/src/2404.11401
2404.09003,done,tex,/home/hex/tayf/research/papers/tmp/src/2404.09003
2404.11897,done,tex,/home/hex/tayf/research/papers/tmp/src/2404.11897
2403.12028,done,pdf,/home/hex/tayf/research/papers/tmp/txt/2403.12028.txt
2403.11831,done,pdf,/home/hex/tayf/research/papers/tmp/txt/2403.11831.txt
2402.00525,error,,
2402.01217,error,,
2403.17822,done,tex,/home/hex/tayf/research/papers/tmp/src/2403.17822
2404.14037,done,tex,/home/hex/tayf/research/papers/tmp/src/2404.14037
2403.06505,done,pdf,/home/hex/tayf/research/papers/tmp/txt/2403.06505.txt
2403.20079,done,tex,/home/hex/tayf/research/papers/tmp/src/2403.20079
2404.11302,done,tex,/home/hex/tayf/research/papers/tmp/src/2404.11302
2404.07933,done,tex,/home/hex/tayf/research/papers/tmp/src/2404.07933
2404.11358,done,tex,/home/hex/tayf/research/papers/tmp/src/2404.11358
2402.03307,error,,
2402.03723,error,,
2402.04554,error,,
2404.06109,done,tex,/home/hex/tayf/research/papers/tmp/src/2404.06109
2404.14199,done,tex,/home/hex/tayf/research/papers/tmp/src/2404.14199
2404.15580,done,tex,/home/hex/tayf/research/papers/tmp/src/2404.15580
2404.06710,done,tex,/home/hex/tayf/research/papers/tmp/src/2404.06710
2404.09426,done,tex,/home/hex/tayf/research/papers/tmp/src/2404.09426
2404.16042,done,pdf,/home/hex/tayf/research/papers/tmp/txt/2404.16042.txt
2404.15264,done,tex,/home/hex/tayf/research/papers/tmp/src/2404.15264
2404.15259,done,tex,/home/hex/tayf/research/papers/tmp/src/2404.15259
2402.07916,error,,
2404.18539,done,tex,/home/hex/tayf/research/papers/tmp/src/2404.18539
2404.13896,done,tex,/home/hex/tayf/research/papers/tmp/src/2404.13896
2404.15383,done,tex,/home/hex/tayf/research/papers/tmp/src/2404.15383
2404.11299,done,tex,/home/hex/tayf/research/papers/tmp/src/2404.11299
2402.12522,error,,
2404.06270,done,tex,/home/hex/tayf/research/papers/tmp/src/2404.06270
2404.04913,done,tex,/home/hex/tayf/research/papers/tmp/src/2404.04913
2404.19026,done,tex,/home/hex/tayf/research/papers/tmp/src/2404.19026
2404.18394,done,tex,/home/hex/tayf/research/papers/tmp/src/2404.18394
2404.19525,done,tex,/home/hex/tayf/research/papers/tmp/src/2404.19525
2404.10484,done,tex,/home/hex/tayf/research/papers/tmp/src/2404.10484
2403.09413,done,pdf,/home/hex/tayf/research/papers/tmp/txt/2403.09413.txt
2404.19040,done,tex,/home/hex/tayf/research/papers/tmp/src/2404.19040
2404.13862,done,tex,/home/hex/tayf/research/papers/tmp/src/2404.13862
2404.15276,done,tex,/home/hex/tayf/research/papers/tmp/src/2404.15276
2404.19038,done,tex,/home/hex/tayf/research/papers/tmp/src/2404.19038
2405.04997,done,tex,/home/hex/tayf/research/papers/tmp/src/2405.04997
2405.04717,done,tex,/home/hex/tayf/research/papers/tmp/src/2405.04717
2403.20034,done,tex,/home/hex/tayf/research/papers/tmp/src/2403.20034
2405.02911,done,tex,/home/hex/tayf/research/papers/tmp/src/2405.02911
2405.05768,done,tex,/home/hex/tayf/research/papers/tmp/src/2405.05768
2404.13816,done,tex,/home/hex/tayf/research/papers/tmp/src/2404.13816
2405.05446,done,tex,/home/hex/tayf/research/papers/tmp/src/2405.05446
2405.03844,done,tex,/home/hex/tayf/research/papers/tmp/src/2405.03844
2404.18454,done,tex,/home/hex/tayf/research/papers/tmp/src/2404.18454
2404.12064,done,tex,/home/hex/tayf/research/papers/tmp/src/2404.12064
2405.06241,done,tex,/home/hex/tayf/research/papers/tmp/src/2405.06241
2405.08417,done,tex,/home/hex/tayf/research/papers/tmp/src/2405.08417
2404.19706,done,tex,/home/hex/tayf/research/papers/tmp/src/2404.19706
2405.03417,done,tex,/home/hex/tayf/research/papers/tmp/src/2405.03417
2405.05800,done,tex,/home/hex/tayf/research/papers/tmp/src/2405.05800
2405.09334,done,tex,/home/hex/tayf/research/papers/tmp/src/2405.09334
2404.12888,done,tex,/home/hex/tayf/research/papers/tmp/src/2404.12888
2405.07472,done,tex,/home/hex/tayf/research/papers/tmp/src/2405.07472
2405.09777,done,tex,/home/hex/tayf/research/papers/tmp/src/2405.09777
2404.07788,done,tex,/home/hex/tayf/research/papers/tmp/src/2404.07788
2403.05154,error,,
2404.14410,done,tex,/home/hex/tayf/research/papers/tmp/src/2404.14410
2403.13327,done,pdf,/home/hex/tayf/research/papers/tmp/txt/2403.13327.txt
2405.11270,done,tex,/home/hex/tayf/research/papers/tmp/src/2405.11270
2405.11129,done,tex,/home/hex/tayf/research/papers/tmp/src/2405.11129
2404.00524,done,pdf,/home/hex/tayf/research/papers/tmp/txt/2404.00524.txt
2404.13541,done,tex,/home/hex/tayf/research/papers/tmp/src/2404.13541
2405.13779,done,tex,/home/hex/tayf/research/papers/tmp/src/2405.13779
2404.16323,done,tex,/home/hex/tayf/research/papers/tmp/src/2404.16323
2404.04880,done,pdf,/home/hex/tayf/research/papers/tmp/txt/2404.04880.txt
2405.14452,done,tex,/home/hex/tayf/research/papers/tmp/src/2405.14452
2404.00992,done,pdf,/home/hex/tayf/research/papers/tmp/txt/2404.00992.txt
2404.14409,done,tex,/home/hex/tayf/research/papers/tmp/src/2404.14409
2403.10166,error,,
2405.12979,done,tex,/home/hex/tayf/research/papers/tmp/src/2405.12979
2403.11324,error,,
2405.05749,done,tex,/home/hex/tayf/research/papers/tmp/src/2405.05749
2403.11573,done,pdf,/home/hex/tayf/research/papers/tmp/txt/2403.11573.txt
2405.09717,done,tex,/home/hex/tayf/research/papers/tmp/src/2405.09717
2403.11453,error,,
2403.11447,error,,
2405.12477,done,tex,/home/hex/tayf/research/papers/tmp/src/2405.12477
2405.14855,done,tex,/home/hex/tayf/research/papers/tmp/src/2405.14855
2403.11812,error,,
2405.15196,done,tex,/home/hex/tayf/research/papers/tmp/src/2405.15196
2405.16829,done,tex,/home/hex/tayf/research/papers/tmp/src/2405.16829
2403.19632,done,pdf,/home/hex/tayf/research/papers/tmp/txt/2403.19632.txt
2405.15394,done,tex,/home/hex/tayf/research/papers/tmp/src/2405.15394
2405.17351,done,tex,/home/hex/tayf/research/papers/tmp/src/2405.17351
2405.04345,done,tex,/home/hex/tayf/research/papers/tmp/src/2405.04345
2404.19149,done,tex,/home/hex/tayf/research/papers/tmp/src/2404.19149
2405.05663,done,tex,/home/hex/tayf/research/papers/tmp/src/2405.05663
2405.02005,done,tex,/home/hex/tayf/research/papers/tmp/src/2405.02005
2405.15125,done,tex,/home/hex/tayf/research/papers/tmp/src/2405.15125
2405.12069,done,tex,/home/hex/tayf/research/papers/tmp/src/2405.12069
2405.14475,done,tex,/home/hex/tayf/research/papers/tmp/src/2405.14475
2405.16822,done,tex,/home/hex/tayf/research/papers/tmp/src/2405.16822
2403.17898,done,pdf,/home/hex/tayf/research/papers/tmp/txt/2403.17898.txt
2403.15704,error,,
2403.16095,error,,
2405.14866,done,tex,/home/hex/tayf/research/papers/tmp/src/2405.14866
2405.17891,done,tex,/home/hex/tayf/research/papers/tmp/src/2405.17891
2405.17421,done,tex,/home/hex/tayf/research/papers/tmp/src/2405.17421
2403.17537,error,,
2404.03654,done,pdf,/home/hex/tayf/research/papers/tmp/txt/2404.03654.txt
2404.01296,done,pdf,/home/hex/tayf/research/papers/tmp/txt/2404.01296.txt
2404.01225,done,pdf,/home/hex/tayf/research/papers/tmp/txt/2404.01225.txt
2405.18078,done,tex,/home/hex/tayf/research/papers/tmp/src/2405.18078
2405.17958,done,tex,/home/hex/tayf/research/papers/tmp/src/2405.17958
2404.06128,done,pdf,/home/hex/tayf/research/papers/tmp/txt/2404.06128.txt
2405.18784,done,tex,/home/hex/tayf/research/papers/tmp/src/2405.18784
2405.17811,done,tex,/home/hex/tayf/research/papers/tmp/src/2405.17811
2405.19712,done,tex,/home/hex/tayf/research/papers/tmp/src/2405.19712
2405.03659,done,tex,/home/hex/tayf/research/papers/tmp/src/2405.03659
2405.18863,done,tex,/home/hex/tayf/research/papers/tmp/src/2405.18863
2405.20310,done,tex,/home/hex/tayf/research/papers/tmp/src/2405.20310
2405.19657,done,tex,/home/hex/tayf/research/papers/tmp/src/2405.19657
2405.17083,done,tex,/home/hex/tayf/research/papers/tmp/src/2405.17083
2406.00637,done,tex,/home/hex/tayf/research/papers/tmp/src/2406.00637
2405.20323,done,tex,/home/hex/tayf/research/papers/tmp/src/2405.20323
2404.02742,done,pdf,/home/hex/tayf/research/papers/tmp/txt/2404.02742.txt
2405.19876,done,tex,/home/hex/tayf/research/papers/tmp/src/2405.19876
2404.01241,done,pdf,/home/hex/tayf/research/papers/tmp/txt/2404.01241.txt
2406.00474,done,tex,/home/hex/tayf/research/papers/tmp/src/2406.00474
2404.12777,done,pdf,/home/hex/tayf/research/papers/tmp/txt/2404.12777.txt
2405.18033,done,tex,/home/hex/tayf/research/papers/tmp/src/2405.18033
2406.02062,done,tex,/home/hex/tayf/research/papers/tmp/src/2406.02062
2405.19957,done,tex,/home/hex/tayf/research/papers/tmp/src/2405.19957
2403.20153,error,,
2405.17872,done,tex,/home/hex/tayf/research/papers/tmp/src/2405.17872
2403.20159,error,,
2406.02541,done,tex,/home/hex/tayf/research/papers/tmp/src/2406.02541
2404.00674,error,,
2406.01593,done,tex,/home/hex/tayf/research/papers/tmp/src/2406.01593
2406.04251,done,tex,/home/hex/tayf/research/papers/tmp/src/2406.04251
2406.04960,done,tex,/home/hex/tayf/research/papers/tmp/src/2406.04960
2406.04253,done,tex,/home/hex/tayf/research/papers/tmp/src/2406.04253
2406.00598,done,tex,/home/hex/tayf/research/papers/tmp/src/2406.00598
2406.05412,done,pdf,/home/hex/tayf/research/papers/tmp/txt/2406.05412.txt
2406.00609,done,tex,/home/hex/tayf/research/papers/tmp/src/2406.00609
2405.06547,done,pdf,/home/hex/tayf/research/papers/tmp/txt/2405.06547.txt
2406.05852,done,tex,/home/hex/tayf/research/papers/tmp/src/2406.05852
2406.06050,done,tex,/home/hex/tayf/research/papers/tmp/src/2406.06050
2405.19671,done,tex,/home/hex/tayf/research/papers/tmp/src/2405.19671
2406.03697,done,tex,/home/hex/tayf/research/papers/tmp/src/2406.03697
2404.04579,error,,
2404.08252,done,pdf,/home/hex/tayf/research/papers/tmp/txt/2404.08252.txt
2404.19015,done,pdf,/home/hex/tayf/research/papers/tmp/txt/2404.19015.txt
2404.04687,error,,
2404.05220,error,,
2406.01917,done,tex,/home/hex/tayf/research/papers/tmp/src/2406.01917
2406.07828,done,tex,/home/hex/tayf/research/papers/tmp/src/2406.07828
2406.06526,done,tex,/home/hex/tayf/research/papers/tmp/src/2406.06526
2406.00434,done,tex,/home/hex/tayf/research/papers/tmp/src/2406.00434
2406.08759,done,tex,/home/hex/tayf/research/papers/tmp/src/2406.08759
2406.08300,done,tex,/home/hex/tayf/research/papers/tmp/src/2406.08300
2404.16429,done,pdf,/home/hex/tayf/research/papers/tmp/txt/2404.16429.txt
2405.11921,done,pdf,/home/hex/tayf/research/papers/tmp/txt/2405.11921.txt
2406.04343,done,tex,/home/hex/tayf/research/papers/tmp/src/2406.04343
2406.08943,done,tex,/home/hex/tayf/research/papers/tmp/src/2406.08943
2405.15518,done,tex,/home/hex/tayf/research/papers/tmp/src/2405.15518
2406.02720,done,tex,/home/hex/tayf/research/papers/tmp/src/2406.02720
2406.08920,done,tex,/home/hex/tayf/research/papers/tmp/src/2406.08920
2406.10111,done,tex,/home/hex/tayf/research/papers/tmp/src/2406.10111
2405.13943,done,pdf,/home/hex/tayf/research/papers/tmp/txt/2405.13943.txt
2404.09412,error,,
2406.09731,done,pdf,/home/hex/tayf/research/papers/tmp/txt/2406.09731.txt
2404.10625,error,,
2405.12110,done,pdf,/home/hex/tayf/research/papers/tmp/txt/2405.12110.txt
2406.11259,done,pdf,/home/hex/tayf/research/papers/tmp/txt/2406.11259.txt
2404.10772,error,,
2404.11285,error,,
2406.12285,done,tex,/home/hex/tayf/research/papers/tmp/src/2406.12285
2406.09774,done,tex,/home/hex/tayf/research/papers/tmp/src/2406.09774
2406.10324,done,tex,/home/hex/tayf/research/papers/tmp/src/2406.10324
2406.14220,done,pdf,/home/hex/tayf/research/papers/tmp/txt/2406.14220.txt
2406.03723,done,tex,/home/hex/tayf/research/papers/tmp/src/2406.03723
2406.01042,done,tex,/home/hex/tayf/research/papers/tmp/src/2406.01042
2406.14978,done,tex,/home/hex/tayf/research/papers/tmp/src/2406.14978
2404.12379,error,,
2404.12547,error,,
2405.07178,done,pdf,/home/hex/tayf/research/papers/tmp/txt/2405.07178.txt
2405.17705,done,pdf,/home/hex/tayf/research/papers/tmp/txt/2405.17705.txt
2406.12095,done,tex,/home/hex/tayf/research/papers/tmp/src/2406.12095
2406.14806,done,tex,/home/hex/tayf/research/papers/tmp/src/2406.14806
2406.09801,done,tex,/home/hex/tayf/research/papers/tmp/src/2406.09801
2404.13679,error,,
2406.17345,done,tex,/home/hex/tayf/research/papers/tmp/src/2406.17345
2406.07499,done,tex,/home/hex/tayf/research/papers/tmp/src/2406.07499
2406.18544,done,tex,/home/hex/tayf/research/papers/tmp/src/2406.18544
2406.16850,done,tex,/home/hex/tayf/research/papers/tmp/src/2406.16850
2406.10373,done,tex,/home/hex/tayf/research/papers/tmp/src/2406.10373
2405.06408,done,pdf,/home/hex/tayf/research/papers/tmp/txt/2405.06408.txt
2406.01579,done,tex,/home/hex/tayf/research/papers/tmp/src/2406.01579
2404.16012,error,,
2406.08822,done,pdf,/home/hex/tayf/research/papers/tmp/txt/2406.08822.txt
2406.18717,done,tex,/home/hex/tayf/research/papers/tmp/src/2406.18717
2405.20791,done,tex,/home/hex/tayf/research/papers/tmp/src/2405.20791
2406.18214,done,tex,/home/hex/tayf/research/papers/tmp/src/2406.18214
2406.19070,done,tex,/home/hex/tayf/research/papers/tmp/src/2406.19070
2406.02407,done,tex,/home/hex/tayf/research/papers/tmp/src/2406.02407
2406.08488,done,tex,/home/hex/tayf/research/papers/tmp/src/2406.08488
2407.02598,done,tex,/home/hex/tayf/research/papers/tmp/src/2407.02598
2407.01029,done,tex,/home/hex/tayf/research/papers/tmp/src/2407.01029
2406.04576,done,tex,/home/hex/tayf/research/papers/tmp/src/2406.04576
2406.09395,done,tex,/home/hex/tayf/research/papers/tmp/src/2406.09395
2404.18929,error,,
2407.04504,done,tex,/home/hex/tayf/research/papers/tmp/src/2407.04504
2404.19110,error,,
2407.00316,done,tex,/home/hex/tayf/research/papers/tmp/src/2407.00316
2404.19398,error,,
2407.02668,done,tex,/home/hex/tayf/research/papers/tmp/src/2407.02668
2406.06216,done,tex,/home/hex/tayf/research/papers/tmp/src/2406.06216
2407.05586,done,tex,/home/hex/tayf/research/papers/tmp/src/2407.05586
2405.00900,error,,
2406.07163,done,tex,/home/hex/tayf/research/papers/tmp/src/2406.07163
2405.20721,done,pdf,/home/hex/tayf/research/papers/tmp/txt/2405.20721.txt
2406.16289,done,tex,/home/hex/tayf/research/papers/tmp/src/2406.16289
2405.14847,done,pdf,/home/hex/tayf/research/papers/tmp/txt/2405.14847.txt
2406.04101,done,tex,/home/hex/tayf/research/papers/tmp/src/2406.04101
2407.02165,done,tex,/home/hex/tayf/research/papers/tmp/src/2407.02165
2407.07220,done,tex,/home/hex/tayf/research/papers/tmp/src/2407.07220
2405.19609,done,pdf,/home/hex/tayf/research/papers/tmp/txt/2405.19609.txt
2407.05909,done,tex,/home/hex/tayf/research/papers/tmp/src/2407.05909
2407.04345,done,tex,/home/hex/tayf/research/papers/tmp/src/2407.04345
2405.15118,done,pdf,/home/hex/tayf/research/papers/tmp/txt/2405.15118.txt
2406.05774,done,tex,/home/hex/tayf/research/papers/tmp/src/2406.05774
2407.08165,done,tex,/home/hex/tayf/research/papers/tmp/src/2407.08165
2407.08447,done,tex,/home/hex/tayf/research/papers/tmp/src/2407.08447
2407.10062,done,tex,/home/hex/tayf/research/papers/tmp/src/2407.10062
2407.10707,done,tex,/home/hex/tayf/research/papers/tmp/src/2407.10707
2406.13048,done,tex,/home/hex/tayf/research/papers/tmp/src/2406.13048
2407.03204,done,tex,/home/hex/tayf/research/papers/tmp/src/2407.03204
2407.10267,done,tex,/home/hex/tayf/research/papers/tmp/src/2407.10267
2406.16073,done,tex,/home/hex/tayf/research/papers/tmp/src/2406.16073
2406.01467,done,pdf,/home/hex/tayf/research/papers/tmp/txt/2406.01467.txt
2407.10754,done,pdf,/home/hex/tayf/research/papers/tmp/txt/2407.10754.txt
2405.16204,done,pdf,/home/hex/tayf/research/papers/tmp/txt/2405.16204.txt
2407.09510,done,tex,/home/hex/tayf/research/papers/tmp/src/2407.09510
2406.14360,done,tex,/home/hex/tayf/research/papers/tmp/src/2406.14360
2407.00500,done,tex,/home/hex/tayf/research/papers/tmp/src/2407.00500
2407.02945,done,tex,/home/hex/tayf/research/papers/tmp/src/2407.02945
2405.11021,error,,
2407.02918,done,tex,/home/hex/tayf/research/papers/tmp/src/2407.02918
2405.12218,error,,
2407.13520,done,tex,/home/hex/tayf/research/papers/tmp/src/2407.13520
2407.13102,done,tex,/home/hex/tayf/research/papers/tmp/src/2407.13102
2405.12806,error,,
2405.12369,error,,
2405.13694,error,,
2406.12080,done,tex,/home/hex/tayf/research/papers/tmp/src/2406.12080
2407.05597,done,tex,/home/hex/tayf/research/papers/tmp/src/2407.05597
2406.20066,done,tex,/home/hex/tayf/research/papers/tmp/src/2406.20066
2407.01894,done,tex,/home/hex/tayf/research/papers/tmp/src/2407.01894
2407.15070,done,tex,/home/hex/tayf/research/papers/tmp/src/2407.15070
2407.15435,done,tex,/home/hex/tayf/research/papers/tmp/src/2407.15435
2407.11347,done,tex,/home/hex/tayf/research/papers/tmp/src/2407.11347
2407.18555,done,tex,/home/hex/tayf/research/papers/tmp/src/2407.18555
2407.19184,error,,
2407.16503,done,tex,/home/hex/tayf/research/papers/tmp/src/2407.16503
2407.15212,done,tex,/home/hex/tayf/research/papers/tmp/src/2407.15212
2407.19988,done,tex,/home/hex/tayf/research/papers/tmp/src/2407.19988
2407.20213,done,tex,/home/hex/tayf/research/papers/tmp/src/2407.20213
2407.17470,done,tex,/home/hex/tayf/research/papers/tmp/src/2407.17470
2405.14871,error,,
2407.21666,done,tex,/home/hex/tayf/research/papers/tmp/src/2407.21666
2407.14197,done,tex,/home/hex/tayf/research/papers/tmp/src/2407.14197
2407.21686,done,tex,/home/hex/tayf/research/papers/tmp/src/2407.21686
2407.01016,done,tex,/home/hex/tayf/research/papers/tmp/src/2407.01016
2405.16570,error,,
2407.16600,done,tex,/home/hex/tayf/research/papers/tmp/src/2407.16600
2408.00297,done,tex,/home/hex/tayf/research/papers/tmp/src/2408.00297
2405.16909,error,,
2406.00448,done,pdf,/home/hex/tayf/research/papers/tmp/txt/2406.00448.txt
2408.02840,done,tex,/home/hex/tayf/research/papers/tmp/src/2408.02840
2407.20908,done,tex,/home/hex/tayf/research/papers/tmp/src/2407.20908
2408.00860,done,tex,/home/hex/tayf/research/papers/tmp/src/2408.00860
2408.03753,done,tex,/home/hex/tayf/research/papers/tmp/src/2408.03753
2405.17793,error,,
2407.17738,done,tex,/home/hex/tayf/research/papers/tmp/src/2407.17738
2408.04426,done,tex,/home/hex/tayf/research/papers/tmp/src/2408.04426
2407.11962,done,tex,/home/hex/tayf/research/papers/tmp/src/2407.11962
2407.06861,done,tex,/home/hex/tayf/research/papers/tmp/src/2407.06861
2407.19696,done,tex,/home/hex/tayf/research/papers/tmp/src/2407.19696
2406.06521,done,pdf,/home/hex/tayf/research/papers/tmp/txt/2406.06521.txt
2407.05324,done,tex,/home/hex/tayf/research/papers/tmp/src/2407.05324
2408.03060,done,pdf,/home/hex/tayf/research/papers/tmp/txt/2408.03060.txt
2407.19542,done,tex,/home/hex/tayf/research/papers/tmp/src/2407.19542
2408.04803,done,tex,/home/hex/tayf/research/papers/tmp/src/2408.04803
2406.05833,done,pdf,/home/hex/tayf/research/papers/tmp/txt/2406.05833.txt
2408.04224,done,tex,/home/hex/tayf/research/papers/tmp/src/2408.04224
2408.05533,done,tex,/home/hex/tayf/research/papers/tmp/src/2408.05533
2408.01812,done,tex,/home/hex/tayf/research/papers/tmp/src/2408.01812
2408.03356,done,tex,/home/hex/tayf/research/papers/tmp/src/2408.03356
2408.05635,done,tex,/home/hex/tayf/research/papers/tmp/src/2408.05635
2408.07005,done,tex,/home/hex/tayf/research/papers/tmp/src/2408.07005
2406.13099,done,pdf,/home/hex/tayf/research/papers/tmp/txt/2406.13099.txt
2407.21047,done,tex,/home/hex/tayf/research/papers/tmp/src/2407.21047
2405.20224,error,,
2408.08723,done,tex,/home/hex/tayf/research/papers/tmp/src/2408.08723
2408.08206,done,tex,/home/hex/tayf/research/papers/tmp/src/2408.08206
2405.20693,error,,
2407.11921,done,tex,/home/hex/tayf/research/papers/tmp/src/2407.11921
2408.10041,error,,
2406.10219,done,pdf,/home/hex/tayf/research/papers/tmp/txt/2406.10219.txt
2406.12459,done,pdf,/home/hex/tayf/research/papers/tmp/txt/2406.12459.txt
2407.08414,done,tex,/home/hex/tayf/research/papers/tmp/src/2407.08414
2406.00440,error,,
2408.09665,done,tex,/home/hex/tayf/research/papers/tmp/src/2408.09665
2408.09663,done,tex,/home/hex/tayf/research/papers/tmp/src/2408.09663
2407.12395,done,tex,/home/hex/tayf/research/papers/tmp/src/2407.12395
2407.04651,done,pdf,/home/hex/tayf/research/papers/tmp/txt/2407.04651.txt
2406.18198,done,pdf,/home/hex/tayf/research/papers/tmp/txt/2406.18198.txt
2408.10258,done,tex,/home/hex/tayf/research/papers/tmp/src/2408.10258
2408.04831,done,tex,/home/hex/tayf/research/papers/tmp/src/2408.04831
2408.10588,done,tex,/home/hex/tayf/research/papers/tmp/src/2408.10588
2408.09347,done,tex,/home/hex/tayf/research/papers/tmp/src/2408.09347
2408.13370,done,tex,/home/hex/tayf/research/papers/tmp/src/2408.13370
2407.05023,done,pdf,/home/hex/tayf/research/papers/tmp/txt/2407.05023.txt
2408.13770,done,tex,/home/hex/tayf/research/papers/tmp/src/2408.13770
2408.13766,done,tex,/home/hex/tayf/research/papers/tmp/src/2408.13766
2408.10739,done,tex,/home/hex/tayf/research/papers/tmp/src/2408.10739
2408.13714,done,tex,/home/hex/tayf/research/papers/tmp/src/2408.13714
2408.13995,done,tex,/home/hex/tayf/research/papers/tmp/src/2408.13995
2408.13972,done,tex,/home/hex/tayf/research/papers/tmp/src/2408.13972
2406.01597,error,,
2407.05254,done,pdf,/home/hex/tayf/research/papers/tmp/txt/2407.05254.txt
2408.06356,done,tex,/home/hex/tayf/research/papers/tmp/src/2408.06356
2408.04586,done,tex,/home/hex/tayf/research/papers/tmp/src/2408.04586
2408.16690,done,tex,/home/hex/tayf/research/papers/tmp/src/2408.16690
2407.11343,done,tex,/home/hex/tayf/research/papers/tmp/src/2407.11343
2408.06019,done,tex,/home/hex/tayf/research/papers/tmp/src/2408.06019
2408.04268,done,tex,/home/hex/tayf/research/papers/tmp/src/2408.04268
2409.00510,done,tex,/home/hex/tayf/research/papers/tmp/src/2409.00510
2406.04254,done,pdf,/home/hex/tayf/research/papers/tmp/txt/2406.04254.txt
2409.00749,done,tex,/home/hex/tayf/research/papers/tmp/src/2409.00749
2408.06286,done,tex,/home/hex/tayf/research/papers/tmp/src/2408.06286
2408.06592,done,tex,/home/hex/tayf/research/papers/tmp/src/2408.06592
2407.08137,done,pdf,/home/hex/tayf/research/papers/tmp/txt/2407.08137.txt
2408.12282,done,tex,/home/hex/tayf/research/papers/tmp/src/2408.12282
2408.16982,done,tex,/home/hex/tayf/research/papers/tmp/src/2408.16982
2408.14211,done,tex,/home/hex/tayf/research/papers/tmp/src/2408.14211
2408.11697,done,tex,/home/hex/tayf/research/papers/tmp/src/2408.11697
2409.04196,done,tex,/home/hex/tayf/research/papers/tmp/src/2409.04196
2406.06527,error,,
2409.05617,done,tex,/home/hex/tayf/research/papers/tmp/src/2409.05617
2408.07416,done,tex,/home/hex/tayf/research/papers/tmp/src/2408.07416
2409.05334,done,tex,/home/hex/tayf/research/papers/tmp/src/2409.05334
2408.03193,done,tex,/home/hex/tayf/research/papers/tmp/src/2408.03193
2409.05490,done,tex,/home/hex/tayf/research/papers/tmp/src/2409.05490
2406.07516,done,pdf,/home/hex/tayf/research/papers/tmp/txt/2406.07516.txt
2406.07329,error,,
2409.06240,done,tex,/home/hex/tayf/research/papers/tmp/src/2409.06240
2408.11357,done,tex,/home/hex/tayf/research/papers/tmp/src/2408.11357
2408.13912,done,tex,/home/hex/tayf/research/papers/tmp/src/2408.13912
2409.02851,done,tex,/home/hex/tayf/research/papers/tmp/src/2409.02851
2408.15242,done,tex,/home/hex/tayf/research/papers/tmp/src/2408.15242
2409.08562,done,tex,/home/hex/tayf/research/papers/tmp/src/2409.08562
2406.08894,error,,
2409.06535,done,tex,/home/hex/tayf/research/papers/tmp/src/2409.06535
2409.09424,done,tex,/home/hex/tayf/research/papers/tmp/src/2409.09424
2409.08042,done,tex,/home/hex/tayf/research/papers/tmp/src/2409.08042
2406.15643,done,pdf,/home/hex/tayf/research/papers/tmp/txt/2406.15643.txt
2409.00736,done,tex,/home/hex/tayf/research/papers/tmp/src/2409.00736
2407.12777,done,pdf,/home/hex/tayf/research/papers/tmp/txt/2407.12777.txt
2409.07759,done,pdf,/home/hex/tayf/research/papers/tmp/txt/2409.07759.txt
2406.10078,error,,
2409.11211,done,tex,/home/hex/tayf/research/papers/tmp/src/2409.11211
2409.07452,done,tex,/home/hex/tayf/research/papers/tmp/src/2409.07452
2409.08577,done,tex,/home/hex/tayf/research/papers/tmp/src/2409.08577
2407.06150,done,pdf,/home/hex/tayf/research/papers/tmp/txt/2407.06150.txt
2409.11356,done,tex,/home/hex/tayf/research/papers/tmp/src/2409.11356
2408.09130,done,tex,/home/hex/tayf/research/papers/tmp/src/2408.09130
2409.08613,done,tex,/home/hex/tayf/research/papers/tmp/src/2409.08613
2409.13859,done,tex,/home/hex/tayf/research/papers/tmp/src/2409.13859
2406.17074,done,pdf,/home/hex/tayf/research/papers/tmp/txt/2406.17074.txt
2409.12954,done,tex,/home/hex/tayf/research/papers/tmp/src/2409.12954
2406.16623,error,,
2407.06397,done,pdf,/home/hex/tayf/research/papers/tmp/txt/2407.06397.txt
2407.06613,done,pdf,/home/hex/tayf/research/papers/tmp/txt/2407.06613.txt
2409.06407,done,tex,/home/hex/tayf/research/papers/tmp/src/2409.06407
2409.14827,done,tex,/home/hex/tayf/research/papers/tmp/src/2409.14827
2409.01661,done,tex,/home/hex/tayf/research/papers/tmp/src/2409.01661
2409.12617,done,tex,/home/hex/tayf/research/papers/tmp/src/2409.12617
2409.12774,done,tex,/home/hex/tayf/research/papers/tmp/src/2409.12774
2407.15484,done,pdf,/home/hex/tayf/research/papers/tmp/txt/2407.15484.txt
2407.11309,done,pdf,/home/hex/tayf/research/papers/tmp/txt/2407.11309.txt
2409.16502,done,tex,/home/hex/tayf/research/papers/tmp/src/2409.16502
2409.16296,done,pdf,/home/hex/tayf/research/papers/tmp/txt/2409.16296.txt
2409.17345,done,tex,/home/hex/tayf/research/papers/tmp/src/2409.17345
2409.02917,done,tex,/home/hex/tayf/research/papers/tmp/src/2409.02917
2409.16147,done,tex,/home/hex/tayf/research/papers/tmp/src/2409.16147
2408.06190,done,pdf,/home/hex/tayf/research/papers/tmp/txt/2408.06190.txt
2408.13674,done,tex,/home/hex/tayf/research/papers/tmp/src/2408.13674
2409.19039,done,tex,/home/hex/tayf/research/papers/tmp/src/2409.19039
2407.01761,done,pdf,/home/hex/tayf/research/papers/tmp/txt/2407.01761.txt
2409.15959,done,tex,/home/hex/tayf/research/papers/tmp/src/2409.15959
2407.01767,error,,
2409.03213,done,tex,/home/hex/tayf/research/papers/tmp/src/2409.03213
2409.18364,done,tex,/home/hex/tayf/research/papers/tmp/src/2409.18364
2410.00386,done,tex,/home/hex/tayf/research/papers/tmp/src/2410.00386
2409.19228,done,tex,/home/hex/tayf/research/papers/tmp/src/2409.19228
2409.18057,done,tex,/home/hex/tayf/research/papers/tmp/src/2409.18057
2410.00672,done,tex,/home/hex/tayf/research/papers/tmp/src/2410.00672
2407.03205,error,,
2410.01202,done,tex,/home/hex/tayf/research/papers/tmp/src/2410.01202
2407.04545,error,,
2409.17459,done,tex,/home/hex/tayf/research/papers/tmp/src/2409.17459
2410.01425,done,tex,/home/hex/tayf/research/papers/tmp/src/2410.01425
2408.16866,done,tex,/home/hex/tayf/research/papers/tmp/src/2408.16866
2410.01614,done,tex,/home/hex/tayf/research/papers/tmp/src/2410.01614
2408.05008,done,pdf,/home/hex/tayf/research/papers/tmp/txt/2408.05008.txt
2409.10041,done,tex,/home/hex/tayf/research/papers/tmp/src/2409.10041
2410.03556,done,tex,/home/hex/tayf/research/papers/tmp/src/2410.03556
2410.01647,done,tex,/home/hex/tayf/research/papers/tmp/src/2410.01647
2410.02764,done,tex,/home/hex/tayf/research/papers/tmp/src/2410.02764
2407.07284,error,,
2407.07532,error,,
2407.15848,done,pdf,/home/hex/tayf/research/papers/tmp/txt/2407.15848.txt
2410.04873,done,tex,/home/hex/tayf/research/papers/tmp/src/2410.04873
2410.01835,done,tex,/home/hex/tayf/research/papers/tmp/src/2410.01835
2409.14778,done,tex,/home/hex/tayf/research/papers/tmp/src/2409.14778
2408.16355,done,pdf,/home/hex/tayf/research/papers/tmp/txt/2408.16355.txt
2407.09386,error,,
2410.06245,done,tex,/home/hex/tayf/research/papers/tmp/src/2410.06245
2410.06711,done,pdf,/home/hex/tayf/research/papers/tmp/txt/2410.06711.txt
2410.05468,done,tex,/home/hex/tayf/research/papers/tmp/src/2410.05468
2408.11413,done,pdf,/home/hex/tayf/research/papers/tmp/txt/2408.11413.txt
2410.04354,done,tex,/home/hex/tayf/research/papers/tmp/src/2410.04354
2410.04402,done,tex,/home/hex/tayf/research/papers/tmp/src/2410.04402
2410.06475,done,tex,/home/hex/tayf/research/papers/tmp/src/2410.06475
2410.05772,done,pdf,/home/hex/tayf/research/papers/tmp/txt/2410.05772.txt
2410.02571,done,tex,/home/hex/tayf/research/papers/tmp/src/2410.02571
2409.13648,done,tex,/home/hex/tayf/research/papers/tmp/src/2409.13648
2410.02103,done,tex,/home/hex/tayf/research/papers/tmp/src/2410.02103
2407.10482,error,,
2410.06756,done,tex,/home/hex/tayf/research/papers/tmp/src/2410.06756
2407.11394,error,,
2410.08082,done,tex,/home/hex/tayf/research/papers/tmp/src/2410.08082
2409.00381,done,pdf,/home/hex/tayf/research/papers/tmp/txt/2409.00381.txt
2409.12156,done,tex,/home/hex/tayf/research/papers/tmp/src/2409.12156
2409.17280,done,tex,/home/hex/tayf/research/papers/tmp/src/2409.17280
2407.12306,error,,
2407.13038,error,,
2410.00769,done,tex,/home/hex/tayf/research/papers/tmp/src/2410.00769
2410.08743,done,tex,/home/hex/tayf/research/papers/tmp/src/2410.08743
2407.13185,error,,
2408.15695,done,pdf,/home/hex/tayf/research/papers/tmp/txt/2408.15695.txt
2409.15715,done,tex,/home/hex/tayf/research/papers/tmp/src/2409.15715
2410.04889,done,tex,/home/hex/tayf/research/papers/tmp/src/2410.04889
2408.13036,done,pdf,/home/hex/tayf/research/papers/tmp/txt/2408.13036.txt
2407.13764,error,,
2410.10412,done,tex,/home/hex/tayf/research/papers/tmp/src/2410.10412
2410.12080,done,tex,/home/hex/tayf/research/papers/tmp/src/2410.12080
2409.14316,done,tex,/home/hex/tayf/research/papers/tmp/src/2409.14316
2410.08840,done,tex,/home/hex/tayf/research/papers/tmp/src/2410.08840
2410.07160,done,tex,/home/hex/tayf/research/papers/tmp/src/2410.07160
2410.13613,done,tex,/home/hex/tayf/research/papers/tmp/src/2410.13613
2410.13193,done,tex,/home/hex/tayf/research/papers/tmp/src/2410.13193
2410.05097,done,pdf,/home/hex/tayf/research/papers/tmp/txt/2410.05097.txt
2409.16763,done,tex,/home/hex/tayf/research/papers/tmp/src/2409.16763
2408.00762,done,pdf,/home/hex/tayf/research/papers/tmp/txt/2408.00762.txt
2410.15425,done,tex,/home/hex/tayf/research/papers/tmp/src/2410.15425
2410.05111,done,tex,/home/hex/tayf/research/papers/tmp/src/2410.05111
2410.12242,done,tex,/home/hex/tayf/research/papers/tmp/src/2410.12242
2410.15846,done,tex,/home/hex/tayf/research/papers/tmp/src/2410.15846
2408.15235,done,pdf,/home/hex/tayf/research/papers/tmp/txt/2408.15235.txt
2410.08017,done,tex,/home/hex/tayf/research/papers/tmp/src/2410.08017
2410.17242,done,tex,/home/hex/tayf/research/papers/tmp/src/2410.17242
2410.01404,done,tex,/home/hex/tayf/research/papers/tmp/src/2410.01404
2408.00254,error,,
2410.17262,done,tex,/home/hex/tayf/research/papers/tmp/src/2410.17262
2409.19439,done,tex,/home/hex/tayf/research/papers/tmp/src/2409.19439
2409.09756,done,pdf,/home/hex/tayf/research/papers/tmp/txt/2409.09756.txt
2410.17839,done,tex,/home/hex/tayf/research/papers/tmp/src/2410.17839
2410.14799,done,tex,/home/hex/tayf/research/papers/tmp/src/2410.14799
2410.16503,done,tex,/home/hex/tayf/research/papers/tmp/src/2410.16503
2410.14283,done,tex,/home/hex/tayf/research/papers/tmp/src/2410.14283
2409.16504,done,tex,/home/hex/tayf/research/papers/tmp/src/2409.16504
2410.08188,done,tex,/home/hex/tayf/research/papers/tmp/src/2410.08188
2410.07707,done,tex,/home/hex/tayf/research/papers/tmp/src/2410.07707
2408.04474,error,,
2410.13571,done,tex,/home/hex/tayf/research/papers/tmp/src/2410.13571
2410.20815,done,tex,/home/hex/tayf/research/papers/tmp/src/2410.20815
2410.16995,done,tex,/home/hex/tayf/research/papers/tmp/src/2410.16995
2410.17422,done,tex,/home/hex/tayf/research/papers/tmp/src/2410.17422
2409.11951,done,pdf,/home/hex/tayf/research/papers/tmp/txt/2409.11951.txt
2408.06543,error,,
2410.21310,done,tex,/home/hex/tayf/research/papers/tmp/src/2410.21310
2410.21566,done,tex,/home/hex/tayf/research/papers/tmp/src/2410.21566
2410.21955,done,tex,/home/hex/tayf/research/papers/tmp/src/2410.21955
2408.07595,error,,
2410.09690,done,tex,/home/hex/tayf/research/papers/tmp/src/2410.09690
2408.07836,error,,
2410.22070,done,tex,/home/hex/tayf/research/papers/tmp/src/2410.22070
2410.17741,done,tex,/home/hex/tayf/research/papers/tmp/src/2410.17741
2410.11419,done,tex,/home/hex/tayf/research/papers/tmp/src/2410.11419
2410.24207,done,tex,/home/hex/tayf/research/papers/tmp/src/2410.24207
2410.22128,done,tex,/home/hex/tayf/research/papers/tmp/src/2410.22128
2410.24204,done,tex,/home/hex/tayf/research/papers/tmp/src/2410.24204
2410.22817,done,tex,/home/hex/tayf/research/papers/tmp/src/2410.22817
2411.00144,done,tex,/home/hex/tayf/research/papers/tmp/src/2411.00144
2411.01797,done,pdf,/home/hex/tayf/research/papers/tmp/txt/2411.01797.txt
2410.17932,done,tex,/home/hex/tayf/research/papers/tmp/src/2410.17932
2408.11085,error,,
2411.02762,done,pdf,/home/hex/tayf/research/papers/tmp/txt/2411.02762.txt
2411.00771,done,tex,/home/hex/tayf/research/papers/tmp/src/2411.00771
2410.20220,done,tex,/home/hex/tayf/research/papers/tmp/src/2410.20220
2409.19702,done,pdf,/home/hex/tayf/research/papers/tmp/txt/2409.19702.txt
2410.24223,done,tex,/home/hex/tayf/research/papers/tmp/src/2410.24223
2411.04249,done,tex,/home/hex/tayf/research/papers/tmp/src/2411.04249
2408.13922,error,,
2410.14540,done,tex,/home/hex/tayf/research/papers/tmp/src/2410.14540
2411.05322,done,tex,/home/hex/tayf/research/papers/tmp/src/2411.05322
2411.03637,done,tex,/home/hex/tayf/research/papers/tmp/src/2411.03637
2411.03475,done,tex,/home/hex/tayf/research/papers/tmp/src/2411.03475
2410.11285,done,tex,/home/hex/tayf/research/papers/tmp/src/2410.11285
2408.15708,error,,
2410.23718,done,tex,/home/hex/tayf/research/papers/tmp/src/2410.23718
2411.06976,done,tex,/home/hex/tayf/research/papers/tmp/src/2411.06976
2408.16544,error,,
2409.04812,done,pdf,/home/hex/tayf/research/papers/tmp/txt/2409.04812.txt
2411.06602,done,tex,/home/hex/tayf/research/papers/tmp/src/2411.06602
2410.15629,done,tex,/home/hex/tayf/research/papers/tmp/src/2410.15629
2411.04924,done,tex,/home/hex/tayf/research/papers/tmp/src/2411.04924
2411.07579,done,tex,/home/hex/tayf/research/papers/tmp/src/2411.07579
2410.17505,done,tex,/home/hex/tayf/research/papers/tmp/src/2410.17505
2410.11505,done,tex,/home/hex/tayf/research/papers/tmp/src/2410.11505
2411.08642,done,tex,/home/hex/tayf/research/papers/tmp/src/2411.08642
2410.24144,done,tex,/home/hex/tayf/research/papers/tmp/src/2410.24144
2411.08453,done,pdf,/home/hex/tayf/research/papers/tmp/txt/2411.08453.txt
2411.08508,done,tex,/home/hex/tayf/research/papers/tmp/src/2411.08508
2411.02229,done,tex,/home/hex/tayf/research/papers/tmp/src/2411.02229
2409.01876,error,,
2409.12771,done,pdf,/home/hex/tayf/research/papers/tmp/txt/2409.12771.txt
2410.15392,done,tex,/home/hex/tayf/research/papers/tmp/src/2410.15392
2410.14177,done,tex,/home/hex/tayf/research/papers/tmp/src/2410.14177
2411.09749,done,tex,/home/hex/tayf/research/papers/tmp/src/2411.09749
2411.09952,done,tex,/home/hex/tayf/research/papers/tmp/src/2411.09952
2411.09209,done,tex,/home/hex/tayf/research/papers/tmp/src/2411.09209
2410.16395,done,tex,/home/hex/tayf/research/papers/tmp/src/2410.16395
2411.06067,done,tex,/home/hex/tayf/research/papers/tmp/src/2411.06067
2409.05868,error,,
2409.06259,error,,
2411.10947,done,tex,/home/hex/tayf/research/papers/tmp/src/2411.10947
2411.10504,done,tex,/home/hex/tayf/research/papers/tmp/src/2411.10504
2409.06685,error,,
2409.07200,error,,
2411.10033,done,tex,/home/hex/tayf/research/papers/tmp/src/2411.10033
2411.11903,done,tex,/home/hex/tayf/research/papers/tmp/src/2411.11903
2411.12510,done,tex,/home/hex/tayf/research/papers/tmp/src/2411.12510
2411.13209,done,tex,/home/hex/tayf/research/papers/tmp/src/2411.13209
2410.04974,done,pdf,/home/hex/tayf/research/papers/tmp/txt/2410.04974.txt
2410.23522,done,tex,/home/hex/tayf/research/papers/tmp/src/2410.23522
2410.18822,done,tex,/home/hex/tayf/research/papers/tmp/src/2410.18822
2411.11363,done,tex,/home/hex/tayf/research/papers/tmp/src/2411.11363
2409.08278,error,,
2409.08353,error,,
2411.10133,done,tex,/home/hex/tayf/research/papers/tmp/src/2411.10133
2411.13026,done,tex,/home/hex/tayf/research/papers/tmp/src/2411.13026
2411.15468,done,tex,/home/hex/tayf/research/papers/tmp/src/2411.15468
2409.10141,error,,
2410.02619,done,pdf,/home/hex/tayf/research/papers/tmp/txt/2410.02619.txt
2411.09156,done,tex,/home/hex/tayf/research/papers/tmp/src/2411.09156
2411.14847,done,tex,/home/hex/tayf/research/papers/tmp/src/2411.14847
2411.15732,done,tex,/home/hex/tayf/research/papers/tmp/src/2411.15732
2410.16271,done,pdf,/home/hex/tayf/research/papers/tmp/txt/2410.16271.txt
2411.15582,done,tex,/home/hex/tayf/research/papers/tmp/src/2411.15582
2411.16768,done,tex,/home/hex/tayf/research/papers/tmp/src/2411.16768
2411.10546,done,tex,/home/hex/tayf/research/papers/tmp/src/2411.10546
2409.14067,error,,
2411.16758,done,tex,/home/hex/tayf/research/papers/tmp/src/2411.16758
2410.01535,done,pdf,/home/hex/tayf/research/papers/tmp/txt/2410.01535.txt
2410.20686,done,tex,/home/hex/tayf/research/papers/tmp/src/2410.20686
2410.11394,done,pdf,/home/hex/tayf/research/papers/tmp/txt/2410.11394.txt
2411.06390,done,tex,/home/hex/tayf/research/papers/tmp/src/2411.06390
2410.20306,done,pdf,/home/hex/tayf/research/papers/tmp/txt/2410.20306.txt
2411.18197,done,tex,/home/hex/tayf/research/papers/tmp/src/2411.18197
2411.12592,done,tex,/home/hex/tayf/research/papers/tmp/src/2411.12592
2411.19233,done,tex,/home/hex/tayf/research/papers/tmp/src/2411.19233
2409.15176,error,,
2409.15689,error,,
2410.18355,done,pdf,/home/hex/tayf/research/papers/tmp/txt/2410.18355.txt
2410.11080,done,pdf,/home/hex/tayf/research/papers/tmp/txt/2410.11080.txt
2411.17044,done,tex,/home/hex/tayf/research/papers/tmp/src/2411.17044
2411.16816,done,tex,/home/hex/tayf/research/papers/tmp/src/2411.16816
2410.19483,done,pdf,/home/hex/tayf/research/papers/tmp/txt/2410.19483.txt
2412.00851,done,tex,/home/hex/tayf/research/papers/tmp/src/2412.00851
2410.23213,done,pdf,/home/hex/tayf/research/papers/tmp/txt/2410.23213.txt
2411.16877,done,tex,/home/hex/tayf/research/papers/tmp/src/2411.16877
2410.00630,error,,
2411.06019,done,tex,/home/hex/tayf/research/papers/tmp/src/2411.06019
2410.14169,done,pdf,/home/hex/tayf/research/papers/tmp/txt/2410.14169.txt
2410.01226,error,,
2411.19454,done,tex,/home/hex/tayf/research/papers/tmp/src/2411.19454
2411.01218,done,pdf,/home/hex/tayf/research/papers/tmp/txt/2411.01218.txt
2411.18624,done,tex,/home/hex/tayf/research/papers/tmp/src/2411.18624
2411.12788,done,tex,/home/hex/tayf/research/papers/tmp/src/2411.12788
2410.01804,error,,
2411.04844,done,tex,/home/hex/tayf/research/papers/tmp/src/2411.04844
2411.08128,done,tex,/home/hex/tayf/research/papers/tmp/src/2411.08128
2412.02589,done,tex,/home/hex/tayf/research/papers/tmp/src/2412.02589
2410.08107,done,pdf,/home/hex/tayf/research/papers/tmp/txt/2410.08107.txt
2411.18675,done,tex,/home/hex/tayf/research/papers/tmp/src/2411.18675
2411.14514,done,tex,/home/hex/tayf/research/papers/tmp/src/2411.14514
2411.13631,done,pdf,/home/hex/tayf/research/papers/tmp/txt/2411.13631.txt
2411.11199,done,tex,/home/hex/tayf/research/papers/tmp/src/2411.11199
2412.03263,done,tex,/home/hex/tayf/research/papers/tmp/src/2412.03263
2412.02225,done,tex,/home/hex/tayf/research/papers/tmp/src/2412.02225
2412.00578,done,tex,/home/hex/tayf/research/papers/tmp/src/2412.00578
2412.00845,done,tex,/home/hex/tayf/research/papers/tmp/src/2412.00845
2411.09101,done,tex,/home/hex/tayf/research/papers/tmp/src/2411.09101
2412.03844,done,tex,/home/hex/tayf/research/papers/tmp/src/2412.03844
2412.03526,done,tex,/home/hex/tayf/research/papers/tmp/src/2412.03526
2411.03086,done,pdf,/home/hex/tayf/research/papers/tmp/txt/2411.03086.txt
2411.06365,done,pdf,/home/hex/tayf/research/papers/tmp/txt/2411.06365.txt
2411.11941,done,tex,/home/hex/tayf/research/papers/tmp/src/2411.11941
2412.05322,done,tex,/home/hex/tayf/research/papers/tmp/src/2412.05322
2412.04955,done,tex,/home/hex/tayf/research/papers/tmp/src/2412.04955
2411.16443,done,tex,/home/hex/tayf/research/papers/tmp/src/2411.16443
2412.05546,done,tex,/home/hex/tayf/research/papers/tmp/src/2412.05546
2412.05574,done,tex,/home/hex/tayf/research/papers/tmp/src/2412.05574
2410.07971,error,,
2412.05837,done,tex,/home/hex/tayf/research/papers/tmp/src/2412.05837
2411.04724,done,pdf,/home/hex/tayf/research/papers/tmp/txt/2411.04724.txt
2410.08941,error,,
2412.06250,done,tex,/home/hex/tayf/research/papers/tmp/src/2412.06250
2410.09862,error,,
2412.06974,done,tex,/home/hex/tayf/research/papers/tmp/src/2412.06974
2412.07293,done,tex,/home/hex/tayf/research/papers/tmp/src/2412.07293
2411.07649,done,pdf,/home/hex/tayf/research/papers/tmp/txt/2411.07649.txt
2412.00905,done,tex,/home/hex/tayf/research/papers/tmp/src/2412.00905
2412.04457,done,tex,/home/hex/tayf/research/papers/tmp/src/2412.04457
2412.06299,done,tex,/home/hex/tayf/research/papers/tmp/src/2412.06299
2410.13349,error,,
2410.13607,error,,
2410.20789,error,,
2410.14083,error,,
2410.13862,error,,
2412.08029,done,tex,/home/hex/tayf/research/papers/tmp/src/2412.08029
2412.04469,done,tex,/home/hex/tayf/research/papers/tmp/src/2412.04469
2412.10456,done,tex,/home/hex/tayf/research/papers/tmp/src/2412.10456
2411.18072,done,tex,/home/hex/tayf/research/papers/tmp/src/2411.18072
2412.04433,done,tex,/home/hex/tayf/research/papers/tmp/src/2412.04433
2411.04810,done,pdf,/home/hex/tayf/research/papers/tmp/txt/2411.04810.txt
2411.19271,done,tex,/home/hex/tayf/research/papers/tmp/src/2411.19271
2410.16266,error,,
2412.01553,done,tex,/home/hex/tayf/research/papers/tmp/src/2412.01553
2412.11067,done,tex,/home/hex/tayf/research/papers/tmp/src/2412.11067
2412.10231,done,tex,/home/hex/tayf/research/papers/tmp/src/2412.10231
2412.08315,done,tex,/home/hex/tayf/research/papers/tmp/src/2412.08315
2412.12565,done,tex,/home/hex/tayf/research/papers/tmp/src/2412.12565
2412.03473,done,tex,/home/hex/tayf/research/papers/tmp/src/2412.03473
2411.12981,done,pdf,/home/hex/tayf/research/papers/tmp/txt/2411.12981.txt
2412.05570,done,tex,/home/hex/tayf/research/papers/tmp/src/2412.05570
2412.02803,done,tex,/home/hex/tayf/research/papers/tmp/src/2412.02803
2412.12906,done,tex,/home/hex/tayf/research/papers/tmp/src/2412.12906
2412.07739,done,tex,/home/hex/tayf/research/papers/tmp/src/2412.07739
2412.10972,done,tex,/home/hex/tayf/research/papers/tmp/src/2412.10972
2412.01792,done,tex,/home/hex/tayf/research/papers/tmp/src/2412.01792
2412.13454,done,tex,/home/hex/tayf/research/papers/tmp/src/2412.13454
2412.13983,done,tex,/home/hex/tayf/research/papers/tmp/src/2412.13983
2412.14379,done,tex,/home/hex/tayf/research/papers/tmp/src/2412.14379
2412.09606,done,tex,/home/hex/tayf/research/papers/tmp/src/2412.09606
2412.10209,done,tex,/home/hex/tayf/research/papers/tmp/src/2412.10209
2412.11762,done,tex,/home/hex/tayf/research/papers/tmp/src/2412.11762
2412.07494,done,tex,/home/hex/tayf/research/papers/tmp/src/2412.07494
2412.13183,done,tex,/home/hex/tayf/research/papers/tmp/src/2412.13183
2412.15447,done,tex,/home/hex/tayf/research/papers/tmp/src/2412.15447
2412.13047,done,tex,/home/hex/tayf/research/papers/tmp/src/2412.13047
2411.14974,done,pdf,/home/hex/tayf/research/papers/tmp/txt/2411.14974.txt
2410.20593,error,,
2412.15550,done,tex,/home/hex/tayf/research/papers/tmp/src/2412.15550
2412.11579,done,tex,/home/hex/tayf/research/papers/tmp/src/2412.11579
2412.17628,done,tex,/home/hex/tayf/research/papers/tmp/src/2412.17628
2412.18816,done,tex,/home/hex/tayf/research/papers/tmp/src/2412.18816
2412.15400,done,tex,/home/hex/tayf/research/papers/tmp/src/2412.15400
2412.19130,done,tex,/home/hex/tayf/research/papers/tmp/src/2412.19130
2412.10051,done,tex,/home/hex/tayf/research/papers/tmp/src/2412.10051
2412.14579,done,tex,/home/hex/tayf/research/papers/tmp/src/2412.14579
2411.08279,done,pdf,/home/hex/tayf/research/papers/tmp/txt/2411.08279.txt
2411.16180,done,pdf,/home/hex/tayf/research/papers/tmp/txt/2411.16180.txt
2412.09739,done,tex,/home/hex/tayf/research/papers/tmp/src/2412.09739
2412.14547,done,tex,/home/hex/tayf/research/papers/tmp/src/2412.14547
2412.13547,done,tex,/home/hex/tayf/research/papers/tmp/src/2412.13547
2411.08879,done,pdf,/home/hex/tayf/research/papers/tmp/txt/2411.08879.txt
2412.05256,done,tex,/home/hex/tayf/research/papers/tmp/src/2412.05256
2412.11599,done,tex,/home/hex/tayf/research/papers/tmp/src/2412.11599
2501.01003,done,tex,/home/hex/tayf/research/papers/tmp/src/2501.01003
2411.01512,error,,
2412.00518,done,pdf,/home/hex/tayf/research/papers/tmp/txt/2412.00518.txt
2412.19282,done,tex,/home/hex/tayf/research/papers/tmp/src/2412.19282
2411.01853,error,,
2412.12849,done,tex,/home/hex/tayf/research/papers/tmp/src/2412.12849
2411.19525,done,pdf,/home/hex/tayf/research/papers/tmp/txt/2411.19525.txt
2412.05700,done,tex,/home/hex/tayf/research/papers/tmp/src/2412.05700
2412.20522,done,tex,/home/hex/tayf/research/papers/tmp/src/2412.20522
2412.20767,done,tex,/home/hex/tayf/research/papers/tmp/src/2412.20767
2501.03659,done,tex,/home/hex/tayf/research/papers/tmp/src/2501.03659
2501.02690,done,tex,/home/hex/tayf/research/papers/tmp/src/2501.02690
2412.16809,done,tex,/home/hex/tayf/research/papers/tmp/src/2412.16809
2412.17532,done,tex,/home/hex/tayf/research/papers/tmp/src/2412.17532
2411.16172,done,pdf,/home/hex/tayf/research/papers/tmp/txt/2411.16172.txt
2501.05880,done,tex,/home/hex/tayf/research/papers/tmp/src/2501.05880
2501.01717,done,tex,/home/hex/tayf/research/papers/tmp/src/2501.01717
2501.03605,done,tex,/home/hex/tayf/research/papers/tmp/src/2501.03605
2501.06651,done,tex,/home/hex/tayf/research/papers/tmp/src/2501.06651
2412.18380,done,pdf,/home/hex/tayf/research/papers/tmp/txt/2412.18380.txt
2411.15482,done,pdf,/home/hex/tayf/research/papers/tmp/txt/2411.15482.txt
2412.09545,done,tex,/home/hex/tayf/research/papers/tmp/src/2412.09545
2412.11586,done,tex,/home/hex/tayf/research/papers/tmp/src/2412.11586
2412.00333,done,pdf,/home/hex/tayf/research/papers/tmp/txt/2412.00333.txt
2412.12772,done,tex,/home/hex/tayf/research/papers/tmp/src/2412.12772
2412.19149,done,tex,/home/hex/tayf/research/papers/tmp/src/2412.19149
2501.06897,done,tex,/home/hex/tayf/research/papers/tmp/src/2501.06897
2501.05783,done,tex,/home/hex/tayf/research/papers/tmp/src/2501.05783
2412.11379,done,tex,/home/hex/tayf/research/papers/tmp/src/2412.11379
2412.07608,done,tex,/home/hex/tayf/research/papers/tmp/src/2412.07608
2501.11999,done,tex,/home/hex/tayf/research/papers/tmp/src/2501.11999
2412.09608,done,tex,/home/hex/tayf/research/papers/tmp/src/2412.09608
2412.12562,done,tex,/home/hex/tayf/research/papers/tmp/src/2412.12562
2412.20720,done,tex,/home/hex/tayf/research/papers/tmp/src/2412.20720
2501.04074,done,tex,/home/hex/tayf/research/papers/tmp/src/2501.04074
2501.00342,done,tex,/home/hex/tayf/research/papers/tmp/src/2501.00342
2501.12255,done,tex,/home/hex/tayf/research/papers/tmp/src/2501.12255
2501.13335,done,tex,/home/hex/tayf/research/papers/tmp/src/2501.13335
2501.09921,done,tex,/home/hex/tayf/research/papers/tmp/src/2501.09921
2501.07015,done,tex,/home/hex/tayf/research/papers/tmp/src/2501.07015
2501.07104,done,tex,/home/hex/tayf/research/papers/tmp/src/2501.07104
2412.04826,done,pdf,/home/hex/tayf/research/papers/tmp/txt/2412.04826.txt
2411.11921,error,,
2412.00157,done,pdf,/home/hex/tayf/research/papers/tmp/txt/2412.00157.txt
2501.04628,done,tex,/home/hex/tayf/research/papers/tmp/src/2501.04628
2411.12440,error,,
2501.12087,done,tex,/home/hex/tayf/research/papers/tmp/src/2501.12087
2501.17636,done,tex,/home/hex/tayf/research/papers/tmp/src/2501.17636
2501.06660,done,tex,/home/hex/tayf/research/papers/tmp/src/2501.06660
2411.12471,error,,
2501.13975,done,tex,/home/hex/tayf/research/papers/tmp/src/2501.13975
2412.03378,done,pdf,/home/hex/tayf/research/papers/tmp/txt/2412.03378.txt
2411.15779,error,,
2412.03103,done,pdf,/home/hex/tayf/research/papers/tmp/txt/2412.03103.txt
2502.02468,done,tex,/home/hex/tayf/research/papers/tmp/src/2502.02468
2501.11508,done,tex,/home/hex/tayf/research/papers/tmp/src/2501.11508
2501.13971,done,tex,/home/hex/tayf/research/papers/tmp/src/2501.13971
2502.02372,done,tex,/home/hex/tayf/research/papers/tmp/src/2502.02372
2501.02771,done,tex,/home/hex/tayf/research/papers/tmp/src/2501.02771
2502.07007,done,tex,/home/hex/tayf/research/papers/tmp/src/2502.07007
2502.00654,done,tex,/home/hex/tayf/research/papers/tmp/src/2502.00654
2412.19518,done,tex,/home/hex/tayf/research/papers/tmp/src/2412.19518
2502.04843,done,tex,/home/hex/tayf/research/papers/tmp/src/2502.04843
2502.06957,done,tex,/home/hex/tayf/research/papers/tmp/src/2502.06957
2502.06288,done,tex,/home/hex/tayf/research/papers/tmp/src/2502.06288
2412.06424,done,pdf,/home/hex/tayf/research/papers/tmp/txt/2412.06424.txt
2501.10687,done,tex,/home/hex/tayf/research/papers/tmp/src/2501.10687
2501.06927,done,tex,/home/hex/tayf/research/papers/tmp/src/2501.06927
2502.09617,done,tex,/home/hex/tayf/research/papers/tmp/src/2502.09617
2411.18613,error,,
2502.00173,done,tex,/home/hex/tayf/research/papers/tmp/src/2502.00173
2501.00851,done,tex,/home/hex/tayf/research/papers/tmp/src/2501.00851
2411.19588,done,pdf,/home/hex/tayf/research/papers/tmp/txt/2411.19588.txt
2502.02338,done,tex,/home/hex/tayf/research/papers/tmp/src/2502.02338
2411.18966,error,,
2502.09039,done,tex,/home/hex/tayf/research/papers/tmp/src/2502.09039
2412.12096,done,pdf,/home/hex/tayf/research/papers/tmp/txt/2412.12096.txt
2502.13196,done,pdf,/home/hex/tayf/research/papers/tmp/txt/2502.13196.txt
2411.19756,error,,
2501.07800,done,tex,/home/hex/tayf/research/papers/tmp/src/2501.07800
2502.13103,done,tex,/home/hex/tayf/research/papers/tmp/src/2502.13103
2502.01045,done,tex,/home/hex/tayf/research/papers/tmp/src/2502.01045
2411.19942,error,,
2501.10788,done,tex,/home/hex/tayf/research/papers/tmp/src/2501.10788
2502.16575,done,tex,/home/hex/tayf/research/papers/tmp/src/2502.16575
2501.13402,done,tex,/home/hex/tayf/research/papers/tmp/src/2501.13402
2412.03428,done,pdf,/home/hex/tayf/research/papers/tmp/txt/2412.03428.txt
2502.10827,done,tex,/home/hex/tayf/research/papers/tmp/src/2502.10827
2501.14646,done,tex,/home/hex/tayf/research/papers/tmp/src/2501.14646
2502.15633,done,tex,/home/hex/tayf/research/papers/tmp/src/2502.15633
2502.10988,done,tex,/home/hex/tayf/research/papers/tmp/src/2502.10988
2502.07869,done,tex,/home/hex/tayf/research/papers/tmp/src/2502.07869
2501.06903,done,tex,/home/hex/tayf/research/papers/tmp/src/2501.06903
2502.12151,done,tex,/home/hex/tayf/research/papers/tmp/src/2502.12151
2502.20669,done,tex,/home/hex/tayf/research/papers/tmp/src/2502.20669
2412.01402,error,,
2502.16941,done,tex,/home/hex/tayf/research/papers/tmp/src/2502.16941
2502.14684,done,tex,/home/hex/tayf/research/papers/tmp/src/2502.14684
2501.14726,done,tex,/home/hex/tayf/research/papers/tmp/src/2501.14726
2502.15635,done,tex,/home/hex/tayf/research/papers/tmp/src/2502.15635
2501.19319,done,tex,/home/hex/tayf/research/papers/tmp/src/2501.19319
2412.01718,error,,
2501.13558,done,tex,/home/hex/tayf/research/papers/tmp/src/2501.13558
2502.20378,done,tex,/home/hex/tayf/research/papers/tmp/src/2502.20378
2503.00848,done,tex,/home/hex/tayf/research/papers/tmp/src/2503.00848
2503.02510,done,pdf,/home/hex/tayf/research/papers/tmp/txt/2503.02510.txt
2412.19483,done,pdf,/home/hex/tayf/research/papers/tmp/txt/2412.19483.txt
2412.02421,error,,
2501.15008,done,tex,/home/hex/tayf/research/papers/tmp/src/2501.15008
2412.02493,error,,
2502.11642,done,tex,/home/hex/tayf/research/papers/tmp/src/2502.11642
2502.13968,done,tex,/home/hex/tayf/research/papers/tmp/src/2502.13968
2502.07030,done,tex,/home/hex/tayf/research/papers/tmp/src/2502.07030
2501.09978,done,tex,/home/hex/tayf/research/papers/tmp/src/2501.09978
2412.02684,error,,
2502.19782,done,tex,/home/hex/tayf/research/papers/tmp/src/2502.19782
2503.00625,done,tex,/home/hex/tayf/research/papers/tmp/src/2503.00625
2503.06089,done,tex,/home/hex/tayf/research/papers/tmp/src/2503.06089
2503.05182,done,tex,/home/hex/tayf/research/papers/tmp/src/2503.05182
2412.03011,error,,
2412.03077,error,,
2501.08286,done,tex,/home/hex/tayf/research/papers/tmp/src/2501.08286
2503.06235,done,tex,/home/hex/tayf/research/papers/tmp/src/2503.06235
2412.03910,error,,
2412.04459,error,,
2502.19318,done,tex,/home/hex/tayf/research/papers/tmp/src/2502.19318
2503.08166,done,tex,/home/hex/tayf/research/papers/tmp/src/2503.08166
2502.12080,done,tex,/home/hex/tayf/research/papers/tmp/src/2502.12080
2501.05242,done,pdf,/home/hex/tayf/research/papers/tmp/txt/2501.05242.txt
2503.08700,done,tex,/home/hex/tayf/research/papers/tmp/src/2503.08700
2503.08511,done,tex,/home/hex/tayf/research/papers/tmp/src/2503.08511
2502.19441,done,tex,/home/hex/tayf/research/papers/tmp/src/2502.19441
2503.01610,done,tex,/home/hex/tayf/research/papers/tmp/src/2503.01610
2503.08165,done,tex,/home/hex/tayf/research/papers/tmp/src/2503.08165
2503.04513,done,tex,/home/hex/tayf/research/papers/tmp/src/2503.04513
2503.06740,done,tex,/home/hex/tayf/research/papers/tmp/src/2503.06740
2503.08071,done,tex,/home/hex/tayf/research/papers/tmp/src/2503.08071
2503.02230,done,tex,/home/hex/tayf/research/papers/tmp/src/2503.02230
2502.19457,done,tex,/home/hex/tayf/research/papers/tmp/src/2502.19457
2503.08218,done,tex,/home/hex/tayf/research/papers/tmp/src/2503.08218
2503.09293,done,tex,/home/hex/tayf/research/papers/tmp/src/2503.09293
2503.03115,done,tex,/home/hex/tayf/research/papers/tmp/src/2503.03115
2502.20220,done,tex,/home/hex/tayf/research/papers/tmp/src/2502.20220
2503.09187,done,tex,/home/hex/tayf/research/papers/tmp/src/2503.09187
2412.09043,done,pdf,/home/hex/tayf/research/papers/tmp/txt/2412.09043.txt
2503.02452,done,tex,/home/hex/tayf/research/papers/tmp/src/2503.02452
2503.10143,done,tex,/home/hex/tayf/research/papers/tmp/src/2503.10143
2503.11649,done,tex,/home/hex/tayf/research/papers/tmp/src/2503.11649
2503.11172,done,tex,/home/hex/tayf/research/papers/tmp/src/2503.11172
2502.11801,done,tex,/home/hex/tayf/research/papers/tmp/src/2502.11801
2501.16312,done,tex,/home/hex/tayf/research/papers/tmp/src/2501.16312
2503.12001,error,,
2503.11731,done,tex,/home/hex/tayf/research/papers/tmp/src/2503.11731
2412.09680,error,,
2412.19370,done,pdf,/home/hex/tayf/research/papers/tmp/txt/2412.19370.txt
2503.00357,done,tex,/home/hex/tayf/research/papers/tmp/src/2503.00357
2503.08224,done,tex,/home/hex/tayf/research/papers/tmp/src/2503.08224
2412.09982,error,,
2412.14005,done,pdf,/home/hex/tayf/research/papers/tmp/txt/2412.14005.txt
2503.06462,done,tex,/home/hex/tayf/research/papers/tmp/src/2503.06462
2503.09631,done,tex,/home/hex/tayf/research/papers/tmp/src/2503.09631
2503.12862,done,tex,/home/hex/tayf/research/papers/tmp/src/2503.12862
2501.03399,done,pdf,/home/hex/tayf/research/papers/tmp/txt/2501.03399.txt
2503.12535,done,tex,/home/hex/tayf/research/papers/tmp/src/2503.12535
2502.19739,done,tex,/home/hex/tayf/research/papers/tmp/src/2502.19739
2503.12751,done,tex,/home/hex/tayf/research/papers/tmp/src/2503.12751
2501.15389,done,pdf,/home/hex/tayf/research/papers/tmp/txt/2501.15389.txt
2501.01895,done,pdf,/home/hex/tayf/research/papers/tmp/txt/2501.01895.txt
2503.14219,done,tex,/home/hex/tayf/research/papers/tmp/src/2503.14219
2503.13347,done,tex,/home/hex/tayf/research/papers/tmp/src/2503.13347
2503.12947,done,tex,/home/hex/tayf/research/papers/tmp/src/2503.12947
2503.13948,done,tex,/home/hex/tayf/research/papers/tmp/src/2503.13948
2503.03890,done,tex,/home/hex/tayf/research/papers/tmp/src/2503.03890
2502.07615,done,tex,/home/hex/tayf/research/papers/tmp/src/2502.07615
2503.12552,done,tex,/home/hex/tayf/research/papers/tmp/src/2503.12552
2503.14736,done,tex,/home/hex/tayf/research/papers/tmp/src/2503.14736
2503.12335,done,tex,/home/hex/tayf/research/papers/tmp/src/2503.12335
2503.16338,done,tex,/home/hex/tayf/research/papers/tmp/src/2503.16338
2503.14171,done,tex,/home/hex/tayf/research/papers/tmp/src/2503.14171
2503.15908,done,tex,/home/hex/tayf/research/papers/tmp/src/2503.15908
2503.10259,done,tex,/home/hex/tayf/research/papers/tmp/src/2503.10259
2502.08297,done,pdf,/home/hex/tayf/research/papers/tmp/txt/2502.08297.txt
2503.14198,done,tex,/home/hex/tayf/research/papers/tmp/src/2503.14198
2412.16358,done,pdf,/home/hex/tayf/research/papers/tmp/txt/2412.16358.txt
2503.17486,done,tex,/home/hex/tayf/research/papers/tmp/src/2503.17486
2503.09332,done,tex,/home/hex/tayf/research/papers/tmp/src/2503.09332
2503.12086,done,tex,/home/hex/tayf/research/papers/tmp/src/2503.12086
2503.17982,done,tex,/home/hex/tayf/research/papers/tmp/src/2503.17982
2503.18073,done,tex,/home/hex/tayf/research/papers/tmp/src/2503.18073
2412.16619,error,,
2503.17804,done,tex,/home/hex/tayf/research/papers/tmp/src/2503.17804
2503.16964,done,tex,/home/hex/tayf/research/papers/tmp/src/2503.16964
2412.17812,error,,
2503.15835,done,tex,/home/hex/tayf/research/papers/tmp/src/2503.15835
2503.15070,done,tex,/home/hex/tayf/research/papers/tmp/src/2503.15070
2502.14004,done,pdf,/home/hex/tayf/research/papers/tmp/txt/2502.14004.txt
2503.18108,done,tex,/home/hex/tayf/research/papers/tmp/src/2503.18108
2503.18527,done,tex,/home/hex/tayf/research/papers/tmp/src/2503.18527
2503.07828,done,tex,/home/hex/tayf/research/papers/tmp/src/2503.07828
2503.11652,done,tex,/home/hex/tayf/research/papers/tmp/src/2503.11652
2503.19332,done,tex,/home/hex/tayf/research/papers/tmp/src/2503.19332
2503.16924,done,tex,/home/hex/tayf/research/papers/tmp/src/2503.16924
2503.19753,error,,
2502.14178,done,pdf,/home/hex/tayf/research/papers/tmp/txt/2502.14178.txt
2501.01695,done,pdf,/home/hex/tayf/research/papers/tmp/txt/2501.01695.txt
2503.10604,done,tex,/home/hex/tayf/research/papers/tmp/src/2503.10604
2503.20221,done,tex,/home/hex/tayf/research/papers/tmp/src/2503.20221
2503.19416,done,tex,/home/hex/tayf/research/papers/tmp/src/2503.19416
2501.02913,error,,
2503.21364,done,tex,/home/hex/tayf/research/papers/tmp/src/2503.21364
2503.15653,done,tex,/home/hex/tayf/research/papers/tmp/src/2503.15653
2503.10148,done,tex,/home/hex/tayf/research/papers/tmp/src/2503.10148
2503.20308,done,tex,/home/hex/tayf/research/papers/tmp/src/2503.20308
2503.20998,done,tex,/home/hex/tayf/research/papers/tmp/src/2503.20998
2503.21226,done,tex,/home/hex/tayf/research/papers/tmp/src/2503.21226
2503.21816,done,tex,/home/hex/tayf/research/papers/tmp/src/2503.21816
2503.22324,error,,
2501.06488,error,,
2503.19307,done,tex,/home/hex/tayf/research/papers/tmp/src/2503.19307
2503.22251,done,tex,/home/hex/tayf/research/papers/tmp/src/2503.22251
2503.12307,done,tex,/home/hex/tayf/research/papers/tmp/src/2503.12307
2503.22909,done,tex,/home/hex/tayf/research/papers/tmp/src/2503.22909
2503.22728,done,tex,/home/hex/tayf/research/papers/tmp/src/2503.22728
2503.18429,done,tex,/home/hex/tayf/research/papers/tmp/src/2503.18429
2503.24326,done,tex,/home/hex/tayf/research/papers/tmp/src/2503.24326
2503.23337,done,tex,/home/hex/tayf/research/papers/tmp/src/2503.23337
2501.08072,error,,
2503.20168,done,tex,/home/hex/tayf/research/papers/tmp/src/2503.20168
2503.17491,done,tex,/home/hex/tayf/research/papers/tmp/src/2503.17491
2503.24374,done,tex,/home/hex/tayf/research/papers/tmp/src/2503.24374
2504.00219,done,tex,/home/hex/tayf/research/papers/tmp/src/2504.00219
2501.08370,error,,
2504.00773,done,tex,/home/hex/tayf/research/papers/tmp/src/2504.00773
2504.00159,done,tex,/home/hex/tayf/research/papers/tmp/src/2504.00159
2503.05511,done,pdf,/home/hex/tayf/research/papers/tmp/txt/2503.05511.txt
2503.05162,done,pdf,/home/hex/tayf/research/papers/tmp/txt/2503.05162.txt
2503.16422,done,tex,/home/hex/tayf/research/papers/tmp/src/2503.16422
2504.01960,done,tex,/home/hex/tayf/research/papers/tmp/src/2504.01960
2504.00859,done,tex,/home/hex/tayf/research/papers/tmp/src/2504.00859
2503.16979,done,tex,/home/hex/tayf/research/papers/tmp/src/2503.16979
2504.01559,done,tex,/home/hex/tayf/research/papers/tmp/src/2504.01559
2504.02302,done,tex,/home/hex/tayf/research/papers/tmp/src/2504.02302
2504.01647,done,tex,/home/hex/tayf/research/papers/tmp/src/2504.01647
2503.24382,done,tex,/home/hex/tayf/research/papers/tmp/src/2503.24382
2504.02471,done,pdf,/home/hex/tayf/research/papers/tmp/txt/2504.02471.txt
2503.10860,done,tex,/home/hex/tayf/research/papers/tmp/src/2503.10860
2503.09396,done,pdf,/home/hex/tayf/research/papers/tmp/txt/2503.09396.txt
2504.00763,done,tex,/home/hex/tayf/research/papers/tmp/src/2504.00763
2503.10464,done,tex,/home/hex/tayf/research/papers/tmp/src/2503.10464
2501.12060,error,,
2504.04597,done,tex,/home/hex/tayf/research/papers/tmp/src/2504.04597
2504.03536,done,tex,/home/hex/tayf/research/papers/tmp/src/2504.03536
2501.12637,error,,
2504.04448,done,tex,/home/hex/tayf/research/papers/tmp/src/2504.04448
2504.05888,done,pdf,/home/hex/tayf/research/papers/tmp/txt/2504.05888.txt
2504.06330,done,tex,/home/hex/tayf/research/papers/tmp/src/2504.06330
2504.05803,done,tex,/home/hex/tayf/research/papers/tmp/src/2504.05803
2503.18341,done,tex,/home/hex/tayf/research/papers/tmp/src/2503.18341
2504.04294,done,tex,/home/hex/tayf/research/papers/tmp/src/2504.04294
2504.05806,done,tex,/home/hex/tayf/research/papers/tmp/src/2504.05806
2503.16710,done,tex,/home/hex/tayf/research/papers/tmp/src/2503.16710
2504.00665,done,tex,/home/hex/tayf/research/papers/tmp/src/2504.00665
2501.17978,error,,
2504.01844,done,tex,/home/hex/tayf/research/papers/tmp/src/2504.01844
2503.20066,done,tex,/home/hex/tayf/research/papers/tmp/src/2503.20066
2504.04612,done,tex,/home/hex/tayf/research/papers/tmp/src/2504.04612
2504.09097,done,tex,/home/hex/tayf/research/papers/tmp/src/2504.09097
2503.05082,done,pdf,/home/hex/tayf/research/papers/tmp/txt/2503.05082.txt
2504.09528,done,tex,/home/hex/tayf/research/papers/tmp/src/2504.09528
2503.21886,done,tex,/home/hex/tayf/research/papers/tmp/src/2503.21886
2504.09377,done,tex,/home/hex/tayf/research/papers/tmp/src/2504.09377
2502.05176,error,,
2503.23162,done,tex,/home/hex/tayf/research/papers/tmp/src/2503.23162
2504.06920,done,tex,/home/hex/tayf/research/papers/tmp/src/2504.06920
2502.06519,error,,
2503.12242,done,pdf,/home/hex/tayf/research/papers/tmp/txt/2503.12242.txt
2503.18513,done,tex,/home/hex/tayf/research/papers/tmp/src/2503.18513
2504.07836,done,tex,/home/hex/tayf/research/papers/tmp/src/2504.07836
2504.13191,done,tex,/home/hex/tayf/research/papers/tmp/src/2504.13191
2504.12999,done,tex,/home/hex/tayf/research/papers/tmp/src/2504.12999
2502.09111,error,,
2504.10012,done,tex,/home/hex/tayf/research/papers/tmp/src/2504.10012
2503.18794,done,tex,/home/hex/tayf/research/papers/tmp/src/2503.18794
2504.14471,done,tex,/home/hex/tayf/research/papers/tmp/src/2504.14471
2504.13207,done,tex,/home/hex/tayf/research/papers/tmp/src/2504.13207
2504.13339,done,tex,/home/hex/tayf/research/papers/tmp/src/2504.13339
2504.13713,done,tex,/home/hex/tayf/research/papers/tmp/src/2504.13713
2504.09878,done,tex,/home/hex/tayf/research/papers/tmp/src/2504.09878
2504.14699,done,tex,/home/hex/tayf/research/papers/tmp/src/2504.14699
2504.14460,done,tex,/home/hex/tayf/research/papers/tmp/src/2504.14460
2504.13167,done,tex,/home/hex/tayf/research/papers/tmp/src/2504.13167
2504.06978,done,tex,/home/hex/tayf/research/papers/tmp/src/2504.06978
2502.13023,error,,
2504.15165,done,tex,/home/hex/tayf/research/papers/tmp/src/2504.15165
2504.05265,done,tex,/home/hex/tayf/research/papers/tmp/src/2504.05265
2502.14129,error,,
2504.17655,done,tex,/home/hex/tayf/research/papers/tmp/src/2504.17655
2503.15667,done,pdf,/home/hex/tayf/research/papers/tmp/txt/2503.15667.txt
2502.17883,error,,
2504.18318,done,tex,/home/hex/tayf/research/papers/tmp/src/2504.18318
2504.15179,done,tex,/home/hex/tayf/research/papers/tmp/src/2504.15179
2502.19800,error,,
2503.00260,error,,
2504.16103,done,tex,/home/hex/tayf/research/papers/tmp/src/2504.16103
2503.24210,done,tex,/home/hex/tayf/research/papers/tmp/src/2503.24210
2503.10625,done,pdf,/home/hex/tayf/research/papers/tmp/txt/2503.10625.txt
2503.01715,error,,
2503.01774,error,,
2504.19261,done,tex,/home/hex/tayf/research/papers/tmp/src/2504.19261
2504.19557,done,tex,/home/hex/tayf/research/papers/tmp/src/2504.19557
2503.02009,error,,
2504.17815,done,tex,/home/hex/tayf/research/papers/tmp/src/2504.17815
2504.20670,done,tex,/home/hex/tayf/research/papers/tmp/src/2504.20670
2503.05196,error,,
2504.19819,done,tex,/home/hex/tayf/research/papers/tmp/src/2504.19819
2503.06118,error,,
2503.06161,error,,
2504.09491,done,tex,/home/hex/tayf/research/papers/tmp/src/2504.09491
2504.13378,done,tex,/home/hex/tayf/research/papers/tmp/src/2504.13378
2503.06744,error,,
2503.07476,error,,
2504.21650,done,tex,/home/hex/tayf/research/papers/tmp/src/2504.21650
2504.20466,done,tex,/home/hex/tayf/research/papers/tmp/src/2504.20466
2504.20607,done,tex,/home/hex/tayf/research/papers/tmp/src/2504.20607
2504.18768,done,tex,/home/hex/tayf/research/papers/tmp/src/2504.18768
2503.09040,error,,
2505.03334,done,tex,/home/hex/tayf/research/papers/tmp/src/2505.03334
2503.19207,done,pdf,/home/hex/tayf/research/papers/tmp/txt/2503.19207.txt
2505.01869,done,tex,/home/hex/tayf/research/papers/tmp/src/2505.01869
2505.04659,done,tex,/home/hex/tayf/research/papers/tmp/src/2505.04659
2504.07949,done,tex,/home/hex/tayf/research/papers/tmp/src/2504.07949
2505.01928,done,tex,/home/hex/tayf/research/papers/tmp/src/2505.01928
2503.09464,error,,
2503.15851,done,pdf,/home/hex/tayf/research/papers/tmp/txt/2503.15851.txt
2505.05643,done,tex,/home/hex/tayf/research/papers/tmp/src/2505.05643
2505.03351,done,tex,/home/hex/tayf/research/papers/tmp/src/2505.03351
2505.06575,done,tex,/home/hex/tayf/research/papers/tmp/src/2505.06575
2504.19742,done,tex,/home/hex/tayf/research/papers/tmp/src/2504.19742
2504.20645,done,tex,/home/hex/tayf/research/papers/tmp/src/2504.20645
2503.12052,error,,
2505.03603,done,tex,/home/hex/tayf/research/papers/tmp/src/2505.03603
2505.07984,done,tex,/home/hex/tayf/research/papers/tmp/src/2505.07984
2503.12165,error,,
2504.17695,done,tex,/home/hex/tayf/research/papers/tmp/src/2504.17695
2505.09915,done,tex,/home/hex/tayf/research/papers/tmp/src/2505.09915
2503.22605,done,pdf,/home/hex/tayf/research/papers/tmp/txt/2503.22605.txt
2505.10049,done,tex,/home/hex/tayf/research/papers/tmp/src/2505.10049
2504.14373,done,tex,/home/hex/tayf/research/papers/tmp/src/2504.14373
2503.13176,error,,
2504.06815,done,pdf,/home/hex/tayf/research/papers/tmp/txt/2504.06815.txt
2505.10787,done,tex,/home/hex/tayf/research/papers/tmp/src/2505.10787
2504.15122,done,tex,/home/hex/tayf/research/papers/tmp/src/2504.15122
2503.13710,error,,
2505.08196,done,tex,/home/hex/tayf/research/papers/tmp/src/2505.08196
2503.14274,error,,
2503.14475,error,,
2505.11386,done,tex,/home/hex/tayf/research/papers/tmp/src/2505.11386
2505.11467,done,tex,/home/hex/tayf/research/papers/tmp/src/2505.11467
2505.01838,done,tex,/home/hex/tayf/research/papers/tmp/src/2505.01838
2505.13440,done,tex,/home/hex/tayf/research/papers/tmp/src/2505.13440
2505.12431,done,tex,/home/hex/tayf/research/papers/tmp/src/2505.12431
2505.05587,done,tex,/home/hex/tayf/research/papers/tmp/src/2505.05587
2505.07539,done,tex,/home/hex/tayf/research/papers/tmp/src/2505.07539
2504.11003,done,tex,/home/hex/tayf/research/papers/tmp/src/2504.11003
2505.15077,done,tex,/home/hex/tayf/research/papers/tmp/src/2505.15077
2504.20829,done,tex,/home/hex/tayf/research/papers/tmp/src/2504.20829
2503.15671,error,,
2505.01799,done,tex,/home/hex/tayf/research/papers/tmp/src/2505.01799
2505.16535,done,tex,/home/hex/tayf/research/papers/tmp/src/2505.16535
2505.10737,done,tex,/home/hex/tayf/research/papers/tmp/src/2505.10737
2505.04668,done,tex,/home/hex/tayf/research/papers/tmp/src/2505.04668
2505.00737,done,tex,/home/hex/tayf/research/papers/tmp/src/2505.00737
2505.00497,done,tex,/home/hex/tayf/research/papers/tmp/src/2505.00497
2505.15058,done,tex,/home/hex/tayf/research/papers/tmp/src/2505.15058
2505.19793,done,tex,/home/hex/tayf/research/papers/tmp/src/2505.19793
2505.06894,done,tex,/home/hex/tayf/research/papers/tmp/src/2505.06894
2504.17954,done,tex,/home/hex/tayf/research/papers/tmp/src/2504.17954
2505.17338,done,tex,/home/hex/tayf/research/papers/tmp/src/2505.17338
2503.21442,done,pdf,/home/hex/tayf/research/papers/tmp/txt/2503.21442.txt
2505.19813,done,tex,/home/hex/tayf/research/papers/tmp/src/2505.19813
2505.19854,done,tex,/home/hex/tayf/research/papers/tmp/src/2505.19854
2505.09406,done,tex,/home/hex/tayf/research/papers/tmp/src/2505.09406
2505.18306,done,tex,/home/hex/tayf/research/papers/tmp/src/2505.18306
2505.18988,done,tex,/home/hex/tayf/research/papers/tmp/src/2505.18988
2504.01503,done,pdf,/home/hex/tayf/research/papers/tmp/txt/2504.01503.txt
2505.13215,done,tex,/home/hex/tayf/research/papers/tmp/src/2505.13215
2503.18682,error,,
2505.21890,done,tex,/home/hex/tayf/research/papers/tmp/src/2505.21890
2503.18725,error,,
2505.02175,done,tex,/home/hex/tayf/research/papers/tmp/src/2505.02175
2505.15737,done,tex,/home/hex/tayf/research/papers/tmp/src/2505.15737
2505.22279,done,tex,/home/hex/tayf/research/papers/tmp/src/2505.22279
2505.18649,done,tex,/home/hex/tayf/research/papers/tmp/src/2505.18649
2505.20967,done,tex,/home/hex/tayf/research/papers/tmp/src/2505.20967
2503.19232,error,,
2505.21637,done,tex,/home/hex/tayf/research/papers/tmp/src/2505.21637
2505.20655,done,tex,/home/hex/tayf/research/papers/tmp/src/2505.20655
2505.23734,done,tex,/home/hex/tayf/research/papers/tmp/src/2505.23734
2505.22400,done,tex,/home/hex/tayf/research/papers/tmp/src/2505.22400
2505.24002,done,tex,/home/hex/tayf/research/papers/tmp/src/2505.24002
2505.20126,done,tex,/home/hex/tayf/research/papers/tmp/src/2505.20126
2504.08473,done,pdf,/home/hex/tayf/research/papers/tmp/txt/2504.08473.txt
2505.23280,done,tex,/home/hex/tayf/research/papers/tmp/src/2505.23280
2505.19264,done,tex,/home/hex/tayf/research/papers/tmp/src/2505.19264
2504.05517,done,pdf,/home/hex/tayf/research/papers/tmp/txt/2504.05517.txt
2503.22159,error,,
2503.22218,error,,
2505.07373,done,tex,/home/hex/tayf/research/papers/tmp/src/2505.07373
2503.22225,error,,
2504.20379,done,pdf,/home/hex/tayf/research/papers/tmp/txt/2504.20379.txt
2506.03872,done,tex,/home/hex/tayf/research/papers/tmp/src/2506.03872
2506.03099,done,tex,/home/hex/tayf/research/papers/tmp/src/2506.03099
2505.23301,done,tex,/home/hex/tayf/research/papers/tmp/src/2505.23301
2505.23716,done,tex,/home/hex/tayf/research/papers/tmp/src/2505.23716
2505.16397,done,tex,/home/hex/tayf/research/papers/tmp/src/2505.16397
2506.02751,done,tex,/home/hex/tayf/research/papers/tmp/src/2506.02751
2505.10144,done,tex,/home/hex/tayf/research/papers/tmp/src/2505.10144
2505.21502,done,tex,/home/hex/tayf/research/papers/tmp/src/2505.21502
2506.05280,done,tex,/home/hex/tayf/research/papers/tmp/src/2506.05280
2506.05327,done,tex,/home/hex/tayf/research/papers/tmp/src/2506.05327
2506.03118,done,tex,/home/hex/tayf/research/papers/tmp/src/2506.03118
2505.19138,done,tex,/home/hex/tayf/research/papers/tmp/src/2505.19138
2505.19883,done,tex,/home/hex/tayf/research/papers/tmp/src/2505.19883
2505.24877,done,tex,/home/hex/tayf/research/papers/tmp/src/2505.24877
2504.01732,error,,
2506.05965,done,tex,/home/hex/tayf/research/papers/tmp/src/2506.05965
2506.05563,done,tex,/home/hex/tayf/research/papers/tmp/src/2506.05563
2504.03415,error,,
2506.02380,done,tex,/home/hex/tayf/research/papers/tmp/src/2506.02380
2504.03886,error,,
2505.19256,done,tex,/home/hex/tayf/research/papers/tmp/src/2505.19256
2504.04679,error,,
2504.04844,error,,
2504.06210,done,pdf,/home/hex/tayf/research/papers/tmp/txt/2504.06210.txt
2505.13316,done,tex,/home/hex/tayf/research/papers/tmp/src/2505.13316
2505.07396,done,tex,/home/hex/tayf/research/papers/tmp/src/2505.07396
2506.05935,done,tex,/home/hex/tayf/research/papers/tmp/src/2506.05935
2506.07670,done,tex,/home/hex/tayf/research/papers/tmp/src/2506.07670
2504.06598,error,,
2506.06645,done,tex,/home/hex/tayf/research/papers/tmp/src/2506.06645
2506.01933,done,tex,/home/hex/tayf/research/papers/tmp/src/2506.01933
2504.10331,done,pdf,/home/hex/tayf/research/papers/tmp/txt/2504.10331.txt
2506.09836,done,tex,/home/hex/tayf/research/papers/tmp/src/2506.09836
2506.04351,done,tex,/home/hex/tayf/research/papers/tmp/src/2506.04351
2506.10335,done,tex,/home/hex/tayf/research/papers/tmp/src/2506.10335
2506.09479,done,tex,/home/hex/tayf/research/papers/tmp/src/2506.09479
2504.15776,done,pdf,/home/hex/tayf/research/papers/tmp/txt/2504.15776.txt
2506.05480,done,tex,/home/hex/tayf/research/papers/tmp/src/2506.05480
2506.09885,done,tex,/home/hex/tayf/research/papers/tmp/src/2506.09885
2506.08064,done,tex,/home/hex/tayf/research/papers/tmp/src/2506.08064
2506.04908,done,tex,/home/hex/tayf/research/papers/tmp/src/2506.04908
2505.11146,done,pdf,/home/hex/tayf/research/papers/tmp/txt/2505.11146.txt
2505.13839,done,tex,/home/hex/tayf/research/papers/tmp/src/2505.13839
2504.09048,error,,
2506.12793,done,tex,/home/hex/tayf/research/papers/tmp/src/2506.12793
2506.09378,done,tex,/home/hex/tayf/research/papers/tmp/src/2506.09378
2505.17590,done,tex,/home/hex/tayf/research/papers/tmp/src/2505.17590
2506.04174,done,tex,/home/hex/tayf/research/papers/tmp/src/2506.04174
2505.14540,done,pdf,/home/hex/tayf/research/papers/tmp/txt/2505.14540.txt
2506.07338,done,tex,/home/hex/tayf/research/papers/tmp/src/2506.07338
2504.20378,done,pdf,/home/hex/tayf/research/papers/tmp/txt/2504.20378.txt
2504.12905,done,pdf,/home/hex/tayf/research/papers/tmp/txt/2504.12905.txt
2506.02875,done,tex,/home/hex/tayf/research/papers/tmp/src/2506.02875
2506.05011,done,tex,/home/hex/tayf/research/papers/tmp/src/2506.05011
2504.10486,error,,
2506.16262,done,tex,/home/hex/tayf/research/papers/tmp/src/2506.16262
2506.05348,done,tex,/home/hex/tayf/research/papers/tmp/src/2506.05348
2506.12716,done,tex,/home/hex/tayf/research/papers/tmp/src/2506.12716
2506.19415,done,tex,/home/hex/tayf/research/papers/tmp/src/2506.19415
2506.14742,done,tex,/home/hex/tayf/research/papers/tmp/src/2506.14742
2506.06890,done,tex,/home/hex/tayf/research/papers/tmp/src/2506.06890
2506.06909,done,tex,/home/hex/tayf/research/papers/tmp/src/2506.06909
2506.19291,done,tex,/home/hex/tayf/research/papers/tmp/src/2506.19291
2506.21009,done,tex,/home/hex/tayf/research/papers/tmp/src/2506.21009
2506.21420,done,tex,/home/hex/tayf/research/papers/tmp/src/2506.21420
2506.01822,done,tex,/home/hex/tayf/research/papers/tmp/src/2506.01822
2506.07885,done,pdf,/home/hex/tayf/research/papers/tmp/txt/2506.07885.txt
2506.21152,done,tex,/home/hex/tayf/research/papers/tmp/src/2506.21152
2506.19844,done,tex,/home/hex/tayf/research/papers/tmp/src/2506.19844
2504.15281,done,pdf,/home/hex/tayf/research/papers/tmp/txt/2504.15281.txt
2506.17636,done,tex,/home/hex/tayf/research/papers/tmp/src/2506.17636
2504.14548,error,,
2506.21780,done,tex,/home/hex/tayf/research/papers/tmp/src/2506.21780
2506.06462,done,tex,/home/hex/tayf/research/papers/tmp/src/2506.06462
2506.21884,done,tex,/home/hex/tayf/research/papers/tmp/src/2506.21884
2506.14642,done,tex,/home/hex/tayf/research/papers/tmp/src/2506.14642
2506.14229,done,tex,/home/hex/tayf/research/papers/tmp/src/2506.14229
2506.01802,done,tex,/home/hex/tayf/research/papers/tmp/src/2506.01802
2506.22799,done,tex,/home/hex/tayf/research/papers/tmp/src/2506.22799
2506.12727,done,tex,/home/hex/tayf/research/papers/tmp/src/2506.12727
2504.16557,error,,
2504.16606,error,,
2506.23157,done,tex,/home/hex/tayf/research/papers/tmp/src/2506.23157
2505.23193,done,tex,/home/hex/tayf/research/papers/tmp/src/2505.23193
2507.02900,done,tex,/home/hex/tayf/research/papers/tmp/src/2507.02900
2507.03990,done,tex,/home/hex/tayf/research/papers/tmp/src/2507.03990
2506.15242,done,tex,/home/hex/tayf/research/papers/tmp/src/2506.15242
2506.23042,done,tex,/home/hex/tayf/research/papers/tmp/src/2506.23042
2507.03886,done,tex,/home/hex/tayf/research/papers/tmp/src/2507.03886
2506.12787,done,tex,/home/hex/tayf/research/papers/tmp/src/2506.12787
2506.07697,done,tex,/home/hex/tayf/research/papers/tmp/src/2506.07697
2504.17728,error,,
2505.23692,done,tex,/home/hex/tayf/research/papers/tmp/src/2505.23692
2507.00969,done,tex,/home/hex/tayf/research/papers/tmp/src/2507.00969
2506.21925,done,tex,/home/hex/tayf/research/papers/tmp/src/2506.21925
2506.12400,done,tex,/home/hex/tayf/research/papers/tmp/src/2506.12400
2507.04915,done,tex,/home/hex/tayf/research/papers/tmp/src/2507.04915
2507.05763,done,tex,/home/hex/tayf/research/papers/tmp/src/2507.05763
2507.08136,done,tex,/home/hex/tayf/research/papers/tmp/src/2507.08136
2506.13348,done,tex,/home/hex/tayf/research/papers/tmp/src/2506.13348
2504.18468,error,,
2506.08704,done,tex,/home/hex/tayf/research/papers/tmp/src/2506.08704
2505.22126,done,pdf,/home/hex/tayf/research/papers/tmp/txt/2505.22126.txt
2507.09896,done,tex,/home/hex/tayf/research/papers/tmp/src/2507.09896
2507.07465,done,tex,/home/hex/tayf/research/papers/tmp/src/2507.07465
2507.12095,done,tex,/home/hex/tayf/research/papers/tmp/src/2507.12095
2506.08015,done,tex,/home/hex/tayf/research/papers/tmp/src/2506.08015
2504.19165,error,,
2505.21238,done,pdf,/home/hex/tayf/research/papers/tmp/txt/2505.21238.txt
2506.23611,done,tex,/home/hex/tayf/research/papers/tmp/src/2506.23611
2507.09230,done,tex,/home/hex/tayf/research/papers/tmp/src/2507.09230
2507.13359,done,tex,/home/hex/tayf/research/papers/tmp/src/2507.13359
2507.13648,done,tex,/home/hex/tayf/research/papers/tmp/src/2507.13648
2507.06109,done,tex,/home/hex/tayf/research/papers/tmp/src/2507.06109
2507.14534,done,tex,/home/hex/tayf/research/papers/tmp/src/2507.14534
2507.07733,done,tex,/home/hex/tayf/research/papers/tmp/src/2507.07733
2507.03737,done,tex,/home/hex/tayf/research/papers/tmp/src/2507.03737
2507.04147,done,tex,/home/hex/tayf/research/papers/tmp/src/2507.04147
2507.06797,done,tex,/home/hex/tayf/research/papers/tmp/src/2507.06797
2507.02363,done,tex,/home/hex/tayf/research/papers/tmp/src/2507.02363
2504.21067,error,,
2505.00421,error,,
2506.19261,done,tex,/home/hex/tayf/research/papers/tmp/src/2506.19261
2507.16144,done,tex,/home/hex/tayf/research/papers/tmp/src/2507.16144
2506.14856,done,tex,/home/hex/tayf/research/papers/tmp/src/2506.14856
2507.14798,done,pdf,/home/hex/tayf/research/papers/tmp/txt/2507.14798.txt
2507.08137,done,tex,/home/hex/tayf/research/papers/tmp/src/2507.08137
2506.22099,done,tex,/home/hex/tayf/research/papers/tmp/src/2506.22099
2505.17001,done,pdf,/home/hex/tayf/research/papers/tmp/txt/2505.17001.txt
2507.18231,done,tex,/home/hex/tayf/research/papers/tmp/src/2507.18231
2507.15269,done,tex,/home/hex/tayf/research/papers/tmp/src/2507.15269
2507.18371,done,tex,/home/hex/tayf/research/papers/tmp/src/2507.18371
2507.18649,done,tex,/home/hex/tayf/research/papers/tmp/src/2507.18649
2507.06060,done,tex,/home/hex/tayf/research/papers/tmp/src/2507.06060
2507.18758,done,tex,/home/hex/tayf/research/papers/tmp/src/2507.18758
2507.05859,done,tex,/home/hex/tayf/research/papers/tmp/src/2507.05859
2507.12137,done,tex,/home/hex/tayf/research/papers/tmp/src/2507.12137
2507.18713,done,tex,/home/hex/tayf/research/papers/tmp/src/2507.18713
2507.19328,done,tex,/home/hex/tayf/research/papers/tmp/src/2507.19328
2507.17351,done,tex,/home/hex/tayf/research/papers/tmp/src/2507.17351
2507.13917,done,tex,/home/hex/tayf/research/papers/tmp/src/2507.13917
2505.05475,error,,
2507.14454,done,tex,/home/hex/tayf/research/papers/tmp/src/2507.14454
2507.20438,done,tex,/home/hex/tayf/research/papers/tmp/src/2507.20438
2505.05672,error,,
2507.19141,done,tex,/home/hex/tayf/research/papers/tmp/src/2507.19141
2507.23272,done,tex,/home/hex/tayf/research/papers/tmp/src/2507.23272
2506.18890,done,tex,/home/hex/tayf/research/papers/tmp/src/2506.18890
2505.06582,error,,
2507.12621,done,tex,/home/hex/tayf/research/papers/tmp/src/2507.12621
2506.21629,done,tex,/home/hex/tayf/research/papers/tmp/src/2506.21629
2507.20976,done,tex,/home/hex/tayf/research/papers/tmp/src/2507.20976
2507.15979,done,tex,/home/hex/tayf/research/papers/tmp/src/2507.15979
2507.23374,done,tex,/home/hex/tayf/research/papers/tmp/src/2507.23374
2506.12945,done,tex,/home/hex/tayf/research/papers/tmp/src/2506.12945
2508.01697,done,tex,/home/hex/tayf/research/papers/tmp/src/2508.01697
2508.03017,error,,
2508.03643,done,tex,/home/hex/tayf/research/papers/tmp/src/2508.03643
2508.02129,done,tex,/home/hex/tayf/research/papers/tmp/src/2508.02129
2508.02140,done,tex,/home/hex/tayf/research/papers/tmp/src/2508.02140
2508.04326,done,tex,/home/hex/tayf/research/papers/tmp/src/2508.04326
2507.18155,done,tex,/home/hex/tayf/research/papers/tmp/src/2507.18155
2505.16533,done,pdf,/home/hex/tayf/research/papers/tmp/txt/2505.16533.txt
2508.04467,done,tex,/home/hex/tayf/research/papers/tmp/src/2508.04467
2506.13766,done,tex,/home/hex/tayf/research/papers/tmp/src/2506.13766
2508.04224,done,tex,/home/hex/tayf/research/papers/tmp/src/2508.04224
2506.21632,done,tex,/home/hex/tayf/research/papers/tmp/src/2506.21632
2505.08438,error,,
2507.20200,done,tex,/home/hex/tayf/research/papers/tmp/src/2507.20200
2505.10473,error,,
2507.06269,done,tex,/home/hex/tayf/research/papers/tmp/src/2507.06269
2508.06136,done,tex,/home/hex/tayf/research/papers/tmp/src/2508.06136
2508.04505,done,tex,/home/hex/tayf/research/papers/tmp/src/2508.04505
2508.06632,done,tex,/home/hex/tayf/research/papers/tmp/src/2508.06632
2507.23778,done,tex,/home/hex/tayf/research/papers/tmp/src/2507.23778
2508.04968,done,tex,/home/hex/tayf/research/papers/tmp/src/2508.04968
2508.07483,done,tex,/home/hex/tayf/research/papers/tmp/src/2508.07483
2508.04297,done,tex,/home/hex/tayf/research/papers/tmp/src/2508.04297
2505.19175,error,,
2508.07804,done,tex,/home/hex/tayf/research/papers/tmp/src/2508.07804
2508.04965,done,tex,/home/hex/tayf/research/papers/tmp/src/2508.04965
2505.20582,done,pdf,/home/hex/tayf/research/papers/tmp/txt/2505.20582.txt
2507.04929,done,tex,/home/hex/tayf/research/papers/tmp/src/2507.04929
2508.08798,done,tex,/home/hex/tayf/research/papers/tmp/src/2508.08798
2507.14501,done,tex,/home/hex/tayf/research/papers/tmp/src/2507.14501
2507.17029,done,tex,/home/hex/tayf/research/papers/tmp/src/2507.17029
2508.08048,done,tex,/home/hex/tayf/research/papers/tmp/src/2508.08048
2508.09814,done,tex,/home/hex/tayf/research/papers/tmp/src/2508.09814
2508.00440,done,tex,/home/hex/tayf/research/papers/tmp/src/2508.00440
2508.01218,done,tex,/home/hex/tayf/research/papers/tmp/src/2508.01218
2508.09626,done,tex,/home/hex/tayf/research/papers/tmp/src/2508.09626
2508.07409,done,tex,/home/hex/tayf/research/papers/tmp/src/2508.07409
2507.15629,done,tex,/home/hex/tayf/research/papers/tmp/src/2507.15629
2508.08849,done,tex,/home/hex/tayf/research/papers/tmp/src/2508.08849
2506.23153,done,pdf,/home/hex/tayf/research/papers/tmp/txt/2506.23153.txt
2508.10227,done,tex,/home/hex/tayf/research/papers/tmp/src/2508.10227
2508.00152,done,tex,/home/hex/tayf/research/papers/tmp/src/2508.00152
2508.10464,done,tex,/home/hex/tayf/research/papers/tmp/src/2508.10464
2507.16406,done,tex,/home/hex/tayf/research/papers/tmp/src/2507.16406
2508.12108,done,tex,/home/hex/tayf/research/papers/tmp/src/2508.12108
2505.21335,error,,
2508.12163,done,tex,/home/hex/tayf/research/papers/tmp/src/2508.12163
2508.09068,done,tex,/home/hex/tayf/research/papers/tmp/src/2508.09068
2506.18866,done,pdf,/home/hex/tayf/research/papers/tmp/txt/2506.18866.txt
2508.09912,done,tex,/home/hex/tayf/research/papers/tmp/src/2508.09912
2508.14037,done,tex,/home/hex/tayf/research/papers/tmp/src/2508.14037
2508.12415,done,tex,/home/hex/tayf/research/papers/tmp/src/2508.12415
2508.10507,done,tex,/home/hex/tayf/research/papers/tmp/src/2508.10507
2508.15372,done,tex,/home/hex/tayf/research/papers/tmp/src/2508.15372
2505.22344,error,,
2505.23158,error,,
2508.01171,done,tex,/home/hex/tayf/research/papers/tmp/src/2508.01171
2506.19615,done,pdf,/home/hex/tayf/research/papers/tmp/txt/2506.19615.txt
2508.13043,done,tex,/home/hex/tayf/research/papers/tmp/src/2508.13043
2508.15457,done,tex,/home/hex/tayf/research/papers/tmp/src/2508.15457
2507.23343,done,tex,/home/hex/tayf/research/papers/tmp/src/2507.23343
2508.07897,done,tex,/home/hex/tayf/research/papers/tmp/src/2508.07897
2508.09977,done,tex,/home/hex/tayf/research/papers/tmp/src/2508.09977
2508.14041,done,tex,/home/hex/tayf/research/papers/tmp/src/2508.14041
2508.12720,done,tex,/home/hex/tayf/research/papers/tmp/src/2508.12720
2508.20080,done,tex,/home/hex/tayf/research/papers/tmp/src/2508.20080
2508.10104,done,tex,/home/hex/tayf/research/papers/tmp/src/2508.10104
2508.07557,done,tex,/home/hex/tayf/research/papers/tmp/src/2508.07557
2507.23683,done,tex,/home/hex/tayf/research/papers/tmp/src/2507.23683
2508.08248,done,tex,/home/hex/tayf/research/papers/tmp/src/2508.08248
2507.19474,done,tex,/home/hex/tayf/research/papers/tmp/src/2507.19474
2508.18971,done,tex,/home/hex/tayf/research/papers/tmp/src/2508.18971
2508.08867,done,tex,/home/hex/tayf/research/papers/tmp/src/2508.08867
2509.00911,done,pdf,/home/hex/tayf/research/papers/tmp/txt/2509.00911.txt
2508.20466,done,tex,/home/hex/tayf/research/papers/tmp/src/2508.20466
2509.01681,done,tex,/home/hex/tayf/research/papers/tmp/src/2509.01681
2508.17645,done,tex,/home/hex/tayf/research/papers/tmp/src/2508.17645
2508.05343,done,tex,/home/hex/tayf/research/papers/tmp/src/2508.05343
2509.02244,done,tex,/home/hex/tayf/research/papers/tmp/src/2509.02244
2508.20623,done,tex,/home/hex/tayf/research/papers/tmp/src/2508.20623
2508.11854,done,tex,/home/hex/tayf/research/papers/tmp/src/2508.11854
2508.19688,done,tex,/home/hex/tayf/research/papers/tmp/src/2508.19688
2508.04099,done,tex,/home/hex/tayf/research/papers/tmp/src/2508.04099
2509.06367,done,tex,/home/hex/tayf/research/papers/tmp/src/2509.06367
2506.04606,done,pdf,/home/hex/tayf/research/papers/tmp/txt/2506.04606.txt
2509.06400,done,tex,/home/hex/tayf/research/papers/tmp/src/2509.06400
2509.02928,done,tex,/home/hex/tayf/research/papers/tmp/src/2509.02928
2506.02794,error,,
2509.04379,done,tex,/home/hex/tayf/research/papers/tmp/src/2509.04379
2508.20965,done,tex,/home/hex/tayf/research/papers/tmp/src/2508.20965
2509.01964,done,tex,/home/hex/tayf/research/papers/tmp/src/2509.01964
2506.03119,error,,
2508.09973,done,tex,/home/hex/tayf/research/papers/tmp/src/2508.09973
2508.13537,done,tex,/home/hex/tayf/research/papers/tmp/src/2508.13537
2509.07126,done,tex,/home/hex/tayf/research/papers/tmp/src/2509.07126
2509.08947,done,tex,/home/hex/tayf/research/papers/tmp/src/2509.08947
2506.04789,error,,
2507.04408,done,pdf,/home/hex/tayf/research/papers/tmp/txt/2507.04408.txt
2508.08219,done,tex,/home/hex/tayf/research/papers/tmp/src/2508.08219
2509.11275,done,tex,/home/hex/tayf/research/papers/tmp/src/2509.11275
2509.11411,done,tex,/home/hex/tayf/research/papers/tmp/src/2509.11411
2509.11624,done,tex,/home/hex/tayf/research/papers/tmp/src/2509.11624
2509.12938,done,tex,/home/hex/tayf/research/papers/tmp/src/2509.12938
2509.09595,done,tex,/home/hex/tayf/research/papers/tmp/src/2509.09595
2506.05558,error,,
2509.13938,done,tex,/home/hex/tayf/research/papers/tmp/src/2509.13938
2508.14717,done,tex,/home/hex/tayf/research/papers/tmp/src/2508.14717
2507.14432,done,pdf,/home/hex/tayf/research/papers/tmp/txt/2507.14432.txt
2508.20741,done,tex,/home/hex/tayf/research/papers/tmp/src/2508.20741
2509.07021,done,tex,/home/hex/tayf/research/papers/tmp/src/2509.07021
2509.13482,done,tex,/home/hex/tayf/research/papers/tmp/src/2509.13482
2506.07069,error,,
2506.07080,error,,
2509.14739,done,tex,/home/hex/tayf/research/papers/tmp/src/2509.14739
2509.11116,done,tex,/home/hex/tayf/research/papers/tmp/src/2509.11116
2509.16806,done,tex,/home/hex/tayf/research/papers/tmp/src/2509.16806
2508.20526,done,tex,/home/hex/tayf/research/papers/tmp/src/2508.20526
2507.01110,done,pdf,/home/hex/tayf/research/papers/tmp/txt/2507.01110.txt
2508.19786,done,tex,/home/hex/tayf/research/papers/tmp/src/2508.19786
2507.19459,done,pdf,/home/hex/tayf/research/papers/tmp/txt/2507.19459.txt
2509.17246,done,tex,/home/hex/tayf/research/papers/tmp/src/2509.17246
2508.06169,done,tex,/home/hex/tayf/research/papers/tmp/src/2508.06169
2509.11853,done,tex,/home/hex/tayf/research/papers/tmp/src/2509.11853
2509.17789,done,tex,/home/hex/tayf/research/papers/tmp/src/2509.17789
2506.09997,error,,
2509.13013,done,tex,/home/hex/tayf/research/papers/tmp/src/2509.13013
2506.11252,error,,
2509.02466,done,tex,/home/hex/tayf/research/papers/tmp/src/2509.02466
2508.15376,done,tex,/home/hex/tayf/research/papers/tmp/src/2508.15376
2508.16401,done,tex,/home/hex/tayf/research/papers/tmp/src/2508.16401
2509.19073,done,tex,/home/hex/tayf/research/papers/tmp/src/2509.19073
2509.18956,done,tex,/home/hex/tayf/research/papers/tmp/src/2509.18956
2509.17748,done,tex,/home/hex/tayf/research/papers/tmp/src/2509.17748
2509.20128,done,tex,/home/hex/tayf/research/papers/tmp/src/2509.20128
2508.06014,done,pdf,/home/hex/tayf/research/papers/tmp/txt/2508.06014.txt
2509.19297,done,tex,/home/hex/tayf/research/papers/tmp/src/2509.19297
2508.13808,done,tex,/home/hex/tayf/research/papers/tmp/src/2508.13808
2506.18601,error,,
2509.17083,done,tex,/home/hex/tayf/research/papers/tmp/src/2509.17083
2506.18792,error,,
2509.17951,done,tex,/home/hex/tayf/research/papers/tmp/src/2509.17951
2509.06607,done,tex,/home/hex/tayf/research/papers/tmp/src/2509.06607
2509.17513,done,tex,/home/hex/tayf/research/papers/tmp/src/2509.17513
2509.23888,done,tex,/home/hex/tayf/research/papers/tmp/src/2509.23888
2508.05187,error,,
2509.20251,done,tex,/home/hex/tayf/research/papers/tmp/src/2509.20251
2506.20875,error,,
2506.20998,error,,
2508.05064,done,pdf,/home/hex/tayf/research/papers/tmp/txt/2508.05064.txt
2509.18759,done,tex,/home/hex/tayf/research/papers/tmp/src/2509.18759
2507.10542,done,pdf,/home/hex/tayf/research/papers/tmp/txt/2507.10542.txt
2509.23492,done,tex,/home/hex/tayf/research/papers/tmp/src/2509.23492
2509.24893,done,tex,/home/hex/tayf/research/papers/tmp/src/2509.24893
2509.21853,done,tex,/home/hex/tayf/research/papers/tmp/src/2509.21853
2509.25191,done,tex,/home/hex/tayf/research/papers/tmp/src/2509.25191
2507.02674,error,,
2510.01619,done,tex,/home/hex/tayf/research/papers/tmp/src/2510.01619
2509.23947,done,tex,/home/hex/tayf/research/papers/tmp/src/2509.23947
2510.01991,done,tex,/home/hex/tayf/research/papers/tmp/src/2510.01991
2510.01119,done,tex,/home/hex/tayf/research/papers/tmp/src/2510.01119
2507.02803,error,,
2509.19898,done,tex,/home/hex/tayf/research/papers/tmp/src/2509.19898
2509.17078,done,tex,/home/hex/tayf/research/papers/tmp/src/2509.17078
2509.24308,done,tex,/home/hex/tayf/research/papers/tmp/src/2509.24308
2510.03248,done,tex,/home/hex/tayf/research/papers/tmp/src/2510.03248
2509.02141,done,tex,/home/hex/tayf/research/papers/tmp/src/2509.02141
2509.18497,done,tex,/home/hex/tayf/research/papers/tmp/src/2509.18497
2510.06926,done,tex,/home/hex/tayf/research/papers/tmp/src/2510.06926
2510.05488,done,tex,/home/hex/tayf/research/papers/tmp/src/2510.05488
2510.01176,done,tex,/home/hex/tayf/research/papers/tmp/src/2510.01176
2510.02691,done,tex,/home/hex/tayf/research/papers/tmp/src/2510.02691
2507.06103,error,,
2510.08491,done,tex,/home/hex/tayf/research/papers/tmp/src/2510.08491
2510.02314,done,tex,/home/hex/tayf/research/papers/tmp/src/2510.02314
2507.07519,error,,
2510.08587,done,tex,/home/hex/tayf/research/papers/tmp/src/2510.08587
2510.08566,done,tex,/home/hex/tayf/research/papers/tmp/src/2510.08566
2507.08434,error,,
2509.25122,done,tex,/home/hex/tayf/research/papers/tmp/src/2509.25122
2510.06694,done,tex,/home/hex/tayf/research/papers/tmp/src/2510.06694
2509.24758,done,tex,/home/hex/tayf/research/papers/tmp/src/2509.24758
2507.12667,error,,
2509.16922,done,tex,/home/hex/tayf/research/papers/tmp/src/2509.16922
2510.08799,done,tex,/home/hex/tayf/research/papers/tmp/src/2510.08799
2510.10797,done,tex,/home/hex/tayf/research/papers/tmp/src/2510.10797
2510.06802,done,tex,/home/hex/tayf/research/papers/tmp/src/2510.06802
2509.20400,done,tex,/home/hex/tayf/research/papers/tmp/src/2509.20400
2510.09531,done,tex,/home/hex/tayf/research/papers/tmp/src/2510.09531
2510.10030,done,tex,/home/hex/tayf/research/papers/tmp/src/2510.10030
2509.24209,done,tex,/home/hex/tayf/research/papers/tmp/src/2509.24209
2510.12265,done,tex,/home/hex/tayf/research/papers/tmp/src/2510.12265
2507.15454,error,,
2509.18566,done,tex,/home/hex/tayf/research/papers/tmp/src/2509.18566
2509.15892,done,tex,/home/hex/tayf/research/papers/tmp/src/2509.15892
2507.15602,error,,
2510.10097,done,tex,/home/hex/tayf/research/papers/tmp/src/2510.10097
2510.11387,done,tex,/home/hex/tayf/research/papers/tmp/src/2510.11387
2510.13381,done,tex,/home/hex/tayf/research/papers/tmp/src/2510.13381
2509.10759,done,tex,/home/hex/tayf/research/papers/tmp/src/2509.10759
2509.17506,done,tex,/home/hex/tayf/research/papers/tmp/src/2509.17506
2507.17336,error,,
2510.14270,done,tex,/home/hex/tayf/research/papers/tmp/src/2510.14270
2510.07723,done,tex,/home/hex/tayf/research/papers/tmp/src/2510.07723
2507.18023,error,,
2510.16463,done,tex,/home/hex/tayf/research/papers/tmp/src/2510.16463
2510.18446,done,tex,/home/hex/tayf/research/papers/tmp/src/2510.18446
2510.09586,done,tex,/home/hex/tayf/research/papers/tmp/src/2510.09586
2510.18101,done,tex,/home/hex/tayf/research/papers/tmp/src/2510.18101
2510.14705,done,tex,/home/hex/tayf/research/papers/tmp/src/2510.14705
2510.17095,done,tex,/home/hex/tayf/research/papers/tmp/src/2510.17095
2510.10257,done,tex,/home/hex/tayf/research/papers/tmp/src/2510.10257
2510.18739,done,tex,/home/hex/tayf/research/papers/tmp/src/2510.18739
2510.19371,done,tex,/home/hex/tayf/research/papers/tmp/src/2510.19371
2510.22140,done,tex,/home/hex/tayf/research/papers/tmp/src/2510.22140
2510.22207,done,tex,/home/hex/tayf/research/papers/tmp/src/2510.22207
2510.12099,done,tex,/home/hex/tayf/research/papers/tmp/src/2510.12099
2510.22473,done,tex,/home/hex/tayf/research/papers/tmp/src/2510.22473
2510.14179,done,tex,/home/hex/tayf/research/papers/tmp/src/2510.14179
2510.03858,done,tex,/home/hex/tayf/research/papers/tmp/src/2510.03858
2509.26621,done,tex,/home/hex/tayf/research/papers/tmp/src/2509.26621
2507.23162,error,,
2510.23205,done,tex,/home/hex/tayf/research/papers/tmp/src/2510.23205
2510.23087,done,tex,/home/hex/tayf/research/papers/tmp/src/2510.23087
2509.23402,done,tex,/home/hex/tayf/research/papers/tmp/src/2509.23402
2507.23704,error,,
2510.12768,done,tex,/home/hex/tayf/research/papers/tmp/src/2510.12768
2509.10241,done,pdf,/home/hex/tayf/research/papers/tmp/txt/2509.10241.txt
2508.14563,done,pdf,/home/hex/tayf/research/papers/tmp/txt/2508.14563.txt
2510.07944,done,tex,/home/hex/tayf/research/papers/tmp/src/2510.07944
2510.22577,done,tex,/home/hex/tayf/research/papers/tmp/src/2510.22577
2511.02207,done,tex,/home/hex/tayf/research/papers/tmp/src/2511.02207
2509.25075,done,tex,/home/hex/tayf/research/papers/tmp/src/2509.25075
2508.04929,error,,
2508.04966,error,,
2510.19200,done,tex,/home/hex/tayf/research/papers/tmp/src/2510.19200
2510.11649,done,tex,/home/hex/tayf/research/papers/tmp/src/2510.11649
2510.03104,done,tex,/home/hex/tayf/research/papers/tmp/src/2510.03104
2509.15181,done,pdf,/home/hex/tayf/research/papers/tmp/txt/2509.15181.txt
2511.00681,done,tex,/home/hex/tayf/research/papers/tmp/src/2511.00681
2511.04797,done,tex,/home/hex/tayf/research/papers/tmp/src/2511.04797
2510.18269,done,tex,/home/hex/tayf/research/papers/tmp/src/2510.18269
2511.03099,done,tex,/home/hex/tayf/research/papers/tmp/src/2511.03099
2510.24734,done,tex,/home/hex/tayf/research/papers/tmp/src/2510.24734
2510.24335,done,tex,/home/hex/tayf/research/papers/tmp/src/2510.24335
2510.11650,done,tex,/home/hex/tayf/research/papers/tmp/src/2510.11650
2511.00560,done,tex,/home/hex/tayf/research/papers/tmp/src/2511.00560
2511.02510,done,tex,/home/hex/tayf/research/papers/tmp/src/2511.02510
2510.02469,done,tex,/home/hex/tayf/research/papers/tmp/src/2510.02469
2509.15123,done,pdf,/home/hex/tayf/research/papers/tmp/txt/2509.15123.txt
2511.05109,done,tex,/home/hex/tayf/research/papers/tmp/src/2511.05109
2511.04595,done,tex,/home/hex/tayf/research/papers/tmp/src/2511.04595
2511.06830,done,tex,/home/hex/tayf/research/papers/tmp/src/2511.06830
2511.04334,done,tex,/home/hex/tayf/research/papers/tmp/src/2511.04334
2511.04951,done,tex,/home/hex/tayf/research/papers/tmp/src/2511.04951
2511.06810,done,tex,/home/hex/tayf/research/papers/tmp/src/2511.06810
2510.17181,done,tex,/home/hex/tayf/research/papers/tmp/src/2510.17181
2510.27318,done,tex,/home/hex/tayf/research/papers/tmp/src/2510.27318
2510.18489,done,tex,/home/hex/tayf/research/papers/tmp/src/2510.18489
2509.17762,done,pdf,/home/hex/tayf/research/papers/tmp/txt/2509.17762.txt
2511.06841,done,pdf,/home/hex/tayf/research/papers/tmp/txt/2511.06841.txt
2511.07552,done,tex,/home/hex/tayf/research/papers/tmp/src/2511.07552
2511.07241,done,tex,/home/hex/tayf/research/papers/tmp/src/2511.07241
2511.07743,done,tex,/home/hex/tayf/research/papers/tmp/src/2511.07743
2511.07940,done,tex,/home/hex/tayf/research/papers/tmp/src/2511.07940
2511.07122,done,tex,/home/hex/tayf/research/papers/tmp/src/2511.07122
2508.09239,error,,
2511.09891,done,tex,/home/hex/tayf/research/papers/tmp/src/2511.09891
2511.11231,done,tex,/home/hex/tayf/research/papers/tmp/src/2511.11231
2511.11048,done,tex,/home/hex/tayf/research/papers/tmp/src/2511.11048
2511.06953,done,tex,/home/hex/tayf/research/papers/tmp/src/2511.06953
2511.02489,done,tex,/home/hex/tayf/research/papers/tmp/src/2511.02489
2511.11890,done,tex,/home/hex/tayf/research/papers/tmp/src/2511.11890
2510.15386,done,tex,/home/hex/tayf/research/papers/tmp/src/2510.15386
2511.09397,done,tex,/home/hex/tayf/research/papers/tmp/src/2511.09397
2511.04283,done,tex,/home/hex/tayf/research/papers/tmp/src/2511.04283
2511.13571,done,tex,/home/hex/tayf/research/papers/tmp/src/2511.13571
2511.12304,done,tex,/home/hex/tayf/research/papers/tmp/src/2511.12304
2511.13264,done,tex,/home/hex/tayf/research/papers/tmp/src/2511.13264
2509.00403,done,pdf,/home/hex/tayf/research/papers/tmp/txt/2509.00403.txt
2511.12935,done,tex,/home/hex/tayf/research/papers/tmp/src/2511.12935
2511.14149,done,tex,/home/hex/tayf/research/papers/tmp/src/2511.14149
2511.14315,done,tex,/home/hex/tayf/research/papers/tmp/src/2511.14315
2511.11276,done,tex,/home/hex/tayf/research/papers/tmp/src/2511.11276
2511.03589,done,tex,/home/hex/tayf/research/papers/tmp/src/2511.03589
2511.14633,done,tex,/home/hex/tayf/research/papers/tmp/src/2511.14633
2508.15500,error,,
2511.09827,done,tex,/home/hex/tayf/research/papers/tmp/src/2511.09827
2510.23009,done,tex,/home/hex/tayf/research/papers/tmp/src/2510.23009
2511.06046,done,tex,/home/hex/tayf/research/papers/tmp/src/2511.06046
2511.06632,done,tex,/home/hex/tayf/research/papers/tmp/src/2511.06632
2508.18389,error,,
2508.17811,error,,
2508.19243,error,,
2511.16112,done,tex,/home/hex/tayf/research/papers/tmp/src/2511.16112
2511.06457,done,tex,/home/hex/tayf/research/papers/tmp/src/2511.06457
2510.11473,done,tex,/home/hex/tayf/research/papers/tmp/src/2510.11473
2511.16542,done,tex,/home/hex/tayf/research/papers/tmp/src/2511.16542
2511.16661,done,tex,/home/hex/tayf/research/papers/tmp/src/2511.16661
2511.16091,done,tex,/home/hex/tayf/research/papers/tmp/src/2511.16091
2509.00800,error,,
2511.18367,done,tex,/home/hex/tayf/research/papers/tmp/src/2511.18367
2511.08294,done,tex,/home/hex/tayf/research/papers/tmp/src/2511.08294
2509.01469,error,,
2510.27133,done,tex,/home/hex/tayf/research/papers/tmp/src/2510.27133
2511.06299,done,tex,/home/hex/tayf/research/papers/tmp/src/2511.06299
2511.18441,done,tex,/home/hex/tayf/research/papers/tmp/src/2511.18441
2510.16258,done,tex,/home/hex/tayf/research/papers/tmp/src/2510.16258
2510.03857,done,pdf,/home/hex/tayf/research/papers/tmp/txt/2510.03857.txt
2511.18632,done,pdf,/home/hex/tayf/research/papers/tmp/txt/2511.18632.txt
2509.05075,error,,
2511.20065,done,tex,/home/hex/tayf/research/papers/tmp/src/2511.20065
2511.21265,done,tex,/home/hex/tayf/research/papers/tmp/src/2511.21265
2511.19854,done,tex,/home/hex/tayf/research/papers/tmp/src/2511.19854
2511.20804,done,tex,/home/hex/tayf/research/papers/tmp/src/2511.20804
2509.07493,error,,
2511.16831,done,tex,/home/hex/tayf/research/papers/tmp/src/2511.16831
2510.09881,done,pdf,/home/hex/tayf/research/papers/tmp/txt/2510.09881.txt
2509.07809,error,,
2509.09235,error,,
2511.14848,done,tex,/home/hex/tayf/research/papers/tmp/src/2511.14848
2511.14357,done,tex,/home/hex/tayf/research/papers/tmp/src/2511.14357
2509.09792,error,,
2511.08032,done,tex,/home/hex/tayf/research/papers/tmp/src/2511.08032
2510.26358,done,tex,/home/hex/tayf/research/papers/tmp/src/2510.26358
2509.11003,error,,
2511.19542,done,tex,/home/hex/tayf/research/papers/tmp/src/2511.19542
2512.00255,done,tex,/home/hex/tayf/research/papers/tmp/src/2512.00255
2511.15102,done,tex,/home/hex/tayf/research/papers/tmp/src/2511.15102
2512.01444,done,tex,/home/hex/tayf/research/papers/tmp/src/2512.01444
2512.00877,done,tex,/home/hex/tayf/research/papers/tmp/src/2512.00877
2509.15677,done,pdf,/home/hex/tayf/research/papers/tmp/txt/2509.15677.txt
2511.19326,done,tex,/home/hex/tayf/research/papers/tmp/src/2511.19326
2509.16863,done,pdf,/home/hex/tayf/research/papers/tmp/txt/2509.16863.txt
2511.08155,done,tex,/home/hex/tayf/research/papers/tmp/src/2511.08155
2509.15548,error,,
2511.14927,done,tex,/home/hex/tayf/research/papers/tmp/src/2511.14927
2511.22997,done,tex,/home/hex/tayf/research/papers/tmp/src/2511.22997
2512.00677,done,tex,/home/hex/tayf/research/papers/tmp/src/2512.00677
2512.02492,done,tex,/home/hex/tayf/research/papers/tmp/src/2512.02492
2511.23044,done,tex,/home/hex/tayf/research/papers/tmp/src/2511.23044
2510.19255,done,pdf,/home/hex/tayf/research/papers/tmp/txt/2510.19255.txt
2512.02172,done,tex,/home/hex/tayf/research/papers/tmp/src/2512.02172
2511.18873,done,tex,/home/hex/tayf/research/papers/tmp/src/2511.18873
2512.02932,done,tex,/home/hex/tayf/research/papers/tmp/src/2512.02932
2512.03422,done,tex,/home/hex/tayf/research/papers/tmp/src/2512.03422
2509.17864,error,,
2511.05152,done,tex,/home/hex/tayf/research/papers/tmp/src/2511.05152
2511.22812,done,tex,/home/hex/tayf/research/papers/tmp/src/2511.22812
2512.06158,done,tex,/home/hex/tayf/research/papers/tmp/src/2512.06158
2512.04313,done,tex,/home/hex/tayf/research/papers/tmp/src/2512.04313
2509.18924,error,,
2509.25001,done,pdf,/home/hex/tayf/research/papers/tmp/txt/2509.25001.txt
2511.22228,done,tex,/home/hex/tayf/research/papers/tmp/src/2511.22228
2512.05259,done,tex,/home/hex/tayf/research/papers/tmp/src/2512.05259
2509.19259,error,,
2512.05113,done,tex,/home/hex/tayf/research/papers/tmp/src/2512.05113
2511.13988,done,tex,/home/hex/tayf/research/papers/tmp/src/2511.13988
2512.07197,done,tex,/home/hex/tayf/research/papers/tmp/src/2512.07197
2512.07165,done,tex,/home/hex/tayf/research/papers/tmp/src/2512.07165
2511.06456,done,tex,/home/hex/tayf/research/papers/tmp/src/2511.06456
2512.05016,done,tex,/home/hex/tayf/research/papers/tmp/src/2512.05016
2512.08334,error,,
2512.03601,done,tex,/home/hex/tayf/research/papers/tmp/src/2512.03601
2511.17932,done,tex,/home/hex/tayf/research/papers/tmp/src/2511.17932
2509.23258,error,,
2512.07379,done,pdf,/home/hex/tayf/research/papers/tmp/txt/2512.07379.txt
2512.00413,done,tex,/home/hex/tayf/research/papers/tmp/src/2512.00413
2512.09335,done,tex,/home/hex/tayf/research/papers/tmp/src/2512.09335
2512.02664,done,tex,/home/hex/tayf/research/papers/tmp/src/2512.02664
2509.23555,error,,
2512.08215,done,tex,/home/hex/tayf/research/papers/tmp/src/2512.08215
2511.20157,done,tex,/home/hex/tayf/research/papers/tmp/src/2511.20157
2512.10293,done,pdf,/home/hex/tayf/research/papers/tmp/txt/2512.10293.txt
2512.09489,done,tex,/home/hex/tayf/research/papers/tmp/src/2512.09489
2512.06179,done,tex,/home/hex/tayf/research/papers/tmp/src/2512.06179
2512.09270,done,tex,/home/hex/tayf/research/papers/tmp/src/2512.09270
2512.11186,done,tex,/home/hex/tayf/research/papers/tmp/src/2512.11186
2511.14208,done,tex,/home/hex/tayf/research/papers/tmp/src/2511.14208
2512.11423,done,tex,/home/hex/tayf/research/papers/tmp/src/2512.11423
2511.13009,done,tex,/home/hex/tayf/research/papers/tmp/src/2511.13009
2512.09925,done,tex,/home/hex/tayf/research/papers/tmp/src/2512.09925
2512.06065,done,tex,/home/hex/tayf/research/papers/tmp/src/2512.06065
2512.10939,done,tex,/home/hex/tayf/research/papers/tmp/src/2512.10939
2512.12701,done,tex,/home/hex/tayf/research/papers/tmp/src/2512.12701
2512.12683,done,tex,/home/hex/tayf/research/papers/tmp/src/2512.12683
2512.06438,done,tex,/home/hex/tayf/research/papers/tmp/src/2512.06438
2511.18600,done,tex,/home/hex/tayf/research/papers/tmp/src/2511.18600
2512.14087,done,tex,/home/hex/tayf/research/papers/tmp/src/2512.14087
2512.08478,done,tex,/home/hex/tayf/research/papers/tmp/src/2512.08478
2512.05991,done,tex,/home/hex/tayf/research/papers/tmp/src/2512.05991
2512.10424,done,tex,/home/hex/tayf/research/papers/tmp/src/2512.10424
2512.09327,done,tex,/home/hex/tayf/research/papers/tmp/src/2512.09327
2512.14352,done,tex,/home/hex/tayf/research/papers/tmp/src/2512.14352
2512.09375,done,tex,/home/hex/tayf/research/papers/tmp/src/2512.09375
2510.03874,error,,
2512.04677,done,tex,/home/hex/tayf/research/papers/tmp/src/2512.04677
2512.12898,done,tex,/home/hex/tayf/research/papers/tmp/src/2512.12898
2510.23930,done,pdf,/home/hex/tayf/research/papers/tmp/txt/2510.23930.txt
2512.17331,done,tex,/home/hex/tayf/research/papers/tmp/src/2512.17331
2512.18237,done,tex,/home/hex/tayf/research/papers/tmp/src/2512.18237
2512.11267,done,tex,/home/hex/tayf/research/papers/tmp/src/2512.11267
2512.14180,done,tex,/home/hex/tayf/research/papers/tmp/src/2512.14180
2512.15599,done,tex,/home/hex/tayf/research/papers/tmp/src/2512.15599
2512.04315,done,tex,/home/hex/tayf/research/papers/tmp/src/2512.04315
2512.18318,done,tex,/home/hex/tayf/research/papers/tmp/src/2512.18318
2512.15111,done,tex,/home/hex/tayf/research/papers/tmp/src/2512.15111
2510.09489,error,,
2512.10369,done,tex,/home/hex/tayf/research/papers/tmp/src/2512.10369
2512.01296,done,tex,/home/hex/tayf/research/papers/tmp/src/2512.01296
2510.09880,error,,
2512.00887,done,tex,/home/hex/tayf/research/papers/tmp/src/2512.00887
2512.17547,done,tex,/home/hex/tayf/research/papers/tmp/src/2512.17547
2512.20858,done,tex,/home/hex/tayf/research/papers/tmp/src/2512.20858
2512.24742,done,tex,/home/hex/tayf/research/papers/tmp/src/2512.24742
2512.23709,done,tex,/home/hex/tayf/research/papers/tmp/src/2512.23709
2510.10691,error,,
2601.00285,done,tex,/home/hex/tayf/research/papers/tmp/src/2601.00285
2512.06684,done,tex,/home/hex/tayf/research/papers/tmp/src/2512.06684
2512.24018,done,tex,/home/hex/tayf/research/papers/tmp/src/2512.24018
2512.22065,done,tex,/home/hex/tayf/research/papers/tmp/src/2512.22065
2510.12308,error,,
2512.04815,done,tex,/home/hex/tayf/research/papers/tmp/src/2512.04815
2512.23983,done,tex,/home/hex/tayf/research/papers/tmp/src/2512.23983
2510.22582,done,pdf,/home/hex/tayf/research/papers/tmp/txt/2510.22582.txt
2511.13011,done,pdf,/home/hex/tayf/research/papers/tmp/txt/2511.13011.txt
2601.02747,done,tex,/home/hex/tayf/research/papers/tmp/src/2601.02747
2512.16706,done,tex,/home/hex/tayf/research/papers/tmp/src/2512.16706
2510.15072,error,,
2512.24763,done,tex,/home/hex/tayf/research/papers/tmp/src/2512.24763
2601.04348,done,tex,/home/hex/tayf/research/papers/tmp/src/2601.04348
2601.03517,done,tex,/home/hex/tayf/research/papers/tmp/src/2601.03517
2512.05446,done,tex,/home/hex/tayf/research/papers/tmp/src/2512.05446
2601.03507,done,tex,/home/hex/tayf/research/papers/tmp/src/2601.03507
2512.15508,done,tex,/home/hex/tayf/research/papers/tmp/src/2512.15508
2601.05368,done,tex,/home/hex/tayf/research/papers/tmp/src/2601.05368
2601.05584,done,tex,/home/hex/tayf/research/papers/tmp/src/2601.05584
2512.14406,done,tex,/home/hex/tayf/research/papers/tmp/src/2512.14406
2601.05738,done,tex,/home/hex/tayf/research/papers/tmp/src/2601.05738
2601.07976,done,tex,/home/hex/tayf/research/papers/tmp/src/2601.07976
2512.20129,done,tex,/home/hex/tayf/research/papers/tmp/src/2512.20129
2601.05250,done,tex,/home/hex/tayf/research/papers/tmp/src/2601.05250
2511.16673,done,pdf,/home/hex/tayf/research/papers/tmp/txt/2511.16673.txt
2601.07518,done,tex,/home/hex/tayf/research/papers/tmp/src/2601.07518
2601.08832,done,tex,/home/hex/tayf/research/papers/tmp/src/2601.08832
2512.11800,done,tex,/home/hex/tayf/research/papers/tmp/src/2512.11800
2601.01222,done,tex,/home/hex/tayf/research/papers/tmp/src/2601.01222
2510.19210,error,,
2601.11635,done,tex,/home/hex/tayf/research/papers/tmp/src/2601.11635
2510.20027,error,,
2510.19653,error,,
2511.06408,done,pdf,/home/hex/tayf/research/papers/tmp/txt/2511.06408.txt
2601.02046,done,tex,/home/hex/tayf/research/papers/tmp/src/2601.02046
2512.09923,done,tex,/home/hex/tayf/research/papers/tmp/src/2512.09923
2512.10031,done,tex,/home/hex/tayf/research/papers/tmp/src/2512.10031
2601.13132,done,tex,/home/hex/tayf/research/papers/tmp/src/2601.13132
2512.06269,done,tex,/home/hex/tayf/research/papers/tmp/src/2512.06269
2601.14161,done,tex,/home/hex/tayf/research/papers/tmp/src/2601.14161
2512.23379,done,tex,/home/hex/tayf/research/papers/tmp/src/2512.23379
2601.15475,done,tex,/home/hex/tayf/research/papers/tmp/src/2601.15475
2601.00796,done,tex,/home/hex/tayf/research/papers/tmp/src/2601.00796
2510.26117,error,,
2601.12736,done,tex,/home/hex/tayf/research/papers/tmp/src/2601.12736
2601.12076,done,tex,/home/hex/tayf/research/papers/tmp/src/2601.12076
2601.18263,done,pdf,/home/hex/tayf/research/papers/tmp/txt/2601.18263.txt
2601.11045,done,tex,/home/hex/tayf/research/papers/tmp/src/2601.11045
2601.10606,done,tex,/home/hex/tayf/research/papers/tmp/src/2601.10606
2601.18475,done,tex,/home/hex/tayf/research/papers/tmp/src/2601.18475
2601.19216,done,tex,/home/hex/tayf/research/papers/tmp/src/2601.19216
2512.22706,done,tex,/home/hex/tayf/research/papers/tmp/src/2512.22706
2512.18692,done,tex,/home/hex/tayf/research/papers/tmp/src/2512.18692
2601.18633,done,tex,/home/hex/tayf/research/papers/tmp/src/2601.18633
2601.04860,done,tex,/home/hex/tayf/research/papers/tmp/src/2601.04860
2601.12808,done,tex,/home/hex/tayf/research/papers/tmp/src/2601.12808
2601.21269,done,tex,/home/hex/tayf/research/papers/tmp/src/2601.21269
2601.22808,done,tex,/home/hex/tayf/research/papers/tmp/src/2601.22808
2511.23030,done,pdf,/home/hex/tayf/research/papers/tmp/txt/2511.23030.txt
2601.13148,done,tex,/home/hex/tayf/research/papers/tmp/src/2601.13148
2601.12823,done,tex,/home/hex/tayf/research/papers/tmp/src/2601.12823
2511.03004,error,,
2602.01586,done,tex,/home/hex/tayf/research/papers/tmp/src/2602.01586
2512.04021,done,pdf,/home/hex/tayf/research/papers/tmp/txt/2512.04021.txt
2601.22244,done,tex,/home/hex/tayf/research/papers/tmp/src/2601.22244
2602.00995,done,tex,/home/hex/tayf/research/papers/tmp/src/2602.00995
2601.22026,done,tex,/home/hex/tayf/research/papers/tmp/src/2601.22026
2512.21054,done,tex,/home/hex/tayf/research/papers/tmp/src/2512.21054
2602.01057,done,tex,/home/hex/tayf/research/papers/tmp/src/2602.01057
2511.05229,error,,
2512.06368,done,pdf,/home/hex/tayf/research/papers/tmp/txt/2512.06368.txt
2602.01748,done,tex,/home/hex/tayf/research/papers/tmp/src/2602.01748
2602.04549,done,tex,/home/hex/tayf/research/papers/tmp/src/2602.04549
2601.19753,done,tex,/home/hex/tayf/research/papers/tmp/src/2601.19753
2512.15711,done,tex,/home/hex/tayf/research/papers/tmp/src/2512.15711
2602.05822,done,tex,/home/hex/tayf/research/papers/tmp/src/2602.05822
2602.06343,done,tex,/home/hex/tayf/research/papers/tmp/src/2602.06343
2601.00207,done,tex,/home/hex/tayf/research/papers/tmp/src/2601.00207
2602.03064,done,tex,/home/hex/tayf/research/papers/tmp/src/2602.03064
2602.06122,done,tex,/home/hex/tayf/research/papers/tmp/src/2602.06122
2602.06452,done,tex,/home/hex/tayf/research/papers/tmp/src/2602.06452
2602.07449,done,tex,/home/hex/tayf/research/papers/tmp/src/2602.07449
2512.14200,done,tex,/home/hex/tayf/research/papers/tmp/src/2512.14200
2602.08909,done,tex,/home/hex/tayf/research/papers/tmp/src/2602.08909
2602.01352,done,tex,/home/hex/tayf/research/papers/tmp/src/2602.01352
2601.15951,done,tex,/home/hex/tayf/research/papers/tmp/src/2601.15951
2602.09531,done,tex,/home/hex/tayf/research/papers/tmp/src/2602.09531
2602.08975,done,pdf,/home/hex/tayf/research/papers/tmp/txt/2602.08975.txt
2511.11175,error,,
2511.19189,done,pdf,/home/hex/tayf/research/papers/tmp/txt/2511.19189.txt
2602.09999,done,tex,/home/hex/tayf/research/papers/tmp/src/2602.09999
2602.09868,done,tex,/home/hex/tayf/research/papers/tmp/src/2602.09868
2512.13796,done,tex,/home/hex/tayf/research/papers/tmp/src/2512.13796
2512.16397,done,tex,/home/hex/tayf/research/papers/tmp/src/2512.16397
2602.13549,done,tex,/home/hex/tayf/research/papers/tmp/src/2602.13549
2511.16030,done,pdf,/home/hex/tayf/research/papers/tmp/txt/2511.16030.txt
2602.11575,done,tex,/home/hex/tayf/research/papers/tmp/src/2602.11575
2602.14493,done,tex,/home/hex/tayf/research/papers/tmp/src/2602.14493
2602.03538,done,tex,/home/hex/tayf/research/papers/tmp/src/2602.03538
2602.10239,done,tex,/home/hex/tayf/research/papers/tmp/src/2602.10239
2602.13806,done,tex,/home/hex/tayf/research/papers/tmp/src/2602.13806
2602.15181,done,tex,/home/hex/tayf/research/papers/tmp/src/2602.15181
2602.09736,done,tex,/home/hex/tayf/research/papers/tmp/src/2602.09736
2602.09816,done,tex,/home/hex/tayf/research/papers/tmp/src/2602.09816
2602.13909,done,tex,/home/hex/tayf/research/papers/tmp/src/2602.13909
2602.18329,done,tex,/home/hex/tayf/research/papers/tmp/src/2602.18329
2511.19109,done,pdf,/home/hex/tayf/research/papers/tmp/txt/2511.19109.txt
2602.05190,done,tex,/home/hex/tayf/research/papers/tmp/src/2602.05190
2602.16713,done,pdf,/home/hex/tayf/research/papers/tmp/txt/2602.16713.txt
2602.16337,done,tex,/home/hex/tayf/research/papers/tmp/src/2602.16337
2511.14540,error,,
2602.14199,done,tex,/home/hex/tayf/research/papers/tmp/src/2602.14199
2602.20342,done,tex,/home/hex/tayf/research/papers/tmp/src/2602.20342
2602.19350,done,tex,/home/hex/tayf/research/papers/tmp/src/2602.19350
2511.21367,done,pdf,/home/hex/tayf/research/papers/tmp/txt/2511.21367.txt
2602.21645,done,pdf,/home/hex/tayf/research/papers/tmp/txt/2602.21645.txt
2602.08775,done,tex,/home/hex/tayf/research/papers/tmp/src/2602.08775
2602.19916,done,tex,/home/hex/tayf/research/papers/tmp/src/2602.19916
2602.22011,done,pdf,/home/hex/tayf/research/papers/tmp/txt/2602.22011.txt
2602.11154,done,tex,/home/hex/tayf/research/papers/tmp/src/2602.11154
2602.22596,done,tex,/home/hex/tayf/research/papers/tmp/src/2602.22596
2511.17322,error,,
2512.01329,done,pdf,/home/hex/tayf/research/papers/tmp/txt/2512.01329.txt
2602.03327,done,tex,/home/hex/tayf/research/papers/tmp/src/2602.03327
2512.07192,done,pdf,/home/hex/tayf/research/papers/tmp/txt/2512.07192.txt
2602.13444,done,tex,/home/hex/tayf/research/papers/tmp/src/2602.13444
2511.17747,error,,
2601.03357,done,tex,/home/hex/tayf/research/papers/tmp/src/2601.03357
2602.05572,done,tex,/home/hex/tayf/research/papers/tmp/src/2602.05572
2602.20160,done,tex,/home/hex/tayf/research/papers/tmp/src/2602.20160
2601.22045,done,tex,/home/hex/tayf/research/papers/tmp/src/2601.22045
2601.12814,done,tex,/home/hex/tayf/research/papers/tmp/src/2601.12814
2602.23031,done,tex,/home/hex/tayf/research/papers/tmp/src/2602.23031
2602.00671,done,tex,/home/hex/tayf/research/papers/tmp/src/2602.00671
2602.20807,done,tex,/home/hex/tayf/research/papers/tmp/src/2602.20807
2602.22565,done,tex,/home/hex/tayf/research/papers/tmp/src/2602.22565
2602.22731,done,tex,/home/hex/tayf/research/papers/tmp/src/2602.22731
2511.22553,error,,
2602.04317,done,tex,/home/hex/tayf/research/papers/tmp/src/2602.04317
2602.16349,done,tex,/home/hex/tayf/research/papers/tmp/src/2602.16349
2511.22939,error,,
2512.19648,done,pdf,/home/hex/tayf/research/papers/tmp/txt/2512.19648.txt
2603.01603,done,tex,/home/hex/tayf/research/papers/tmp/src/2603.01603
2603.00990,done,tex,/home/hex/tayf/research/papers/tmp/src/2603.00990
2603.02134,done,tex,/home/hex/tayf/research/papers/tmp/src/2603.02134
2602.13837,done,tex,/home/hex/tayf/research/papers/tmp/src/2602.13837
2603.01099,done,tex,/home/hex/tayf/research/papers/tmp/src/2603.01099
2603.02866,done,tex,/home/hex/tayf/research/papers/tmp/src/2603.02866
2603.02893,done,tex,/home/hex/tayf/research/papers/tmp/src/2603.02893
2603.04847,done,tex,/home/hex/tayf/research/papers/tmp/src/2603.04847
2603.05152,done,tex,/home/hex/tayf/research/papers/tmp/src/2603.05152
2603.02548,done,tex,/home/hex/tayf/research/papers/tmp/src/2603.02548
2603.05932,done,tex,/home/hex/tayf/research/papers/tmp/src/2603.05932
2603.06860,done,tex,/home/hex/tayf/research/papers/tmp/src/2603.06860
2603.07604,done,tex,/home/hex/tayf/research/papers/tmp/src/2603.07604
2603.01491,done,tex,/home/hex/tayf/research/papers/tmp/src/2603.01491
2603.06989,done,tex,/home/hex/tayf/research/papers/tmp/src/2603.06989
2601.12770,done,pdf,/home/hex/tayf/research/papers/tmp/txt/2601.12770.txt
2601.14510,done,pdf,/home/hex/tayf/research/papers/tmp/txt/2601.14510.txt
2601.02098,done,pdf,/home/hex/tayf/research/papers/tmp/txt/2601.02098.txt
2603.08674,done,tex,/home/hex/tayf/research/papers/tmp/src/2603.08674
2512.03210,error,,
2512.04076,error,,
2602.23040,done,tex,/home/hex/tayf/research/papers/tmp/src/2602.23040
2602.23574,done,tex,/home/hex/tayf/research/papers/tmp/src/2602.23574
2603.09261,done,pdf,/home/hex/tayf/research/papers/tmp/txt/2603.09261.txt
2602.05213,done,tex,/home/hex/tayf/research/papers/tmp/src/2602.05213
2512.04542,error,,
2603.09833,done,tex,/home/hex/tayf/research/papers/tmp/src/2603.09833
2602.23559,done,tex,/home/hex/tayf/research/papers/tmp/src/2602.23559
2603.05882,done,tex,/home/hex/tayf/research/papers/tmp/src/2603.05882
2603.09673,done,tex,/home/hex/tayf/research/papers/tmp/src/2603.09673
2602.22376,done,tex,/home/hex/tayf/research/papers/tmp/src/2602.22376
2603.09968,done,tex,/home/hex/tayf/research/papers/tmp/src/2603.09968
2603.12551,done,tex,/home/hex/tayf/research/papers/tmp/src/2603.12551
2603.09632,done,tex,/home/hex/tayf/research/papers/tmp/src/2603.09632
2602.15775,done,tex,/home/hex/tayf/research/papers/tmp/src/2602.15775
2603.07664,done,tex,/home/hex/tayf/research/papers/tmp/src/2603.07664
2603.00952,done,tex,/home/hex/tayf/research/papers/tmp/src/2603.00952
2603.09291,done,tex,/home/hex/tayf/research/papers/tmp/src/2603.09291
2602.08724,done,tex,/home/hex/tayf/research/papers/tmp/src/2602.08724
2603.11804,done,tex,/home/hex/tayf/research/papers/tmp/src/2603.11804
2603.08499,done,tex,/home/hex/tayf/research/papers/tmp/src/2603.08499
2602.24290,done,tex,/home/hex/tayf/research/papers/tmp/src/2602.24290
2603.07552,done,tex,/home/hex/tayf/research/papers/tmp/src/2603.07552
2603.12647,done,tex,/home/hex/tayf/research/papers/tmp/src/2603.12647
2603.14684,done,tex,/home/hex/tayf/research/papers/tmp/src/2603.14684
2602.20718,done,tex,/home/hex/tayf/research/papers/tmp/src/2602.20718
2512.06818,error,,
2603.15433,done,tex,/home/hex/tayf/research/papers/tmp/src/2603.15433
2512.17492,done,pdf,/home/hex/tayf/research/papers/tmp/txt/2512.17492.txt
2603.16211,done,tex,/home/hex/tayf/research/papers/tmp/src/2603.16211
2603.02985,done,tex,/home/hex/tayf/research/papers/tmp/src/2603.02985
2603.15622,done,tex,/home/hex/tayf/research/papers/tmp/src/2603.15622
2603.14763,done,tex,/home/hex/tayf/research/papers/tmp/src/2603.14763
2603.11543,done,tex,/home/hex/tayf/research/papers/tmp/src/2603.11543
2512.07381,error,,
2512.07480,error,,
2512.09162,error,,
2602.08958,done,tex,/home/hex/tayf/research/papers/tmp/src/2602.08958
2512.16893,done,pdf,/home/hex/tayf/research/papers/tmp/txt/2512.16893.txt
2603.17173,done,tex,/home/hex/tayf/research/papers/tmp/src/2603.17173
2602.23951,done,tex,/home/hex/tayf/research/papers/tmp/src/2602.23951
2603.18402,done,tex,/home/hex/tayf/research/papers/tmp/src/2603.18402
2603.14965,done,tex,/home/hex/tayf/research/papers/tmp/src/2603.14965
2601.00328,done,pdf,/home/hex/tayf/research/papers/tmp/txt/2601.00328.txt
2603.14772,done,tex,/home/hex/tayf/research/papers/tmp/src/2603.14772
2603.19496,done,tex,/home/hex/tayf/research/papers/tmp/src/2603.19496
2602.19048,done,tex,/home/hex/tayf/research/papers/tmp/src/2602.19048
2603.04770,done,tex,/home/hex/tayf/research/papers/tmp/src/2603.04770
2602.03796,done,pdf,/home/hex/tayf/research/papers/tmp/txt/2602.03796.txt
2603.16858,done,tex,/home/hex/tayf/research/papers/tmp/src/2603.16858
2603.15603,done,tex,/home/hex/tayf/research/papers/tmp/src/2603.15603
2512.11356,error,,
2603.11298,done,tex,/home/hex/tayf/research/papers/tmp/src/2603.11298
2603.20428,done,tex,/home/hex/tayf/research/papers/tmp/src/2603.20428
2603.02986,done,tex,/home/hex/tayf/research/papers/tmp/src/2603.02986
2603.00697,done,tex,/home/hex/tayf/research/papers/tmp/src/2603.00697
2601.05853,done,pdf,/home/hex/tayf/research/papers/tmp/txt/2601.05853.txt
2603.19552,done,tex,/home/hex/tayf/research/papers/tmp/src/2603.19552
2603.02149,done,tex,/home/hex/tayf/research/papers/tmp/src/2603.02149
2603.24994,done,tex,/home/hex/tayf/research/papers/tmp/src/2603.24994
2603.17131,done,tex,/home/hex/tayf/research/papers/tmp/src/2603.17131
2603.16103,done,tex,/home/hex/tayf/research/papers/tmp/src/2603.16103
2603.22893,done,tex,/home/hex/tayf/research/papers/tmp/src/2603.22893
2603.08313,done,tex,/home/hex/tayf/research/papers/tmp/src/2603.08313
2603.25260,done,tex,/home/hex/tayf/research/papers/tmp/src/2603.25260
2603.17355,done,tex,/home/hex/tayf/research/papers/tmp/src/2603.17355
2603.20128,done,tex,/home/hex/tayf/research/papers/tmp/src/2603.20128
2603.25265,done,tex,/home/hex/tayf/research/papers/tmp/src/2603.25265
2603.25129,done,tex,/home/hex/tayf/research/papers/tmp/src/2603.25129
2603.22012,done,tex,/home/hex/tayf/research/papers/tmp/src/2603.22012
2603.27948,done,tex,/home/hex/tayf/research/papers/tmp/src/2603.27948
2603.28431,done,tex,/home/hex/tayf/research/papers/tmp/src/2603.28431
2603.25042,done,tex,/home/hex/tayf/research/papers/tmp/src/2603.25042
2603.12766,done,tex,/home/hex/tayf/research/papers/tmp/src/2603.12766
2603.26362,done,tex,/home/hex/tayf/research/papers/tmp/src/2603.26362
2603.15811,done,tex,/home/hex/tayf/research/papers/tmp/src/2603.15811
2603.21304,done,tex,/home/hex/tayf/research/papers/tmp/src/2603.21304
2603.29394,done,tex,/home/hex/tayf/research/papers/tmp/src/2603.29394
2603.26183,done,tex,/home/hex/tayf/research/papers/tmp/src/2603.26183
2604.01447,done,tex,/home/hex/tayf/research/papers/tmp/src/2604.01447
2603.17779,done,tex,/home/hex/tayf/research/papers/tmp/src/2603.17779
2601.00939,error,,
2601.01847,error,,
2603.17975,done,tex,/home/hex/tayf/research/papers/tmp/src/2603.17975
2601.02103,error,,
2602.05423,done,pdf,/home/hex/tayf/research/papers/tmp/txt/2602.05423.txt
2602.02989,done,pdf,/home/hex/tayf/research/papers/tmp/txt/2602.02989.txt
2603.15368,done,tex,/home/hex/tayf/research/papers/tmp/src/2603.15368
2603.29185,done,tex,/home/hex/tayf/research/papers/tmp/src/2603.29185
2603.28020,done,tex,/home/hex/tayf/research/papers/tmp/src/2603.28020
2604.02883,done,tex,/home/hex/tayf/research/papers/tmp/src/2604.02883
2604.01678,done,tex,/home/hex/tayf/research/papers/tmp/src/2604.01678
2604.02120,done,tex,/home/hex/tayf/research/papers/tmp/src/2604.02120
2601.06285,error,,
2601.07540,error,,
2601.10200,error,,
2604.01884,done,tex,/home/hex/tayf/research/papers/tmp/src/2604.01884
2603.24716,done,tex,/home/hex/tayf/research/papers/tmp/src/2603.24716
2604.02941,error,,
2604.05687,done,tex,/home/hex/tayf/research/papers/tmp/src/2604.05687
2603.08133,done,tex,/home/hex/tayf/research/papers/tmp/src/2603.08133
2604.04787,done,tex,/home/hex/tayf/research/papers/tmp/src/2604.04787
2604.04063,done,tex,/home/hex/tayf/research/papers/tmp/src/2604.04063
2603.07587,done,tex,/home/hex/tayf/research/papers/tmp/src/2603.07587
2603.29296,done,tex,/home/hex/tayf/research/papers/tmp/src/2603.29296
2604.08370,done,tex,/home/hex/tayf/research/papers/tmp/src/2604.08370
2601.14821,error,,
2604.09877,done,tex,/home/hex/tayf/research/papers/tmp/src/2604.09877
2601.16736,error,,
2601.17350,error,,
2603.29734,done,tex,/home/hex/tayf/research/papers/tmp/src/2603.29734
2603.20721,done,tex,/home/hex/tayf/research/papers/tmp/src/2603.20721
2604.09324,done,tex,/home/hex/tayf/research/papers/tmp/src/2604.09324
2604.04576,done,tex,/home/hex/tayf/research/papers/tmp/src/2604.04576
2601.17835,error,,
2604.09903,done,tex,/home/hex/tayf/research/papers/tmp/src/2604.09903
2604.12778,done,tex,/home/hex/tayf/research/papers/tmp/src/2604.12778
2604.06358,done,tex,/home/hex/tayf/research/papers/tmp/src/2604.06358
2603.22786,done,tex,/home/hex/tayf/research/papers/tmp/src/2603.22786
2604.08405,done,tex,/home/hex/tayf/research/papers/tmp/src/2604.08405
2603.02801,done,pdf,/home/hex/tayf/research/papers/tmp/txt/2603.02801.txt
2601.20835,error,,
2601.20857,error,,
2604.13171,done,tex,/home/hex/tayf/research/papers/tmp/src/2604.13171
2603.23297,done,tex,/home/hex/tayf/research/papers/tmp/src/2603.23297
2602.00148,error,,
2604.10259,done,tex,/home/hex/tayf/research/papers/tmp/src/2604.10259
2604.00509,done,tex,/home/hex/tayf/research/papers/tmp/src/2604.00509
2604.09835,done,tex,/home/hex/tayf/research/papers/tmp/src/2604.09835
2604.15328,done,tex,/home/hex/tayf/research/papers/tmp/src/2604.15328
2604.12626,done,tex,/home/hex/tayf/research/papers/tmp/src/2604.12626
2604.10512,done,tex,/home/hex/tayf/research/papers/tmp/src/2604.10512
2604.13589,done,tex,/home/hex/tayf/research/papers/tmp/src/2604.13589
2604.02586,done,tex,/home/hex/tayf/research/papers/tmp/src/2604.02586
2603.08997,done,pdf,/home/hex/tayf/research/papers/tmp/txt/2603.08997.txt
2604.16747,done,tex,/home/hex/tayf/research/papers/tmp/src/2604.16747
2604.12923,done,tex,/home/hex/tayf/research/papers/tmp/src/2604.12923
2604.16910,done,tex,/home/hex/tayf/research/papers/tmp/src/2604.16910
2604.10546,done,tex,/home/hex/tayf/research/papers/tmp/src/2604.10546
2604.11685,done,tex,/home/hex/tayf/research/papers/tmp/src/2604.11685
2604.02915,done,tex,/home/hex/tayf/research/papers/tmp/src/2604.02915
2604.05638,done,tex,/home/hex/tayf/research/papers/tmp/src/2604.05638
2603.25745,done,tex,/home/hex/tayf/research/papers/tmp/src/2603.25745
2604.21349,done,tex,/home/hex/tayf/research/papers/tmp/src/2604.21349
2604.18205,done,tex,/home/hex/tayf/research/papers/tmp/src/2604.18205
2604.11098,done,tex,/home/hex/tayf/research/papers/tmp/src/2604.11098
2604.15670,done,tex,/home/hex/tayf/research/papers/tmp/src/2604.15670
2604.20543,done,tex,/home/hex/tayf/research/papers/tmp/src/2604.20543
2603.21332,done,tex,/home/hex/tayf/research/papers/tmp/src/2603.21332
2603.12903,done,pdf,/home/hex/tayf/research/papers/tmp/txt/2603.12903.txt
2604.19127,done,tex,/home/hex/tayf/research/papers/tmp/src/2604.19127
2604.22339,done,tex,/home/hex/tayf/research/papers/tmp/src/2604.22339
2604.18866,done,tex,/home/hex/tayf/research/papers/tmp/src/2604.18866
2604.15875,done,tex,/home/hex/tayf/research/papers/tmp/src/2604.15875
2604.23551,done,tex,/home/hex/tayf/research/papers/tmp/src/2604.23551
2604.04016,done,tex,/home/hex/tayf/research/papers/tmp/src/2604.04016
2604.25945,done,tex,/home/hex/tayf/research/papers/tmp/src/2604.25945
2603.25053,done,tex,/home/hex/tayf/research/papers/tmp/src/2603.25053
2604.03885,done,tex,/home/hex/tayf/research/papers/tmp/src/2604.03885
2604.25466,done,tex,/home/hex/tayf/research/papers/tmp/src/2604.25466
2604.26799,done,tex,/home/hex/tayf/research/papers/tmp/src/2604.26799
2602.17473,error,,
2604.27437,done,tex,/home/hex/tayf/research/papers/tmp/src/2604.27437
2603.28126,done,tex,/home/hex/tayf/research/papers/tmp/src/2603.28126
2602.18322,error,,
2604.23692,done,tex,/home/hex/tayf/research/papers/tmp/src/2604.23692
2604.21631,done,tex,/home/hex/tayf/research/papers/tmp/src/2604.21631
2604.26920,done,tex,/home/hex/tayf/research/papers/tmp/src/2604.26920
2605.00408,done,tex,/home/hex/tayf/research/papers/tmp/src/2605.00408
2602.20556,error,,
2602.21668,error,,
2604.26262,done,tex,/home/hex/tayf/research/papers/tmp/src/2604.26262
2605.03337,done,tex,/home/hex/tayf/research/papers/tmp/src/2605.03337
2604.13746,done,tex,/home/hex/tayf/research/papers/tmp/src/2604.13746
2605.03996,done,tex,/home/hex/tayf/research/papers/tmp/src/2605.03996
2604.04667,done,pdf,/home/hex/tayf/research/papers/tmp/txt/2604.04667.txt
2602.24096,done,pdf,/home/hex/tayf/research/papers/tmp/txt/2602.24096.txt
2604.23803,done,tex,/home/hex/tayf/research/papers/tmp/src/2604.23803
2605.07457,done,tex,/home/hex/tayf/research/papers/tmp/src/2605.07457
2605.04844,done,tex,/home/hex/tayf/research/papers/tmp/src/2605.04844
2604.22841,done,tex,/home/hex/tayf/research/papers/tmp/src/2604.22841
2603.23324,done,pdf,/home/hex/tayf/research/papers/tmp/txt/2603.23324.txt
2602.24148,error,,
2605.01234,done,tex,/home/hex/tayf/research/papers/tmp/src/2605.01234
2605.09050,done,pdf,/home/hex/tayf/research/papers/tmp/txt/2605.09050.txt
2604.13340,done,tex,/home/hex/tayf/research/papers/tmp/src/2604.13340
2603.00492,error,,
2605.08787,done,tex,/home/hex/tayf/research/papers/tmp/src/2605.08787
2605.07287,done,tex,/home/hex/tayf/research/papers/tmp/src/2605.07287
2605.09956,done,tex,/home/hex/tayf/research/papers/tmp/src/2605.09956
2604.20046,done,tex,/home/hex/tayf/research/papers/tmp/src/2604.20046
2604.02799,done,tex,/home/hex/tayf/research/papers/tmp/src/2604.02799
2605.11427,done,tex,/home/hex/tayf/research/papers/tmp/src/2605.11427
2605.02784,done,tex,/home/hex/tayf/research/papers/tmp/src/2605.02784
2605.12437,done,tex,/home/hex/tayf/research/papers/tmp/src/2605.12437
2605.00569,done,tex,/home/hex/tayf/research/papers/tmp/src/2605.00569
2605.07254,done,tex,/home/hex/tayf/research/papers/tmp/src/2605.07254
2604.19133,done,pdf,/home/hex/tayf/research/papers/tmp/txt/2604.19133.txt
2605.05876,done,tex,/home/hex/tayf/research/papers/tmp/src/2605.05876
2605.07781,done,tex,/home/hex/tayf/research/papers/tmp/src/2605.07781
2604.02696,done,pdf,/home/hex/tayf/research/papers/tmp/txt/2604.02696.txt
2605.07346,done,tex,/home/hex/tayf/research/papers/tmp/src/2605.07346
2605.13465,done,tex,/home/hex/tayf/research/papers/tmp/src/2605.13465
2605.09312,done,tex,/home/hex/tayf/research/papers/tmp/src/2605.09312
2605.09802,done,tex,/home/hex/tayf/research/papers/tmp/src/2605.09802
2605.14880,done,tex,/home/hex/tayf/research/papers/tmp/src/2605.14880
2605.00052,done,tex,/home/hex/tayf/research/papers/tmp/src/2605.00052
2605.16022,done,tex,/home/hex/tayf/research/papers/tmp/src/2605.16022
2604.27422,done,tex,/home/hex/tayf/research/papers/tmp/src/2604.27422
2605.16408,done,tex,/home/hex/tayf/research/papers/tmp/src/2605.16408
2605.09418,done,tex,/home/hex/tayf/research/papers/tmp/src/2605.09418
2605.15010,done,tex,/home/hex/tayf/research/papers/tmp/src/2605.15010
2603.08254,error,,
2605.14629,done,tex,/home/hex/tayf/research/papers/tmp/src/2605.14629
2605.18102,done,tex,/home/hex/tayf/research/papers/tmp/src/2605.18102
2604.05366,done,pdf,/home/hex/tayf/research/papers/tmp/txt/2604.05366.txt
2603.20697,done,pdf,/home/hex/tayf/research/papers/tmp/txt/2603.20697.txt
2605.13591,done,tex,/home/hex/tayf/research/papers/tmp/src/2605.13591
2605.16381,done,tex,/home/hex/tayf/research/papers/tmp/src/2605.16381
2604.14706,done,tex,/home/hex/tayf/research/papers/tmp/src/2604.14706
2605.17252,done,pdf,/home/hex/tayf/research/papers/tmp/txt/2605.17252.txt
2605.22131,done,tex,/home/hex/tayf/research/papers/tmp/src/2605.22131
2603.09277,error,,
2605.22000,done,tex,/home/hex/tayf/research/papers/tmp/src/2605.22000
2605.22190,done,tex,/home/hex/tayf/research/papers/tmp/src/2605.22190
2604.00928,done,pdf,/home/hex/tayf/research/papers/tmp/txt/2604.00928.txt
2605.17014,done,tex,/home/hex/tayf/research/papers/tmp/src/2605.17014
2603.13368,error,,
2603.14301,error,,
2603.13783,error,,
2605.23287,done,tex,/home/hex/tayf/research/papers/tmp/src/2605.23287
2604.26567,done,tex,/home/hex/tayf/research/papers/tmp/src/2604.26567
2605.22147,done,tex,/home/hex/tayf/research/papers/tmp/src/2605.22147
2605.12498,done,tex,/home/hex/tayf/research/papers/tmp/src/2605.12498
2605.22342,done,tex,/home/hex/tayf/research/papers/tmp/src/2605.22342
2603.18218,done,pdf,/home/hex/tayf/research/papers/tmp/txt/2603.18218.txt
2605.24959,done,tex,/home/hex/tayf/research/papers/tmp/src/2605.24959
2605.15760,done,tex,/home/hex/tayf/research/papers/tmp/src/2605.15760
2604.22129,done,tex,/home/hex/tayf/research/papers/tmp/src/2604.22129
2605.24639,done,tex,/home/hex/tayf/research/papers/tmp/src/2605.24639
2605.25563,done,tex,/home/hex/tayf/research/papers/tmp/src/2605.25563
2603.20714,done,pdf,/home/hex/tayf/research/papers/tmp/txt/2603.20714.txt
2605.25909,done,tex,/home/hex/tayf/research/papers/tmp/src/2605.25909
2605.25751,done,tex,/home/hex/tayf/research/papers/tmp/src/2605.25751
2605.25220,done,tex,/home/hex/tayf/research/papers/tmp/src/2605.25220
2605.24964,done,tex,/home/hex/tayf/research/papers/tmp/src/2605.24964
2603.24036,done,pdf,/home/hex/tayf/research/papers/tmp/txt/2603.24036.txt
2605.25345,done,tex,/home/hex/tayf/research/papers/tmp/src/2605.25345
2605.23064,done,tex,/home/hex/tayf/research/papers/tmp/src/2605.23064
2605.24776,done,tex,/home/hex/tayf/research/papers/tmp/src/2605.24776
2605.24304,done,tex,/home/hex/tayf/research/papers/tmp/src/2605.24304
2605.10360,done,tex,/home/hex/tayf/research/papers/tmp/src/2605.10360
2605.23555,done,tex,/home/hex/tayf/research/papers/tmp/src/2605.23555
2603.19682,error,,
2605.30268,done,tex,/home/hex/tayf/research/papers/tmp/src/2605.30268
2603.19834,error,,
2605.30863,done,tex,/home/hex/tayf/research/papers/tmp/src/2605.30863
2605.26370,done,tex,/home/hex/tayf/research/papers/tmp/src/2605.26370
2603.24078,done,pdf,/home/hex/tayf/research/papers/tmp/txt/2603.24078.txt
2605.12144,done,tex,/home/hex/tayf/research/papers/tmp/src/2605.12144
2605.31294,done,tex,/home/hex/tayf/research/papers/tmp/src/2605.31294
2603.20611,error,,
2606.00452,done,tex,/home/hex/tayf/research/papers/tmp/src/2606.00452
2606.00447,done,tex,/home/hex/tayf/research/papers/tmp/src/2606.00447
2605.08050,done,tex,/home/hex/tayf/research/papers/tmp/src/2605.08050
2605.18334,done,tex,/home/hex/tayf/research/papers/tmp/src/2605.18334
2605.22536,done,tex,/home/hex/tayf/research/papers/tmp/src/2605.22536
2605.30328,done,tex,/home/hex/tayf/research/papers/tmp/src/2605.30328
2606.00352,done,tex,/home/hex/tayf/research/papers/tmp/src/2606.00352
2605.29136,done,tex,/home/hex/tayf/research/papers/tmp/src/2605.29136
2605.26447,done,tex,/home/hex/tayf/research/papers/tmp/src/2605.26447
2603.21695,error,,
2603.20857,error,,
2605.30469,done,tex,/home/hex/tayf/research/papers/tmp/src/2605.30469
2604.24146,done,pdf,/home/hex/tayf/research/papers/tmp/txt/2604.24146.txt
2605.07192,done,tex,/home/hex/tayf/research/papers/tmp/src/2605.07192
2606.02573,done,tex,/home/hex/tayf/research/papers/tmp/src/2606.02573
2605.04435,done,tex,/home/hex/tayf/research/papers/tmp/src/2605.04435
2606.01573,done,tex,/home/hex/tayf/research/papers/tmp/src/2606.01573
2605.29549,done,tex,/home/hex/tayf/research/papers/tmp/src/2605.29549
2604.27871,done,tex,/home/hex/tayf/research/papers/tmp/src/2604.27871
2606.00137,done,tex,/home/hex/tayf/research/papers/tmp/src/2606.00137
2606.02068,done,tex,/home/hex/tayf/research/papers/tmp/src/2606.02068
2605.26629,done,tex,/home/hex/tayf/research/papers/tmp/src/2605.26629
2606.03909,done,tex,/home/hex/tayf/research/papers/tmp/src/2606.03909
2603.25058,error,,
2606.07648,done,tex,/home/hex/tayf/research/papers/tmp/src/2606.07648
2606.03877,done,tex,/home/hex/tayf/research/papers/tmp/src/2606.03877
2605.25488,done,tex,/home/hex/tayf/research/papers/tmp/src/2605.25488
2606.05491,done,tex,/home/hex/tayf/research/papers/tmp/src/2606.05491
2606.07670,done,tex,/home/hex/tayf/research/papers/tmp/src/2606.07670
2606.02346,done,tex,/home/hex/tayf/research/papers/tmp/src/2606.02346
2605.28401,done,tex,/home/hex/tayf/research/papers/tmp/src/2605.28401
2606.10786,done,pdf,/home/hex/tayf/research/papers/tmp/txt/2606.10786.txt
2606.02058,done,tex,/home/hex/tayf/research/papers/tmp/src/2606.02058
2604.13153,done,pdf,/home/hex/tayf/research/papers/tmp/txt/2604.13153.txt
2605.19949,done,tex,/home/hex/tayf/research/papers/tmp/src/2605.19949
2605.29997,done,tex,/home/hex/tayf/research/papers/tmp/src/2605.29997
2606.13655,done,tex,/home/hex/tayf/research/papers/tmp/src/2606.13655
2605.19605,done,tex,/home/hex/tayf/research/papers/tmp/src/2605.19605
2606.01608,done,tex,/home/hex/tayf/research/papers/tmp/src/2606.01608
2606.15848,done,tex,/home/hex/tayf/research/papers/tmp/src/2606.15848
2605.12919,done,tex,/home/hex/tayf/research/papers/tmp/src/2605.12919
2604.00538,error,,
2606.17212,done,tex,/home/hex/tayf/research/papers/tmp/src/2606.17212
2606.05011,done,tex,/home/hex/tayf/research/papers/tmp/src/2606.05011
2606.09034,done,tex,/home/hex/tayf/research/papers/tmp/src/2606.09034
2606.03120,done,tex,/home/hex/tayf/research/papers/tmp/src/2606.03120
2606.19718,done,tex,/home/hex/tayf/research/papers/tmp/src/2606.19718
2606.15659,done,tex,/home/hex/tayf/research/papers/tmp/src/2606.15659
2604.01204,error,,
2606.20842,done,tex,/home/hex/tayf/research/papers/tmp/src/2606.20842
2606.15967,done,tex,/home/hex/tayf/research/papers/tmp/src/2606.15967
2606.20103,done,tex,/home/hex/tayf/research/papers/tmp/src/2606.20103
2605.18263,done,tex,/home/hex/tayf/research/papers/tmp/src/2605.18263
2604.02828,done,pdf,/home/hex/tayf/research/papers/tmp/txt/2604.02828.txt
2606.22905,done,tex,/home/hex/tayf/research/papers/tmp/src/2606.22905
2606.05650,done,tex,/home/hex/tayf/research/papers/tmp/src/2606.05650
2604.16629,done,pdf,/home/hex/tayf/research/papers/tmp/txt/2604.16629.txt
2606.08912,done,pdf,/home/hex/tayf/research/papers/tmp/txt/2606.08912.txt
2604.19673,done,pdf,/home/hex/tayf/research/papers/tmp/txt/2604.19673.txt
2606.21162,done,tex,/home/hex/tayf/research/papers/tmp/src/2606.21162
2606.10656,done,tex,/home/hex/tayf/research/papers/tmp/src/2606.10656
2606.21279,done,tex,/home/hex/tayf/research/papers/tmp/src/2606.21279
2606.03499,done,tex,/home/hex/tayf/research/papers/tmp/src/2606.03499
2606.16428,done,tex,/home/hex/tayf/research/papers/tmp/src/2606.16428
2606.23688,done,tex,/home/hex/tayf/research/papers/tmp/src/2606.23688
2604.14928,done,pdf,/home/hex/tayf/research/papers/tmp/txt/2604.14928.txt
2606.25427,done,tex,/home/hex/tayf/research/papers/tmp/src/2606.25427
2606.11782,done,tex,/home/hex/tayf/research/papers/tmp/src/2606.11782
2606.07932,done,tex,/home/hex/tayf/research/papers/tmp/src/2606.07932
2606.24257,done,tex,/home/hex/tayf/research/papers/tmp/src/2606.24257
2604.14782,done,pdf,/home/hex/tayf/research/papers/tmp/txt/2604.14782.txt
2606.25681,done,tex,/home/hex/tayf/research/papers/tmp/src/2606.25681
2606.28828,done,tex,/home/hex/tayf/research/papers/tmp/src/2606.28828
2606.27864,done,tex,/home/hex/tayf/research/papers/tmp/src/2606.27864
2606.28826,done,pdf,/home/hex/tayf/research/papers/tmp/txt/2606.28826.txt
2604.07337,error,,
2604.11211,done,pdf,/home/hex/tayf/research/papers/tmp/txt/2604.11211.txt
2606.29230,done,tex,/home/hex/tayf/research/papers/tmp/src/2606.29230
2606.23027,done,tex,/home/hex/tayf/research/papers/tmp/src/2606.23027
2604.09145,error,,
2606.02935,done,tex,/home/hex/tayf/research/papers/tmp/src/2606.02935
2606.12988,done,pdf,/home/hex/tayf/research/papers/tmp/txt/2606.12988.txt
2606.11841,done,tex,/home/hex/tayf/research/papers/tmp/src/2606.11841
2606.01315,done,tex,/home/hex/tayf/research/papers/tmp/src/2606.01315
2606.29303,done,tex,/home/hex/tayf/research/papers/tmp/src/2606.29303
2606.30545,done,tex,/home/hex/tayf/research/papers/tmp/src/2606.30545
2606.31556,done,tex,/home/hex/tayf/research/papers/tmp/src/2606.31556
2607.00885,done,tex,/home/hex/tayf/research/papers/tmp/src/2607.00885
2606.20531,done,tex,/home/hex/tayf/research/papers/tmp/src/2606.20531
2607.01202,done,tex,/home/hex/tayf/research/papers/tmp/src/2607.01202
2604.12251,error,,
2606.29333,done,tex,/home/hex/tayf/research/papers/tmp/src/2606.29333
2606.25041,done,tex,/home/hex/tayf/research/papers/tmp/src/2606.25041
2606.30017,done,tex,/home/hex/tayf/research/papers/tmp/src/2606.30017
2606.29976,done,tex,/home/hex/tayf/research/papers/tmp/src/2606.29976
2606.23062,done,tex,/home/hex/tayf/research/papers/tmp/src/2606.23062
2607.01556,done,tex,/home/hex/tayf/research/papers/tmp/src/2607.01556
2605.26616,done,tex,/home/hex/tayf/research/papers/tmp/src/2605.26616
2604.13416,error,,
2607.02562,done,tex,/home/hex/tayf/research/papers/tmp/src/2607.02562
2604.15284,error,,
2607.03390,done,tex,/home/hex/tayf/research/papers/tmp/src/2607.03390
2607.01860,done,tex,/home/hex/tayf/research/papers/tmp/src/2607.01860
2607.01654,done,tex,/home/hex/tayf/research/papers/tmp/src/2607.01654
2606.26754,done,tex,/home/hex/tayf/research/papers/tmp/src/2606.26754
2607.03494,done,tex,/home/hex/tayf/research/papers/tmp/src/2607.03494
2607.01698,done,tex,/home/hex/tayf/research/papers/tmp/src/2607.01698
2604.15853,error,,
2604.15941,error,,
2607.03869,done,tex,/home/hex/tayf/research/papers/tmp/src/2607.03869
2606.19156,done,tex,/home/hex/tayf/research/papers/tmp/src/2606.19156
2607.05522,done,tex,/home/hex/tayf/research/papers/tmp/src/2607.05522
2607.05243,done,tex,/home/hex/tayf/research/papers/tmp/src/2607.05243
2606.03479,done,tex,/home/hex/tayf/research/papers/tmp/src/2606.03479
2606.23031,done,tex,/home/hex/tayf/research/papers/tmp/src/2606.23031
2607.04243,done,tex,/home/hex/tayf/research/papers/tmp/src/2607.04243
2607.05347,done,tex,/home/hex/tayf/research/papers/tmp/src/2607.05347
2201.09658,error,,
2201.08266,error,,
2604.24053,error,,
2605.10307,done,pdf,/home/hex/tayf/research/papers/tmp/txt/2605.10307.txt
2607.08808,done,tex,/home/hex/tayf/research/papers/tmp/src/2607.08808
2606.05124,done,tex,/home/hex/tayf/research/papers/tmp/src/2606.05124
2607.03875,done,tex,/home/hex/tayf/research/papers/tmp/src/2607.03875
2607.11034,done,tex,/home/hex/tayf/research/papers/tmp/src/2607.11034
2607.10489,done,tex,/home/hex/tayf/research/papers/tmp/src/2607.10489
2606.23455,done,tex,/home/hex/tayf/research/papers/tmp/src/2606.23455
2607.10995,done,tex,/home/hex/tayf/research/papers/tmp/src/2607.10995
2606.30352,done,tex,/home/hex/tayf/research/papers/tmp/src/2606.30352
2607.10237,done,tex,/home/hex/tayf/research/papers/tmp/src/2607.10237
2607.16287,done,tex,/home/hex/tayf/research/papers/tmp/src/2607.16287
2607.05906,done,tex,/home/hex/tayf/research/papers/tmp/src/2607.05906
2607.13646,done,tex,/home/hex/tayf/research/papers/tmp/src/2607.13646
2606.29374,done,tex,/home/hex/tayf/research/papers/tmp/src/2606.29374
2607.12785,done,tex,/home/hex/tayf/research/papers/tmp/src/2607.12785
2607.23023,done,tex,/home/hex/tayf/research/papers/tmp/src/2607.23023
2607.03771,done,tex,/home/hex/tayf/research/papers/tmp/src/2607.03771
2607.14990,done,tex,/home/hex/tayf/research/papers/tmp/src/2607.14990
2604.28016,error,,
2607.24403,done,tex,/home/hex/tayf/research/papers/tmp/src/2607.24403
2605.14135,done,pdf,/home/hex/tayf/research/papers/tmp/txt/2605.14135.txt
2605.00498,error,,
2607.04341,done,tex,/home/hex/tayf/research/papers/tmp/src/2607.04341
2607.26554,done,tex,/home/hex/tayf/research/papers/tmp/src/2607.26554
2605.31595,done,pdf,/home/hex/tayf/research/papers/tmp/txt/2605.31595.txt
2607.09078,done,tex,/home/hex/tayf/research/papers/tmp/src/2607.09078
2606.31839,done,tex,/home/hex/tayf/research/papers/tmp/src/2606.31839
2605.14269,done,pdf,/home/hex/tayf/research/papers/tmp/txt/2605.14269.txt
2607.13860,done,tex,/home/hex/tayf/research/papers/tmp/src/2607.13860
2607.08948,done,tex,/home/hex/tayf/research/papers/tmp/src/2607.08948
2607.22205,done,tex,/home/hex/tayf/research/papers/tmp/src/2607.22205
2202.05263,done,tex,/home/hex/tayf/research/papers/tmp/src/2202.05263
2608.10345,done,tex,/home/hex/tayf/research/papers/tmp/src/2608.10345
2608.11422,done,tex,/home/hex/tayf/research/papers/tmp/src/2608.11422
2608.04701,done,tex,/home/hex/tayf/research/papers/tmp/src/2608.04701
2608.01588,done,tex,/home/hex/tayf/research/papers/tmp/src/2608.01588
2606.16566,done,pdf,/home/hex/tayf/research/papers/tmp/txt/2606.16566.txt
2608.11645,done,tex,/home/hex/tayf/research/papers/tmp/src/2608.11645
2608.11738,done,tex,/home/hex/tayf/research/papers/tmp/src/2608.11738
2607.19100,done,tex,/home/hex/tayf/research/papers/tmp/src/2607.19100
2606.24232,done,tex,/home/hex/tayf/research/papers/tmp/src/2606.24232
2605.09279,error,,
2605.09688,error,,
2608.04722,done,tex,/home/hex/tayf/research/papers/tmp/src/2608.04722
2608.01958,done,tex,/home/hex/tayf/research/papers/tmp/src/2608.01958
2606.28820,done,tex,/home/hex/tayf/research/papers/tmp/src/2606.28820
2608.03107,done,tex,/home/hex/tayf/research/papers/tmp/src/2608.03107
2607.00959,done,tex,/home/hex/tayf/research/papers/tmp/src/2607.00959
2607.01370,done,tex,/home/hex/tayf/research/papers/tmp/src/2607.01370
2606.19874,done,pdf,/home/hex/tayf/research/papers/tmp/txt/2606.19874.txt
2605.12399,error,,
2608.11745,done,tex,/home/hex/tayf/research/papers/tmp/src/2608.11745
2605.13093,error,,
2607.02099,done,tex,/home/hex/tayf/research/papers/tmp/src/2607.02099
2606.31679,done,tex,/home/hex/tayf/research/papers/tmp/src/2606.31679
2608.05218,done,tex,/home/hex/tayf/research/papers/tmp/src/2608.05218
2605.15497,error,,
2606.02096,done,pdf,/home/hex/tayf/research/papers/tmp/txt/2606.02096.txt
2607.29633,done,tex,/home/hex/tayf/research/papers/tmp/src/2607.29633
2607.17479,done,tex,/home/hex/tayf/research/papers/tmp/src/2607.17479
2606.32036,done,tex,/home/hex/tayf/research/papers/tmp/src/2606.32036
2608.03279,done,tex,/home/hex/tayf/research/papers/tmp/src/2608.03279
2608.08874,done,tex,/home/hex/tayf/research/papers/tmp/src/2608.08874
2608.07937,done,tex,/home/hex/tayf/research/papers/tmp/src/2608.07937
2607.08250,done,tex,/home/hex/tayf/research/papers/tmp/src/2607.08250
2605.18252,error,,
2607.21448,done,tex,/home/hex/tayf/research/papers/tmp/src/2607.21448
2605.19656,error,,
2605.22069,error,,
2606.03254,done,pdf,/home/hex/tayf/research/papers/tmp/txt/2606.03254.txt
2607.26595,done,tex,/home/hex/tayf/research/papers/tmp/src/2607.26595
2606.30014,done,pdf,/home/hex/tayf/research/papers/tmp/txt/2606.30014.txt
2607.01753,done,tex,/home/hex/tayf/research/papers/tmp/src/2607.01753
2607.05598,done,tex,/home/hex/tayf/research/papers/tmp/src/2607.05598
2605.22809,error,,
2606.10753,done,pdf,/home/hex/tayf/research/papers/tmp/txt/2606.10753.txt
2606.28635,done,pdf,/home/hex/tayf/research/papers/tmp/txt/2606.28635.txt
2607.04761,done,tex,/home/hex/tayf/research/papers/tmp/src/2607.04761
2201.08266,error,,
2201.09658,error,,
2605.23672,error,,
2606.02937,done,pdf,/home/hex/tayf/research/papers/tmp/txt/2606.02937.txt
2607.03209,done,pdf,/home/hex/tayf/research/papers/tmp/txt/2607.03209.txt
2606.21244,done,pdf,/home/hex/tayf/research/papers/tmp/txt/2606.21244.txt
2607.02721,done,pdf,/home/hex/tayf/research/papers/tmp/txt/2607.02721.txt
2606.31981,done,pdf,/home/hex/tayf/research/papers/tmp/txt/2606.31981.txt
2607.01578,done,pdf,/home/hex/tayf/research/papers/tmp/txt/2607.01578.txt
2606.29400,done,pdf,/home/hex/tayf/research/papers/tmp/txt/2606.29400.txt
2607.16624,done,tex,/home/hex/tayf/research/papers/tmp/src/2607.16624
2608.00702,done,tex,/home/hex/tayf/research/papers/tmp/src/2608.00702
2607.03765,done,pdf,/home/hex/tayf/research/papers/tmp/txt/2607.03765.txt
2606.00967,done,pdf,/home/hex/tayf/research/papers/tmp/txt/2606.00967.txt
2608.05597,done,tex,/home/hex/tayf/research/papers/tmp/src/2608.05597
2606.22574,done,pdf,/home/hex/tayf/research/papers/tmp/txt/2606.22574.txt
2605.30310,done,pdf,/home/hex/tayf/research/papers/tmp/txt/2605.30310.txt
2606.19316,done,pdf,/home/hex/tayf/research/papers/tmp/txt/2606.19316.txt
2605.31419,error,,
2606.07366,done,pdf,/home/hex/tayf/research/papers/tmp/txt/2606.07366.txt
2202.01821,done,tex,/home/hex/tayf/research/papers/tmp/src/2202.01821
2606.22197,done,pdf,/home/hex/tayf/research/papers/tmp/txt/2606.22197.txt
2606.04871,done,pdf,/home/hex/tayf/research/papers/tmp/txt/2606.04871.txt
2606.23212,done,pdf,/home/hex/tayf/research/papers/tmp/txt/2606.23212.txt
2607.09125,done,pdf,/home/hex/tayf/research/papers/tmp/txt/2607.09125.txt
2202.06300,done,tex,/home/hex/tayf/research/papers/tmp/src/2202.06300
2202.06088,done,tex,/home/hex/tayf/research/papers/tmp/src/2202.06088
2204.10477,error,,
2201.08266,error,,
2201.09658,error,,
2201.06526,done,tex,/home/hex/tayf/research/papers/tmp/src/2201.06526
2211.02111,done,tex,/home/hex/tayf/research/papers/tmp/src/2211.02111
2211.16211,error,,
2211.15479,done,tex,/home/hex/tayf/research/papers/tmp/src/2211.15479
2211.11832,done,tex,/home/hex/tayf/research/papers/tmp/src/2211.11832
2209.13433,done,pdf,/home/hex/tayf/research/papers/tmp/txt/2209.13433.txt
2204.03962,done,tex,/home/hex/tayf/research/papers/tmp/src/2204.03962
2203.04463,done,pdf,/home/hex/tayf/research/papers/tmp/txt/2203.04463.txt
2210.01548,done,tex,/home/hex/tayf/research/papers/tmp/src/2210.01548
2212.06506,error,,
2212.07527,done,pdf,/home/hex/tayf/research/papers/tmp/txt/2212.07527.txt
2203.11078,done,pdf,/home/hex/tayf/research/papers/tmp/txt/2203.11078.txt
2210.06941,done,pdf,/home/hex/tayf/research/papers/tmp/txt/2210.06941.txt
2206.04645,done,pdf,/home/hex/tayf/research/papers/tmp/txt/2206.04645.txt
2301.00363,done,pdf,/home/hex/tayf/research/papers/tmp/txt/2301.00363.txt
2211.08296,done,pdf,/home/hex/tayf/research/papers/tmp/txt/2211.08296.txt
2203.01577,done,tex,/home/hex/tayf/research/papers/tmp/src/2203.01577
2301.04089,done,tex,/home/hex/tayf/research/papers/tmp/src/2301.04089
2212.01260,done,tex,/home/hex/tayf/research/papers/tmp/src/2212.01260
2211.14501,done,tex,/home/hex/tayf/research/papers/tmp/src/2211.14501
2302.05286,done,pdf,/home/hex/tayf/research/papers/tmp/txt/2302.05286.txt
2301.01118,done,pdf,/home/hex/tayf/research/papers/tmp/txt/2301.01118.txt
2301.04061,done,tex,/home/hex/tayf/research/papers/tmp/src/2301.04061
2201.06263,done,pdf,/home/hex/tayf/research/papers/tmp/txt/2201.06263.txt
2301.00593,done,tex,/home/hex/tayf/research/papers/tmp/src/2301.00593
2210.02311,done,tex,/home/hex/tayf/research/papers/tmp/src/2210.02311
2201.04127,done,tex,/home/hex/tayf/research/papers/tmp/src/2201.04127
2212.10699,done,tex,/home/hex/tayf/research/papers/tmp/src/2212.10699
2205.08659,done,tex,/home/hex/tayf/research/papers/tmp/src/2205.08659
2204.07052,done,tex,/home/hex/tayf/research/papers/tmp/src/2204.07052
2211.11903,done,tex,/home/hex/tayf/research/papers/tmp/src/2211.11903
2201.13042,done,pdf,/home/hex/tayf/research/papers/tmp/txt/2201.13042.txt
2302.13177,done,pdf,/home/hex/tayf/research/papers/tmp/txt/2302.13177.txt
2302.10970,done,tex,/home/hex/tayf/research/papers/tmp/src/2302.10970
2302.06175,done,tex,/home/hex/tayf/research/papers/tmp/src/2302.06175
2206.08428,done,tex,/home/hex/tayf/research/papers/tmp/src/2206.08428
2302.13543,done,tex,/home/hex/tayf/research/papers/tmp/src/2302.13543
2302.14554,done,tex,/home/hex/tayf/research/papers/tmp/src/2302.14554
2203.07862,done,pdf,/home/hex/tayf/research/papers/tmp/txt/2203.07862.txt
2207.14042,done,tex,/home/hex/tayf/research/papers/tmp/src/2207.14042
2209.10399,done,tex,/home/hex/tayf/research/papers/tmp/src/2209.10399
2303.15206,done,tex,/home/hex/tayf/research/papers/tmp/src/2303.15206
2304.10950,done,tex,/home/hex/tayf/research/papers/tmp/src/2304.10950
2208.08047,done,tex,/home/hex/tayf/research/papers/tmp/src/2208.08047
2304.12455,done,tex,/home/hex/tayf/research/papers/tmp/src/2304.12455
2204.02325,done,tex,/home/hex/tayf/research/papers/tmp/src/2204.02325
2305.02103,done,tex,/home/hex/tayf/research/papers/tmp/src/2305.02103
2204.13637,done,tex,/home/hex/tayf/research/papers/tmp/src/2204.13637
2212.10950,done,tex,/home/hex/tayf/research/papers/tmp/src/2212.10950
2203.13458,done,tex,/home/hex/tayf/research/papers/tmp/src/2203.13458
2305.12208,done,pdf,/home/hex/tayf/research/papers/tmp/txt/2305.12208.txt
2303.13855,done,tex,/home/hex/tayf/research/papers/tmp/src/2303.13855
2305.03625,done,tex,/home/hex/tayf/research/papers/tmp/src/2305.03625
2203.11447,done,tex,/home/hex/tayf/research/papers/tmp/src/2203.11447
2303.09952,done,tex,/home/hex/tayf/research/papers/tmp/src/2303.09952
2206.06056,done,pdf,/home/hex/tayf/research/papers/tmp/txt/2206.06056.txt
2305.13456,done,tex,/home/hex/tayf/research/papers/tmp/src/2305.13456
2305.05594,done,tex,/home/hex/tayf/research/papers/tmp/src/2305.05594
2305.13608,done,tex,/home/hex/tayf/research/papers/tmp/src/2305.13608
2306.06406,error,,
2305.17858,done,tex,/home/hex/tayf/research/papers/tmp/src/2305.17858
2303.12965,done,tex,/home/hex/tayf/research/papers/tmp/src/2303.12965
2303.10083,done,tex,/home/hex/tayf/research/papers/tmp/src/2303.10083
2306.04947,done,tex,/home/hex/tayf/research/papers/tmp/src/2306.04947
2307.03980,error,,
2303.07634,done,tex,/home/hex/tayf/research/papers/tmp/src/2303.07634
2305.14236,done,tex,/home/hex/tayf/research/papers/tmp/src/2305.14236
2301.07525,done,tex,/home/hex/tayf/research/papers/tmp/src/2301.07525
2209.05277,done,tex,/home/hex/tayf/research/papers/tmp/src/2209.05277
2211.02750,done,tex,/home/hex/tayf/research/papers/tmp/src/2211.02750
2205.14332,done,tex,/home/hex/tayf/research/papers/tmp/src/2205.14332
2307.13689,done,tex,/home/hex/tayf/research/papers/tmp/src/2307.13689
2308.03682,done,tex,/home/hex/tayf/research/papers/tmp/src/2308.03682
2308.01531,done,pdf,/home/hex/tayf/research/papers/tmp/txt/2308.01531.txt
2307.08489,done,tex,/home/hex/tayf/research/papers/tmp/src/2307.08489
2303.04508,done,tex,/home/hex/tayf/research/papers/tmp/src/2303.04508
2308.07032,done,tex,/home/hex/tayf/research/papers/tmp/src/2308.07032
2305.14467,done,tex,/home/hex/tayf/research/papers/tmp/src/2305.14467
2308.13174,done,pdf,/home/hex/tayf/research/papers/tmp/txt/2308.13174.txt
2303.05807,done,tex,/home/hex/tayf/research/papers/tmp/src/2303.05807
2309.02254,done,pdf,/home/hex/tayf/research/papers/tmp/txt/2309.02254.txt
2201.11192,done,pdf,/home/hex/tayf/research/papers/tmp/txt/2201.11192.txt
2202.07320,done,pdf,/home/hex/tayf/research/papers/tmp/txt/2202.07320.txt
2206.04901,done,pdf,/home/hex/tayf/research/papers/tmp/txt/2206.04901.txt
2306.16928,done,tex,/home/hex/tayf/research/papers/tmp/src/2306.16928
2306.10006,done,tex,/home/hex/tayf/research/papers/tmp/src/2306.10006
2201.07559,done,pdf,/home/hex/tayf/research/papers/tmp/txt/2201.07559.txt
2309.15625,done,tex,/home/hex/tayf/research/papers/tmp/src/2309.15625
2306.14490,done,tex,/home/hex/tayf/research/papers/tmp/src/2306.14490
2309.02777,done,tex,/home/hex/tayf/research/papers/tmp/src/2309.02777
2204.09967,done,pdf,/home/hex/tayf/research/papers/tmp/txt/2204.09967.txt
2310.01410,done,tex,/home/hex/tayf/research/papers/tmp/src/2310.01410
2309.16375,done,tex,/home/hex/tayf/research/papers/tmp/src/2309.16375
2303.15047,done,pdf,/home/hex/tayf/research/papers/tmp/txt/2303.15047.txt
2202.10322,done,pdf,/home/hex/tayf/research/papers/tmp/txt/2202.10322.txt
2309.17162,done,tex,/home/hex/tayf/research/papers/tmp/src/2309.17162
2308.06853,done,tex,/home/hex/tayf/research/papers/tmp/src/2308.06853
2306.06842,done,tex,/home/hex/tayf/research/papers/tmp/src/2306.06842
2308.04079,done,tex,/home/hex/tayf/research/papers/tmp/src/2308.04079
2203.07973,done,pdf,/home/hex/tayf/research/papers/tmp/txt/2203.07973.txt
2310.11448,done,tex,/home/hex/tayf/research/papers/tmp/src/2310.11448
2306.04988,done,tex,/home/hex/tayf/research/papers/tmp/src/2306.04988
2310.13876,done,tex,/home/hex/tayf/research/papers/tmp/src/2310.13876
2307.16177,done,tex,/home/hex/tayf/research/papers/tmp/src/2307.16177
2310.18173,error,,
2309.10336,done,tex,/home/hex/tayf/research/papers/tmp/src/2309.10336
2208.10738,done,pdf,/home/hex/tayf/research/papers/tmp/txt/2208.10738.txt
2205.09779,done,pdf,/home/hex/tayf/research/papers/tmp/txt/2205.09779.txt
2309.01855,done,tex,/home/hex/tayf/research/papers/tmp/src/2309.01855
2311.06066,done,tex,/home/hex/tayf/research/papers/tmp/src/2311.06066
2311.07301,done,tex,/home/hex/tayf/research/papers/tmp/src/2311.07301
2303.15880,done,pdf,/home/hex/tayf/research/papers/tmp/txt/2303.15880.txt
2212.02501,done,pdf,/home/hex/tayf/research/papers/tmp/txt/2212.02501.txt
2311.07981,done,tex,/home/hex/tayf/research/papers/tmp/src/2311.07981
2310.13336,done,tex,/home/hex/tayf/research/papers/tmp/src/2310.13336
2207.02431,done,pdf,/home/hex/tayf/research/papers/tmp/txt/2207.02431.txt
2308.02840,done,tex,/home/hex/tayf/research/papers/tmp/src/2308.02840
2311.16037,done,tex,/home/hex/tayf/research/papers/tmp/src/2311.16037
2210.01447,done,pdf,/home/hex/tayf/research/papers/tmp/txt/2210.01447.txt
2304.10537,done,pdf,/home/hex/tayf/research/papers/tmp/txt/2304.10537.txt
2212.01368,done,pdf,/home/hex/tayf/research/papers/tmp/txt/2212.01368.txt
2311.16945,done,tex,/home/hex/tayf/research/papers/tmp/src/2311.16945
2305.12381,done,pdf,/home/hex/tayf/research/papers/tmp/txt/2305.12381.txt
2311.17089,done,tex,/home/hex/tayf/research/papers/tmp/src/2311.17089
2312.02121,done,tex,/home/hex/tayf/research/papers/tmp/src/2312.02121
2312.00283,done,tex,/home/hex/tayf/research/papers/tmp/src/2312.00283
2309.16808,done,tex,/home/hex/tayf/research/papers/tmp/src/2309.16808
2310.06275,done,tex,/home/hex/tayf/research/papers/tmp/src/2310.06275
2203.09088,done,pdf,/home/hex/tayf/research/papers/tmp/txt/2203.09088.txt
2312.02963,done,tex,/home/hex/tayf/research/papers/tmp/src/2312.02963
2206.03380,done,pdf,/home/hex/tayf/research/papers/tmp/txt/2206.03380.txt
2312.02232,done,tex,/home/hex/tayf/research/papers/tmp/src/2312.02232
2210.13041,error,,
2209.10507,error,,
2202.08418,error,,
2208.05751,error,,
2203.01913,error,,
2205.11948,error,,
2207.00974,error,,
2203.09957,error,,
2208.10607,error,,
2209.02564,error,,
2210.16776,error,,
2206.14938,error,,
2209.10529,error,,
2207.05736,error,,
2211.00166,error,,
2206.08368,error,,
2311.13385,done,tex,/home/hex/tayf/research/papers/tmp/src/2311.13385
2211.15788,error,,
2303.09431,done,pdf,/home/hex/tayf/research/papers/tmp/txt/2303.09431.txt
2212.03237,error,,
2212.01331,error,,
2401.03890,done,tex,/home/hex/tayf/research/papers/tmp/src/2401.03890
2312.03794,done,tex,/home/hex/tayf/research/papers/tmp/src/2312.03794
2312.15219,done,tex,/home/hex/tayf/research/papers/tmp/src/2312.15219
2312.12801,done,pdf,/home/hex/tayf/research/papers/tmp/txt/2312.12801.txt
2311.11592,done,tex,/home/hex/tayf/research/papers/tmp/src/2311.11592
2303.07418,done,pdf,/home/hex/tayf/research/papers/tmp/txt/2303.07418.txt
2301.06782,error,,
2301.05211,error,,
2401.14756,done,tex,/home/hex/tayf/research/papers/tmp/src/2401.14756
2301.09460,error,,
2311.09806,done,tex,/home/hex/tayf/research/papers/tmp/src/2311.09806
2308.16894,done,pdf,/home/hex/tayf/research/papers/tmp/txt/2308.16894.txt
2312.05804,error,,
2402.06245,done,pdf,/home/hex/tayf/research/papers/tmp/txt/2402.06245.txt
2312.04651,done,tex,/home/hex/tayf/research/papers/tmp/src/2312.04651
2303.04086,done,pdf,/home/hex/tayf/research/papers/tmp/txt/2303.04086.txt
2402.13827,error,,
2311.09221,done,tex,/home/hex/tayf/research/papers/tmp/src/2311.09221
2403.02736,done,tex,/home/hex/tayf/research/papers/tmp/src/2403.02736
2302.08504,error,,
2310.05483,done,pdf,/home/hex/tayf/research/papers/tmp/txt/2310.05483.txt
2402.15971,done,tex,/home/hex/tayf/research/papers/tmp/src/2402.15971
2403.09025,done,tex,/home/hex/tayf/research/papers/tmp/src/2403.09025
2312.14239,done,tex,/home/hex/tayf/research/papers/tmp/src/2312.14239
2310.16383,done,tex,/home/hex/tayf/research/papers/tmp/src/2310.16383
2403.11447,done,tex,/home/hex/tayf/research/papers/tmp/src/2403.11447
2308.01854,done,pdf,/home/hex/tayf/research/papers/tmp/txt/2308.01854.txt
2401.14661,done,tex,/home/hex/tayf/research/papers/tmp/src/2401.14661
2403.15932,done,tex,/home/hex/tayf/research/papers/tmp/src/2403.15932
2311.18159,done,tex,/home/hex/tayf/research/papers/tmp/src/2311.18159
2402.05773,done,tex,/home/hex/tayf/research/papers/tmp/src/2402.05773
2401.12900,done,tex,/home/hex/tayf/research/papers/tmp/src/2401.12900
2401.12592,done,tex,/home/hex/tayf/research/papers/tmp/src/2401.12592
2401.02436,done,tex,/home/hex/tayf/research/papers/tmp/src/2401.02436
2312.04654,done,tex,/home/hex/tayf/research/papers/tmp/src/2312.04654
2305.09623,done,pdf,/home/hex/tayf/research/papers/tmp/txt/2305.09623.txt
2404.01790,done,tex,/home/hex/tayf/research/papers/tmp/src/2404.01790
2402.04554,done,tex,/home/hex/tayf/research/papers/tmp/src/2402.04554
2310.20057,done,pdf,/home/hex/tayf/research/papers/tmp/txt/2310.20057.txt
2309.16561,done,pdf,/home/hex/tayf/research/papers/tmp/txt/2309.16561.txt
2401.06762,done,tex,/home/hex/tayf/research/papers/tmp/src/2401.06762
2404.08449,error,,
2404.04140,done,tex,/home/hex/tayf/research/papers/tmp/src/2404.04140
2404.00409,done,tex,/home/hex/tayf/research/papers/tmp/src/2404.00409
2305.02242,error,,
2404.08544,done,tex,/home/hex/tayf/research/papers/tmp/src/2404.08544
2403.11812,done,tex,/home/hex/tayf/research/papers/tmp/src/2403.11812
2404.10318,done,tex,/home/hex/tayf/research/papers/tmp/src/2404.10318
2305.13353,error,,
2404.04687,done,tex,/home/hex/tayf/research/papers/tmp/src/2404.04687
2305.19201,error,,
2312.07560,done,pdf,/home/hex/tayf/research/papers/tmp/txt/2312.07560.txt
2403.20159,done,tex,/home/hex/tayf/research/papers/tmp/src/2403.20159
2404.13437,done,tex,/home/hex/tayf/research/papers/tmp/src/2404.13437
2403.16964,done,tex,/home/hex/tayf/research/papers/tmp/src/2403.16964
2311.13168,done,pdf,/home/hex/tayf/research/papers/tmp/txt/2311.13168.txt
2404.12089,done,tex,/home/hex/tayf/research/papers/tmp/src/2404.12089
2307.07125,error,,
2403.11453,done,tex,/home/hex/tayf/research/papers/tmp/src/2403.11453
2403.11131,done,tex,/home/hex/tayf/research/papers/tmp/src/2403.11131
2310.02687,done,pdf,/home/hex/tayf/research/papers/tmp/txt/2310.02687.txt
2403.16095,done,tex,/home/hex/tayf/research/papers/tmp/src/2403.16095
2403.10166,done,tex,/home/hex/tayf/research/papers/tmp/src/2403.10166
2308.14152,error,,
2405.00900,done,tex,/home/hex/tayf/research/papers/tmp/src/2405.00900
2403.20153,done,tex,/home/hex/tayf/research/papers/tmp/src/2403.20153
2404.18458,done,pdf,/home/hex/tayf/research/papers/tmp/txt/2404.18458.txt
2402.03723,done,tex,/home/hex/tayf/research/papers/tmp/src/2402.03723
2312.09076,done,pdf,/home/hex/tayf/research/papers/tmp/txt/2312.09076.txt
2309.10684,error,,
2309.11009,error,,
2404.16012,done,tex,/home/hex/tayf/research/papers/tmp/src/2404.16012
2405.15477,done,tex,/home/hex/tayf/research/papers/tmp/src/2405.15477
2309.16912,error,,
2403.17537,done,tex,/home/hex/tayf/research/papers/tmp/src/2403.17537
2310.08585,done,pdf,/home/hex/tayf/research/papers/tmp/txt/2310.08585.txt
2404.13679,done,tex,/home/hex/tayf/research/papers/tmp/src/2404.13679
2310.05524,error,,
2311.16493,done,pdf,/home/hex/tayf/research/papers/tmp/txt/2311.16493.txt
2405.11021,done,tex,/home/hex/tayf/research/papers/tmp/src/2405.11021
2310.07449,error,,
2310.10642,error,,
2404.00674,done,tex,/home/hex/tayf/research/papers/tmp/src/2404.00674
2405.12806,done,tex,/home/hex/tayf/research/papers/tmp/src/2405.12806
2404.04579,done,tex,/home/hex/tayf/research/papers/tmp/src/2404.04579
2310.13030,error,,
2405.12218,done,tex,/home/hex/tayf/research/papers/tmp/src/2405.12218
2406.00996,done,tex,/home/hex/tayf/research/papers/tmp/src/2406.00996
2405.20201,done,tex,/home/hex/tayf/research/papers/tmp/src/2405.20201
2406.04961,done,tex,/home/hex/tayf/research/papers/tmp/src/2406.04961
2405.17793,done,tex,/home/hex/tayf/research/papers/tmp/src/2405.17793
2311.06455,error,,
2406.01597,done,tex,/home/hex/tayf/research/papers/tmp/src/2406.01597
2405.20693,done,tex,/home/hex/tayf/research/papers/tmp/src/2405.20693
2406.02895,done,pdf,/home/hex/tayf/research/papers/tmp/txt/2406.02895.txt
2406.14585,done,pdf,/home/hex/tayf/research/papers/tmp/txt/2406.14585.txt
2406.15456,done,pdf,/home/hex/tayf/research/papers/tmp/txt/2406.15456.txt
2406.19247,done,tex,/home/hex/tayf/research/papers/tmp/src/2406.19247
2405.12369,done,tex,/home/hex/tayf/research/papers/tmp/src/2405.12369
2311.11252,error,,
2312.00778,done,pdf,/home/hex/tayf/research/papers/tmp/txt/2312.00778.txt
2312.07389,done,pdf,/home/hex/tayf/research/papers/tmp/txt/2312.07389.txt
2407.00669,done,tex,/home/hex/tayf/research/papers/tmp/src/2407.00669
2401.00834,done,pdf,/home/hex/tayf/research/papers/tmp/txt/2401.00834.txt
2406.00885,done,tex,/home/hex/tayf/research/papers/tmp/src/2406.00885
2312.00846,done,pdf,/home/hex/tayf/research/papers/tmp/txt/2312.00846.txt
2405.00676,done,tex,/home/hex/tayf/research/papers/tmp/src/2405.00676
2312.04548,done,pdf,/home/hex/tayf/research/papers/tmp/txt/2312.04548.txt
2404.19110,done,tex,/home/hex/tayf/research/papers/tmp/src/2404.19110
2407.05687,done,tex,/home/hex/tayf/research/papers/tmp/src/2407.05687
2405.18213,done,tex,/home/hex/tayf/research/papers/tmp/src/2405.18213
2312.03420,done,pdf,/home/hex/tayf/research/papers/tmp/txt/2312.03420.txt
2407.11743,done,tex,/home/hex/tayf/research/papers/tmp/src/2407.11743
2407.12667,done,tex,/home/hex/tayf/research/papers/tmp/src/2407.12667
2312.05283,done,pdf,/home/hex/tayf/research/papers/tmp/txt/2312.05283.txt
2404.10625,done,pdf,/home/hex/tayf/research/papers/tmp/txt/2404.10625.txt
2407.19184,error,,
2407.12661,done,tex,/home/hex/tayf/research/papers/tmp/src/2407.12661
2404.18439,done,pdf,/home/hex/tayf/research/papers/tmp/txt/2404.18439.txt
2312.02350,error,,
2405.13694,done,tex,/home/hex/tayf/research/papers/tmp/src/2405.13694
2312.02981,error,,
2406.08894,done,tex,/home/hex/tayf/research/papers/tmp/src/2406.08894
2408.00967,done,tex,/home/hex/tayf/research/papers/tmp/src/2408.00967
2408.06975,done,tex,/home/hex/tayf/research/papers/tmp/src/2408.06975
2401.01339,done,pdf,/home/hex/tayf/research/papers/tmp/txt/2401.01339.txt
2405.01699,done,pdf,/home/hex/tayf/research/papers/tmp/txt/2405.01699.txt
2407.07532,done,tex,/home/hex/tayf/research/papers/tmp/src/2407.07532
2406.06028,done,tex,/home/hex/tayf/research/papers/tmp/src/2406.06028
2408.10041,error,,
2406.13896,done,tex,/home/hex/tayf/research/papers/tmp/src/2406.13896
2405.00620,done,pdf,/home/hex/tayf/research/papers/tmp/txt/2405.00620.txt
2312.14664,error,,
2312.07504,error,,
2312.13150,error,,
2312.15059,error,,
2405.04489,done,pdf,/home/hex/tayf/research/papers/tmp/txt/2405.04489.txt
2408.15816,done,tex,/home/hex/tayf/research/papers/tmp/src/2408.15816
2405.16570,done,tex,/home/hex/tayf/research/papers/tmp/src/2405.16570
2401.06614,error,,
2401.05583,error,,
2401.11711,error,,
2401.12979,error,,
2405.16795,done,pdf,/home/hex/tayf/research/papers/tmp/txt/2405.16795.txt
2409.05310,done,tex,/home/hex/tayf/research/papers/tmp/src/2409.05310
2407.13038,done,tex,/home/hex/tayf/research/papers/tmp/src/2407.13038
2405.16909,done,tex,/home/hex/tayf/research/papers/tmp/src/2405.16909
2409.06765,done,tex,/home/hex/tayf/research/papers/tmp/src/2409.06765
2409.07555,done,pdf,/home/hex/tayf/research/papers/tmp/txt/2409.07555.txt
2402.01217,error,,
2402.00525,error,,
2402.03307,error,,
2402.07916,error,,
2402.10259,error,,
2402.12522,error,,
2408.07595,done,tex,/home/hex/tayf/research/papers/tmp/src/2408.07595
2403.05154,error,,
2409.14019,done,tex,/home/hex/tayf/research/papers/tmp/src/2409.14019
2409.17522,done,pdf,/home/hex/tayf/research/papers/tmp/txt/2409.17522.txt
2407.10482,done,tex,/home/hex/tayf/research/papers/tmp/src/2407.10482
2408.14400,done,tex,/home/hex/tayf/research/papers/tmp/src/2408.14400
2410.00469,done,tex,/home/hex/tayf/research/papers/tmp/src/2410.00469
2403.11324,error,,
2408.06543,done,tex,/home/hex/tayf/research/papers/tmp/src/2408.06543
2405.20224,done,pdf,/home/hex/tayf/research/papers/tmp/txt/2405.20224.txt
2409.01876,done,tex,/home/hex/tayf/research/papers/tmp/src/2409.01876
2406.06527,done,tex,/home/hex/tayf/research/papers/tmp/src/2406.06527
2403.15704,error,,
2408.07836,done,tex,/home/hex/tayf/research/papers/tmp/src/2408.07836
2409.08278,done,tex,/home/hex/tayf/research/papers/tmp/src/2409.08278
2407.16875,done,tex,/home/hex/tayf/research/papers/tmp/src/2407.16875
2410.07971,done,tex,/home/hex/tayf/research/papers/tmp/src/2410.07971
2410.11477,done,tex,/home/hex/tayf/research/papers/tmp/src/2410.11477
2407.12306,done,tex,/home/hex/tayf/research/papers/tmp/src/2407.12306
2409.10272,done,tex,/home/hex/tayf/research/papers/tmp/src/2409.10272
2409.10141,done,tex,/home/hex/tayf/research/papers/tmp/src/2409.10141
2410.11741,done,tex,/home/hex/tayf/research/papers/tmp/src/2410.11741
2410.08941,done,tex,/home/hex/tayf/research/papers/tmp/src/2410.08941
2404.05220,error,,
2410.13862,done,tex,/home/hex/tayf/research/papers/tmp/src/2410.13862
2404.09412,error,,
2409.07200,done,tex,/home/hex/tayf/research/papers/tmp/src/2409.07200
2404.11285,done,pdf,/home/hex/tayf/research/papers/tmp/txt/2404.11285.txt
2404.10772,error,,
2411.01512,done,tex,/home/hex/tayf/research/papers/tmp/src/2411.01512
2404.12379,error,,
2410.20789,done,pdf,/home/hex/tayf/research/papers/tmp/txt/2410.20789.txt
2411.04610,done,pdf,/home/hex/tayf/research/papers/tmp/txt/2411.04610.txt
2410.09862,done,tex,/home/hex/tayf/research/papers/tmp/src/2410.09862
2408.08524,done,tex,/home/hex/tayf/research/papers/tmp/src/2408.08524
2404.12547,error,,
2405.14815,done,pdf,/home/hex/tayf/research/papers/tmp/txt/2405.14815.txt
2410.16266,done,tex,/home/hex/tayf/research/papers/tmp/src/2410.16266
2404.18929,error,,
2410.01804,done,tex,/home/hex/tayf/research/papers/tmp/src/2410.01804
2411.15497,done,tex,/home/hex/tayf/research/papers/tmp/src/2411.15497
2404.19398,error,,
2410.20593,done,tex,/home/hex/tayf/research/papers/tmp/src/2410.20593
2410.05717,done,tex,/home/hex/tayf/research/papers/tmp/src/2410.05717
2405.14871,done,pdf,/home/hex/tayf/research/papers/tmp/txt/2405.14871.txt
2411.11921,done,tex,/home/hex/tayf/research/papers/tmp/src/2411.11921
2408.15708,done,tex,/home/hex/tayf/research/papers/tmp/src/2408.15708
2408.13922,done,tex,/home/hex/tayf/research/papers/tmp/src/2408.13922
2411.18473,done,tex,/home/hex/tayf/research/papers/tmp/src/2411.18473
2410.13663,done,tex,/home/hex/tayf/research/papers/tmp/src/2410.13663
2405.09544,error,,
2407.03205,done,pdf,/home/hex/tayf/research/papers/tmp/txt/2407.03205.txt
2411.15723,done,tex,/home/hex/tayf/research/papers/tmp/src/2411.15723
2412.01717,done,tex,/home/hex/tayf/research/papers/tmp/src/2412.01717
2412.02421,done,tex,/home/hex/tayf/research/papers/tmp/src/2412.02421
2408.05350,done,pdf,/home/hex/tayf/research/papers/tmp/txt/2408.05350.txt
2412.00477,done,tex,/home/hex/tayf/research/papers/tmp/src/2412.00477
2411.15966,done,tex,/home/hex/tayf/research/papers/tmp/src/2411.15966
2410.13349,done,tex,/home/hex/tayf/research/papers/tmp/src/2410.13349
2407.01767,done,pdf,/home/hex/tayf/research/papers/tmp/txt/2407.01767.txt
2409.08353,done,pdf,/home/hex/tayf/research/papers/tmp/txt/2409.08353.txt
2412.05394,done,tex,/home/hex/tayf/research/papers/tmp/src/2412.05394
2408.16342,error,,
2411.16392,done,tex,/home/hex/tayf/research/papers/tmp/src/2411.16392
2411.19942,done,tex,/home/hex/tayf/research/papers/tmp/src/2411.19942
2410.14189,done,tex,/home/hex/tayf/research/papers/tmp/src/2410.14189
2412.01402,done,tex,/home/hex/tayf/research/papers/tmp/src/2412.01402
2406.00440,error,,
2412.16108,done,pdf,/home/hex/tayf/research/papers/tmp/txt/2412.16108.txt
2407.07284,done,pdf,/home/hex/tayf/research/papers/tmp/txt/2407.07284.txt
2412.11688,done,pdf,/home/hex/tayf/research/papers/tmp/txt/2412.11688.txt
2412.07944,done,tex,/home/hex/tayf/research/papers/tmp/src/2412.07944
2410.07421,done,pdf,/home/hex/tayf/research/papers/tmp/txt/2410.07421.txt
2411.18068,done,tex,/home/hex/tayf/research/papers/tmp/src/2411.18068
2412.20927,done,tex,/home/hex/tayf/research/papers/tmp/src/2412.20927
2412.09680,done,tex,/home/hex/tayf/research/papers/tmp/src/2412.09680
2412.03910,done,tex,/home/hex/tayf/research/papers/tmp/src/2412.03910
2501.05173,done,tex,/home/hex/tayf/research/papers/tmp/src/2501.05173
2412.20693,done,pdf,/home/hex/tayf/research/papers/tmp/txt/2412.20693.txt
2406.07329,error,,
2409.15176,done,pdf,/home/hex/tayf/research/papers/tmp/txt/2409.15176.txt
2411.12471,done,tex,/home/hex/tayf/research/papers/tmp/src/2411.12471
2412.02684,done,tex,/home/hex/tayf/research/papers/tmp/src/2412.02684
2406.10078,error,,
2407.09386,done,pdf,/home/hex/tayf/research/papers/tmp/txt/2407.09386.txt
2409.18852,done,pdf,/home/hex/tayf/research/papers/tmp/txt/2409.18852.txt
2412.06767,done,tex,/home/hex/tayf/research/papers/tmp/src/2412.06767
2501.10283,done,tex,/home/hex/tayf/research/papers/tmp/src/2501.10283
2410.14261,error,,
2406.16623,error,,
2410.14083,done,pdf,/home/hex/tayf/research/papers/tmp/txt/2410.14083.txt
2409.15689,done,pdf,/home/hex/tayf/research/papers/tmp/txt/2409.15689.txt
2501.11029,done,pdf,/home/hex/tayf/research/papers/tmp/txt/2501.11029.txt
2407.04545,error,,
2501.08370,done,tex,/home/hex/tayf/research/papers/tmp/src/2501.08370
2502.01552,done,pdf,/home/hex/tayf/research/papers/tmp/txt/2502.01552.txt
2409.06259,done,pdf,/home/hex/tayf/research/papers/tmp/txt/2409.06259.txt
2407.11394,error,,
2410.19762,done,pdf,/home/hex/tayf/research/papers/tmp/txt/2410.19762.txt
2501.01677,done,tex,/home/hex/tayf/research/papers/tmp/src/2501.01677
2501.05717,done,tex,/home/hex/tayf/research/papers/tmp/src/2501.05717
2501.07478,done,tex,/home/hex/tayf/research/papers/tmp/src/2501.07478
2502.10492,done,tex,/home/hex/tayf/research/papers/tmp/src/2502.10492
2501.12637,done,tex,/home/hex/tayf/research/papers/tmp/src/2501.12637
2502.02283,done,tex,/home/hex/tayf/research/papers/tmp/src/2502.02283
2412.03077,done,tex,/home/hex/tayf/research/papers/tmp/src/2412.03077
2502.17656,done,pdf,/home/hex/tayf/research/papers/tmp/txt/2502.17656.txt
2502.13023,done,tex,/home/hex/tayf/research/papers/tmp/src/2502.13023
2409.14067,done,pdf,/home/hex/tayf/research/papers/tmp/txt/2409.14067.txt
2407.13185,error,,
2412.17612,done,tex,/home/hex/tayf/research/papers/tmp/src/2412.17612
2407.13764,error,,
2407.20868,error,,
2408.00254,error,,
2503.00881,done,tex,/home/hex/tayf/research/papers/tmp/src/2503.00881
2503.01774,done,tex,/home/hex/tayf/research/papers/tmp/src/2503.01774
2408.04474,error,,
2409.16685,done,pdf,/home/hex/tayf/research/papers/tmp/txt/2409.16685.txt
2501.08072,done,tex,/home/hex/tayf/research/papers/tmp/src/2501.08072
2410.07266,done,pdf,/home/hex/tayf/research/papers/tmp/txt/2410.07266.txt
2408.08645,error,,
2501.06431,done,tex,/home/hex/tayf/research/papers/tmp/src/2501.06431
2408.08766,error,,
2408.10831,error,,
2408.11085,error,,
2411.18066,done,pdf,/home/hex/tayf/research/papers/tmp/txt/2411.18066.txt
2408.14724,error,,
2408.16544,error,,
2408.16760,error,,
2412.17574,done,tex,/home/hex/tayf/research/papers/tmp/src/2412.17574
2409.05868,error,,
2502.17883,done,tex,/home/hex/tayf/research/papers/tmp/src/2502.17883
2409.06685,error,,
2502.06519,done,tex,/home/hex/tayf/research/papers/tmp/src/2502.06519
2503.12001,error,,
2412.15539,done,tex,/home/hex/tayf/research/papers/tmp/src/2412.15539
2503.06677,done,tex,/home/hex/tayf/research/papers/tmp/src/2503.06677
2501.15099,done,tex,/home/hex/tayf/research/papers/tmp/src/2501.15099
2501.02913,done,tex,/home/hex/tayf/research/papers/tmp/src/2501.02913
2409.15132,error,,
2503.16059,done,tex,/home/hex/tayf/research/papers/tmp/src/2503.16059
2501.17978,done,tex,/home/hex/tayf/research/papers/tmp/src/2501.17978
2503.06744,done,tex,/home/hex/tayf/research/papers/tmp/src/2503.06744
2503.18682,done,tex,/home/hex/tayf/research/papers/tmp/src/2503.18682
2503.18361,done,tex,/home/hex/tayf/research/papers/tmp/src/2503.18361
2411.01853,done,pdf,/home/hex/tayf/research/papers/tmp/txt/2411.01853.txt
2410.00630,error,,
2410.01226,error,,
2411.00169,done,pdf,/home/hex/tayf/research/papers/tmp/txt/2411.00169.txt
2503.02009,done,tex,/home/hex/tayf/research/papers/tmp/src/2503.02009
2503.19753,error,,
2503.21712,done,tex,/home/hex/tayf/research/papers/tmp/src/2503.21712
2410.13607,error,,
2412.02493,done,pdf,/home/hex/tayf/research/papers/tmp/txt/2412.02493.txt
2503.22324,error,,
2503.16776,done,tex,/home/hex/tayf/research/papers/tmp/src/2503.16776
2503.19175,done,tex,/home/hex/tayf/research/papers/tmp/src/2503.19175
2502.08352,done,tex,/home/hex/tayf/research/papers/tmp/src/2502.08352
2503.09557,done,tex,/home/hex/tayf/research/papers/tmp/src/2503.09557
2411.15779,done,pdf,/home/hex/tayf/research/papers/tmp/txt/2411.15779.txt
2503.14698,done,tex,/home/hex/tayf/research/papers/tmp/src/2503.14698
2503.10170,done,tex,/home/hex/tayf/research/papers/tmp/src/2503.10170
2503.01715,done,tex,/home/hex/tayf/research/papers/tmp/src/2503.01715
2503.12836,done,tex,/home/hex/tayf/research/papers/tmp/src/2503.12836
2502.00435,done,pdf,/home/hex/tayf/research/papers/tmp/txt/2502.00435.txt
2504.04844,done,tex,/home/hex/tayf/research/papers/tmp/src/2504.04844
2503.12165,done,tex,/home/hex/tayf/research/papers/tmp/src/2503.12165
2504.07744,done,tex,/home/hex/tayf/research/papers/tmp/src/2504.07744
2411.02479,error,,
2501.11102,done,pdf,/home/hex/tayf/research/papers/tmp/txt/2501.11102.txt
2411.13620,done,pdf,/home/hex/tayf/research/papers/tmp/txt/2411.13620.txt
2412.03011,done,pdf,/home/hex/tayf/research/papers/tmp/txt/2412.03011.txt
2411.12440,error,,
2503.00068,done,tex,/home/hex/tayf/research/papers/tmp/src/2503.00068
2502.14129,done,pdf,/home/hex/tayf/research/papers/tmp/txt/2502.14129.txt
2503.08093,done,tex,/home/hex/tayf/research/papers/tmp/src/2503.08093
2504.19165,done,tex,/home/hex/tayf/research/papers/tmp/src/2504.19165
2504.10486,done,tex,/home/hex/tayf/research/papers/tmp/src/2504.10486
2504.09048,done,tex,/home/hex/tayf/research/papers/tmp/src/2504.09048
2411.16898,done,pdf,/home/hex/tayf/research/papers/tmp/txt/2411.16898.txt
2502.19800,done,pdf,/home/hex/tayf/research/papers/tmp/txt/2502.19800.txt
2503.21438,done,tex,/home/hex/tayf/research/papers/tmp/src/2503.21438
2503.01199,done,pdf,/home/hex/tayf/research/papers/tmp/txt/2503.01199.txt
2502.16680,done,pdf,/home/hex/tayf/research/papers/tmp/txt/2502.16680.txt
2411.18613,error,,
2411.19756,error,,
2411.18966,error,,
2505.23158,done,tex,/home/hex/tayf/research/papers/tmp/src/2505.23158
2503.23719,done,pdf,/home/hex/tayf/research/papers/tmp/txt/2503.23719.txt
2503.14274,done,tex,/home/hex/tayf/research/papers/tmp/src/2503.14274
2412.01718,error,,
2501.12060,done,pdf,/home/hex/tayf/research/papers/tmp/txt/2501.12060.txt
2503.14475,done,tex,/home/hex/tayf/research/papers/tmp/src/2503.14475
2504.03415,done,tex,/home/hex/tayf/research/papers/tmp/src/2504.03415
2503.09342,done,pdf,/home/hex/tayf/research/papers/tmp/txt/2503.09342.txt
2503.07476,done,pdf,/home/hex/tayf/research/papers/tmp/txt/2503.07476.txt
2503.22159,done,tex,/home/hex/tayf/research/papers/tmp/src/2503.22159
2412.04459,error,,
2504.04271,done,tex,/home/hex/tayf/research/papers/tmp/src/2504.04271
2504.16557,done,tex,/home/hex/tayf/research/papers/tmp/src/2504.16557
2504.18468,done,tex,/home/hex/tayf/research/papers/tmp/src/2504.18468
2412.09982,done,pdf,/home/hex/tayf/research/papers/tmp/txt/2412.09982.txt
2505.10473,done,tex,/home/hex/tayf/research/papers/tmp/src/2505.10473
2505.08438,done,tex,/home/hex/tayf/research/papers/tmp/src/2505.08438
2505.19175,done,tex,/home/hex/tayf/research/papers/tmp/src/2505.19175
2504.21067,done,tex,/home/hex/tayf/research/papers/tmp/src/2504.21067
2504.16606,done,tex,/home/hex/tayf/research/papers/tmp/src/2504.16606
2504.01989,done,tex,/home/hex/tayf/research/papers/tmp/src/2504.01989
2412.12734,error,,
2508.03017,error,,
2503.20199,done,pdf,/home/hex/tayf/research/papers/tmp/txt/2503.20199.txt
2503.22225,done,tex,/home/hex/tayf/research/papers/tmp/src/2503.22225
2412.16619,error,,
2506.18601,done,tex,/home/hex/tayf/research/papers/tmp/src/2506.18601
2412.17812,error,,
2506.11252,done,tex,/home/hex/tayf/research/papers/tmp/src/2506.11252
2501.06488,error,,
2505.00421,done,tex,/home/hex/tayf/research/papers/tmp/src/2505.00421
2506.07080,done,tex,/home/hex/tayf/research/papers/tmp/src/2506.07080
2503.22218,done,pdf,/home/hex/tayf/research/papers/tmp/txt/2503.22218.txt
2501.18630,error,,
2509.00800,done,tex,/home/hex/tayf/research/papers/tmp/src/2509.00800
2505.22344,done,tex,/home/hex/tayf/research/papers/tmp/src/2505.22344
2503.18458,done,pdf,/home/hex/tayf/research/papers/tmp/txt/2503.18458.txt
2507.15602,done,tex,/home/hex/tayf/research/papers/tmp/src/2507.15602
2502.05176,error,,
2507.23704,done,tex,/home/hex/tayf/research/papers/tmp/src/2507.23704
2507.18023,done,tex,/home/hex/tayf/research/papers/tmp/src/2507.18023
2502.09111,error,,
2506.20875,done,tex,/home/hex/tayf/research/papers/tmp/src/2506.20875
2503.00260,error,,
2503.01448,error,,
2503.06118,error,,
2503.05196,error,,
2503.06161,error,,
2510.03874,done,tex,/home/hex/tayf/research/papers/tmp/src/2510.03874
2509.17864,done,tex,/home/hex/tayf/research/papers/tmp/src/2509.17864
2503.06587,error,,
2504.01732,done,pdf,/home/hex/tayf/research/papers/tmp/txt/2504.01732.txt
2503.06762,error,,
2504.03886,done,pdf,/home/hex/tayf/research/papers/tmp/txt/2504.03886.txt
2503.09040,error,,
2503.09464,error,,
2511.05229,done,tex,/home/hex/tayf/research/papers/tmp/src/2511.05229
2508.05187,done,pdf,/home/hex/tayf/research/papers/tmp/txt/2508.05187.txt
2503.12052,error,,
2503.13176,error,,
2503.13710,error,,
2508.09239,done,tex,/home/hex/tayf/research/papers/tmp/src/2508.09239
2509.05075,done,tex,/home/hex/tayf/research/papers/tmp/src/2509.05075
2508.17811,done,tex,/home/hex/tayf/research/papers/tmp/src/2508.17811
2503.15671,error,,
2509.19259,done,tex,/home/hex/tayf/research/papers/tmp/src/2509.19259
2503.15996,error,,
2507.15454,done,tex,/home/hex/tayf/research/papers/tmp/src/2507.15454
2507.23162,done,tex,/home/hex/tayf/research/papers/tmp/src/2507.23162
2512.08334,error,,
2503.18725,error,,
2511.22939,done,tex,/home/hex/tayf/research/papers/tmp/src/2511.22939
2504.04679,done,pdf,/home/hex/tayf/research/papers/tmp/txt/2504.04679.txt
2503.19232,error,,
2509.01469,done,tex,/home/hex/tayf/research/papers/tmp/src/2509.01469
2509.18924,done,tex,/home/hex/tayf/research/papers/tmp/src/2509.18924
2509.11003,done,tex,/home/hex/tayf/research/papers/tmp/src/2509.11003
2510.09880,done,tex,/home/hex/tayf/research/papers/tmp/src/2510.09880
2510.26117,done,tex,/home/hex/tayf/research/papers/tmp/src/2510.26117
2506.05558,done,pdf,/home/hex/tayf/research/papers/tmp/txt/2506.05558.txt
2510.09489,done,tex,/home/hex/tayf/research/papers/tmp/src/2510.09489
2506.09997,done,pdf,/home/hex/tayf/research/papers/tmp/txt/2506.09997.txt
2503.23200,error,,
2510.10691,done,tex,/home/hex/tayf/research/papers/tmp/src/2510.10691
2510.20027,done,tex,/home/hex/tayf/research/papers/tmp/src/2510.20027
2512.11356,done,tex,/home/hex/tayf/research/papers/tmp/src/2512.11356
2504.06598,error,,
2512.03210,done,tex,/home/hex/tayf/research/papers/tmp/src/2512.03210
2602.18322,done,tex,/home/hex/tayf/research/papers/tmp/src/2602.18322
2602.20556,done,tex,/home/hex/tayf/research/papers/tmp/src/2602.20556
2512.09162,done,tex,/home/hex/tayf/research/papers/tmp/src/2512.09162
2504.14548,error,,
2507.02674,done,pdf,/home/hex/tayf/research/papers/tmp/txt/2507.02674.txt
2504.17728,error,,
2511.14540,done,tex,/home/hex/tayf/research/papers/tmp/src/2511.14540
2602.21668,done,tex,/home/hex/tayf/research/papers/tmp/src/2602.21668
2505.05672,error,,
2505.05475,error,,
2505.06582,error,,
2506.03119,done,pdf,/home/hex/tayf/research/papers/tmp/txt/2506.03119.txt
2511.11175,done,tex,/home/hex/tayf/research/papers/tmp/src/2511.11175
2512.07381,done,tex,/home/hex/tayf/research/papers/tmp/src/2512.07381
2505.21335,error,,
2601.16736,done,tex,/home/hex/tayf/research/papers/tmp/src/2601.16736
2604.02941,error,,
2603.13368,done,tex,/home/hex/tayf/research/papers/tmp/src/2603.13368
2506.02794,error,,
2506.04789,error,,
2603.08254,done,tex,/home/hex/tayf/research/papers/tmp/src/2603.08254
2506.07069,error,,
2512.07480,done,tex,/home/hex/tayf/research/papers/tmp/src/2512.07480
2601.17835,done,tex,/home/hex/tayf/research/papers/tmp/src/2601.17835
2604.00538,done,tex,/home/hex/tayf/research/papers/tmp/src/2604.00538
2506.18792,error,,
2506.20998,error,,
2604.07337,done,tex,/home/hex/tayf/research/papers/tmp/src/2604.07337
2507.06103,error,,
2507.02803,error,,
2507.07519,error,,
2507.08434,error,,
2507.12667,error,,
2604.15284,done,tex,/home/hex/tayf/research/papers/tmp/src/2604.15284
2507.17336,error,,
2511.03004,done,pdf,/home/hex/tayf/research/papers/tmp/txt/2511.03004.txt
2508.04929,error,,
2508.04966,error,,
2603.19682,done,tex,/home/hex/tayf/research/papers/tmp/src/2603.19682
2508.15500,error,,
2605.09688,done,tex,/home/hex/tayf/research/papers/tmp/src/2605.09688
2508.18389,error,,
2603.14301,done,tex,/home/hex/tayf/research/papers/tmp/src/2603.14301
2508.19243,error,,
2602.17473,done,tex,/home/hex/tayf/research/papers/tmp/src/2602.17473
2604.09145,done,tex,/home/hex/tayf/research/papers/tmp/src/2604.09145
2509.07809,error,,
2509.07493,error,,
2601.20835,done,pdf,/home/hex/tayf/research/papers/tmp/txt/2601.20835.txt
2603.21695,done,tex,/home/hex/tayf/research/papers/tmp/src/2603.21695
2509.09235,error,,
2604.01204,done,tex,/home/hex/tayf/research/papers/tmp/src/2604.01204
2604.28016,done,tex,/home/hex/tayf/research/papers/tmp/src/2604.28016
2509.09792,error,,
2511.22553,done,pdf,/home/hex/tayf/research/papers/tmp/txt/2511.22553.txt
2601.14821,done,pdf,/home/hex/tayf/research/papers/tmp/txt/2601.14821.txt
2509.15548,error,,
2510.15072,done,pdf,/home/hex/tayf/research/papers/tmp/txt/2510.15072.txt
2603.25058,done,tex,/home/hex/tayf/research/papers/tmp/src/2603.25058
2605.18252,done,tex,/home/hex/tayf/research/papers/tmp/src/2605.18252
2509.23258,error,,
2604.15941,done,tex,/home/hex/tayf/research/papers/tmp/src/2604.15941
2509.23555,error,,
2605.23672,done,tex,/home/hex/tayf/research/papers/tmp/src/2605.23672
2510.12308,error,,
2510.19210,error,,
2605.13093,done,tex,/home/hex/tayf/research/papers/tmp/src/2605.13093
2510.19653,error,,
2603.19834,done,pdf,/home/hex/tayf/research/papers/tmp/txt/2603.19834.txt
2605.00498,done,tex,/home/hex/tayf/research/papers/tmp/src/2605.00498
2602.00148,done,pdf,/home/hex/tayf/research/papers/tmp/txt/2602.00148.txt
2601.07540,done,pdf,/home/hex/tayf/research/papers/tmp/txt/2601.07540.txt
2601.00939,done,pdf,/home/hex/tayf/research/papers/tmp/txt/2601.00939.txt
2605.12399,done,tex,/home/hex/tayf/research/papers/tmp/src/2605.12399
2512.04542,done,pdf,/home/hex/tayf/research/papers/tmp/txt/2512.04542.txt
2603.09277,done,pdf,/home/hex/tayf/research/papers/tmp/txt/2603.09277.txt
2604.12251,done,pdf,/home/hex/tayf/research/papers/tmp/txt/2604.12251.txt
2603.20857,done,pdf,/home/hex/tayf/research/papers/tmp/txt/2603.20857.txt
2512.04076,done,pdf,/home/hex/tayf/research/papers/tmp/txt/2512.04076.txt
2511.17322,done,pdf,/home/hex/tayf/research/papers/tmp/txt/2511.17322.txt
2601.01847,done,pdf,/home/hex/tayf/research/papers/tmp/txt/2601.01847.txt
2511.17747,done,pdf,/home/hex/tayf/research/papers/tmp/txt/2511.17747.txt
2604.15853,done,pdf,/home/hex/tayf/research/papers/tmp/txt/2604.15853.txt
2603.20611,done,pdf,/home/hex/tayf/research/papers/tmp/txt/2603.20611.txt
2604.13416,done,pdf,/home/hex/tayf/research/papers/tmp/txt/2604.13416.txt
2512.06818,error,,
2602.24148,done,pdf,/home/hex/tayf/research/papers/tmp/txt/2602.24148.txt
2601.06285,done,pdf,/home/hex/tayf/research/papers/tmp/txt/2601.06285.txt
2605.09279,done,pdf,/home/hex/tayf/research/papers/tmp/txt/2605.09279.txt
2605.15497,done,pdf,/home/hex/tayf/research/papers/tmp/txt/2605.15497.txt
2601.20857,done,pdf,/home/hex/tayf/research/papers/tmp/txt/2601.20857.txt
2601.02103,error,,
2601.10200,error,,
2601.17350,error,,
2603.13783,done,pdf,/home/hex/tayf/research/papers/tmp/txt/2603.13783.txt
2604.24053,done,pdf,/home/hex/tayf/research/papers/tmp/txt/2604.24053.txt
2603.00492,done,pdf,/home/hex/tayf/research/papers/tmp/txt/2603.00492.txt
